{"mean":{"confidence_interval":{"confidence_level":0.95,"lower_bound":5373943.53754902,"upper_bound":5432269.6408288395},"point_estimate":5403146.344820262,"standard_error":14890.8729317368},"median":{"confidence_interval":{"confidence_level":0.95,"lower_bound":5356566.705882353,"upper_bound":5433947.94117647},"point_estimate":5407558.146078432,"standard_error":20018.59913827709},"median_abs_dev":{"confidence_interval":{"confidence_level":0.95,"lower_bound":2555.74071933144,"upper_bound":93043.4687703548},"point_estimate":39779.7188688656,"standard_error":21965.584026372242},"slope":{"confidence_interval":{"confidence_level":0.95,"lower_bound":5401639.189065918,"upper_bound":5464258.002034909},"point_estimate":5435074.470893812,"standard_error":16787.34563698787},"std_dev":{"confidence_interval":{"confidence_level":0.95,"lower_bound":27696.02973793202,"upper_bound":63842.346661040574},"point_estimate":49600.41908511041,"standard_error":9357.22178996548}}