{"mean":{"confidence_interval":{"confidence_level":0.95,"lower_bound":-0.06938304446756537,"upper_bound":-0.04728883086753478},"point_estimate":-0.05882418755660568,"standard_error":0.005638141506582368},"median":{"confidence_interval":{"confidence_level":0.95,"lower_bound":-0.07601946086759914,"upper_bound":-0.044390092856863794},"point_estimate":-0.05981404927500522,"standard_error":0.008337839339428188}}