{"mean":{"confidence_interval":{"confidence_level":0.95,"lower_bound":-0.18638615534430708,"upper_bound":-0.15515744218065672},"point_estimate":-0.17068215229690642,"standard_error":0.007993020954647457},"median":{"confidence_interval":{"confidence_level":0.95,"lower_bound":-0.19083143260640167,"upper_bound":-0.144090157268274},"point_estimate":-0.1780942416515039,"standard_error":0.011766566748339343}}