{"mean":{"confidence_interval":{"confidence_level":0.95,"lower_bound":-0.2824985263534767,"upper_bound":-0.26060839148760656},"point_estimate":-0.27168692180347165,"standard_error":0.005585573404800427},"median":{"confidence_interval":{"confidence_level":0.95,"lower_bound":-0.28778998407005574,"upper_bound":-0.2560676444939006},"point_estimate":-0.27191919213437543,"standard_error":0.008101453186214308}}