{"mean":{"confidence_interval":{"confidence_level":0.95,"lower_bound":-0.10782710208397875,"upper_bound":-0.07510574334053333},"point_estimate":-0.09191565659700329,"standard_error":0.008391647038874286},"median":{"confidence_interval":{"confidence_level":0.95,"lower_bound":-0.11278435540107135,"upper_bound":-0.06297126170102751},"point_estimate":-0.10106741398936137,"standard_error":0.012575273925432702}}