{"mean":{"confidence_interval":{"confidence_level":0.95,"lower_bound":0.08289529528796662,"upper_bound":0.09908497722246208},"point_estimate":0.09027618977312613,"standard_error":0.004158974675440898},"median":{"confidence_interval":{"confidence_level":0.95,"lower_bound":0.07658088318966616,"upper_bound":0.09108289216707388},"point_estimate":0.08438379382485928,"standard_error":0.0036376415164400206}}