{"mean":{"confidence_interval":{"confidence_level":0.95,"lower_bound":-0.3617145026065236,"upper_bound":-0.3529764057118863},"point_estimate":-0.3572855294276094,"standard_error":0.002236023665839112},"median":{"confidence_interval":{"confidence_level":0.95,"lower_bound":-0.36452332675082677,"upper_bound":-0.35100334814644507},"point_estimate":-0.3574188148980729,"standard_error":0.0036100011005329754}}