{"mean":{"confidence_interval":{"confidence_level":0.95,"lower_bound":0.0018314442948025758,"upper_bound":0.008879925119812043},"point_estimate":0.0053386614819666,"standard_error":0.0018097125856757132},"median":{"confidence_interval":{"confidence_level":0.95,"lower_bound":-0.0003788061726444081,"upper_bound":0.007748657871495368},"point_estimate":0.0038952783213199726,"standard_error":0.0021395475467645393}}