{"mean":{"confidence_interval":{"confidence_level":0.95,"lower_bound":2149306667.935,"upper_bound":2153332048.6075},"point_estimate":2151355427.9,"standard_error":1028956.4500721346},"median":{"confidence_interval":{"confidence_level":0.95,"lower_bound":2148797742.5,"upper_bound":2153560814.0},"point_estimate":2151782902.5,"standard_error":1269814.4221177949},"median_abs_dev":{"confidence_interval":{"confidence_level":0.95,"lower_bound":651815.4415279627,"upper_bound":5624538.037544489},"point_estimate":3064621.61899209,"standard_error":1331657.018083589},"slope":null,"std_dev":{"confidence_interval":{"confidence_level":0.95,"lower_bound":1776653.8952774066,"upper_bound":4382331.793090315},"point_estimate":3427372.8520787023,"standard_error":658133.9669592747}}