{"mean":{"confidence_interval":{"confidence_level":0.95,"lower_bound":2163160957.3,"upper_bound":2166489317.19},"point_estimate":2164881656.3,"standard_error":856121.8311080055},"median":{"confidence_interval":{"confidence_level":0.95,"lower_bound":2162432155.0,"upper_bound":2167513008.0},"point_estimate":2165635632.5,"standard_error":1203677.7813749271},"median_abs_dev":{"confidence_interval":{"confidence_level":0.95,"lower_bound":165490.0329619646,"upper_bound":5102388.565814495},"point_estimate":3323339.020898938,"standard_error":1168891.6082026921},"slope":null,"std_dev":{"confidence_interval":{"confidence_level":0.95,"lower_bound":1576545.3763698405,"upper_bound":3511859.1477020336},"point_estimate":2855050.746405747,"standard_error":491940.81730770145}}