{"mean":{"confidence_interval":{"confidence_level":0.95,"lower_bound":2197686554.2,"upper_bound":2210779751.2},"point_estimate":2202885464.0,"standard_error":3546903.653461233},"median":{"confidence_interval":{"confidence_level":0.95,"lower_bound":2196164803.0,"upper_bound":2203626056.0},"point_estimate":2200356027.5,"standard_error":2298281.5826554387},"median_abs_dev":{"confidence_interval":{"confidence_level":0.95,"lower_bound":480734.5240652561,"upper_bound":9286942.483323812},"point_estimate":5729669.201678038,"standard_error":2193474.5939489235},"slope":null,"std_dev":{"confidence_interval":{"confidence_level":0.95,"lower_bound":2716232.719272239,"upper_bound":17968238.09994561},"point_estimate":11845929.917559862,"standard_error":5131601.340833358}}