{"mean":{"confidence_interval":{"confidence_level":0.95,"lower_bound":16860586.928121693,"upper_bound":16894090.87294345},"point_estimate":16875898.591223545,"standard_error":8625.440729758342},"median":{"confidence_interval":{"confidence_level":0.95,"lower_bound":16853733.411111113,"upper_bound":16891385.390046295},"point_estimate":16871888.26190476,"standard_error":8843.161235844007},"median_abs_dev":{"confidence_interval":{"confidence_level":0.95,"lower_bound":5210.772146378913,"upper_bound":44222.127164902144},"point_estimate":20458.892413446807,"standard_error":10035.474595007887},"slope":{"confidence_interval":{"confidence_level":0.95,"lower_bound":16859114.917694405,"upper_bound":16894317.814078774},"point_estimate":16874929.874025974,"standard_error":9080.962510609592},"std_dev":{"confidence_interval":{"confidence_level":0.95,"lower_bound":11568.79858932269,"upper_bound":39012.768165900765},"point_estimate":28754.957717216872,"standard_error":7584.520957796472}}