{"mean":{"confidence_interval":{"confidence_level":0.95,"lower_bound":17575122.27572917,"upper_bound":17645054.701760415},"point_estimate":17610329.53486111,"standard_error":17902.772027822175},"median":{"confidence_interval":{"confidence_level":0.95,"lower_bound":17578140.708333336,"upper_bound":17658917.979166664},"point_estimate":17599703.805555556,"standard_error":17737.89886631484},"median_abs_dev":{"confidence_interval":{"confidence_level":0.95,"lower_bound":2577.963366737524,"upper_bound":102193.88648569399},"point_estimate":46367.38549264781,"standard_error":27008.743320652287},"slope":{"confidence_interval":{"confidence_level":0.95,"lower_bound":17600967.47624719,"upper_bound":17656331.34043442},"point_estimate":17626270.842424244,"standard_error":13885.982133815443},"std_dev":{"confidence_interval":{"confidence_level":0.95,"lower_bound":26876.723944256435,"upper_bound":79345.00323103734},"point_estimate":59600.791928831495,"standard_error":13186.398049096866}}