{"mean":{"confidence_interval":{"confidence_level":0.95,"lower_bound":-0.014799855559944317,"upper_bound":-0.012754761047880142},"point_estimate":-0.013731996581126116,"standard_error":0.0005173075297376596},"median":{"confidence_interval":{"confidence_level":0.95,"lower_bound":-0.014160279904425588,"upper_bound":-0.013313415556911679},"point_estimate":-0.013796561836009524,"standard_error":0.00021055510387849494}}