{"mean":{"confidence_interval":{"confidence_level":0.95,"lower_bound":0.009846621043022752,"upper_bound":0.01160830329571359},"point_estimate":0.010754053379778528,"standard_error":0.00044835920152208077},"median":{"confidence_interval":{"confidence_level":0.95,"lower_bound":0.010811380319309949,"upper_bound":0.011740044689081186},"point_estimate":0.011286652708267786,"standard_error":0.00023363114878357215}}