{"mean":{"confidence_interval":{"confidence_level":0.95,"lower_bound":-0.22854842926219515,"upper_bound":-0.22686667545915218},"point_estimate":-0.22767267485579934,"standard_error":0.00042683214963249876},"median":{"confidence_interval":{"confidence_level":0.95,"lower_bound":-0.2277471503532862,"upper_bound":-0.2273121817385756},"point_estimate":-0.22753342432110246,"standard_error":0.00010960238128642474}}