{"mean":{"confidence_interval":{"confidence_level":0.95,"lower_bound":-0.036590190331838496,"upper_bound":-0.01756385757320948},"point_estimate":-0.026549855904937636,"standard_error":0.004857042437315286},"median":{"confidence_interval":{"confidence_level":0.95,"lower_bound":-0.07469837944766655,"upper_bound":0.02380729723661057},"point_estimate":-0.0606819622867143,"standard_error":0.04312678096755654}}