{"mean":{"confidence_interval":{"confidence_level":0.95,"lower_bound":-0.002982473314007278,"upper_bound":-0.001480589833700388},"point_estimate":-0.002153544690730036,"standard_error":0.00038742280879072055},"median":{"confidence_interval":{"confidence_level":0.95,"lower_bound":-0.0020501425781715987,"upper_bound":-0.00097429574192609},"point_estimate":-0.0015549194530208865,"standard_error":0.00028497953242489214}}