{"mean":{"confidence_interval":{"confidence_level":0.95,"lower_bound":1224526.7799162965,"upper_bound":1238289.908232275},"point_estimate":1231521.7998026456,"standard_error":3534.118228639695},"median":{"confidence_interval":{"confidence_level":0.95,"lower_bound":1222825.5786666668,"upper_bound":1242212.175277778},"point_estimate":1231530.2071428574,"standard_error":6319.684996522817},"median_abs_dev":{"confidence_interval":{"confidence_level":0.95,"lower_bound":2299.800889570391,"upper_bound":20126.308762686444},"point_estimate":13784.896290469127,"standard_error":4779.3905167796775},"slope":{"confidence_interval":{"confidence_level":0.95,"lower_bound":1228967.872997905,"upper_bound":1242687.1278733804},"point_estimate":1237775.0744935065,"standard_error":3438.0373291634255},"std_dev":{"confidence_interval":{"confidence_level":0.95,"lower_bound":7462.167274200162,"upper_bound":14352.113753762447},"point_estimate":11754.297481522974,"standard_error":1805.1731338448155}}