{"mean":{"confidence_interval":{"confidence_level":0.95,"lower_bound":1290212.8401068915,"upper_bound":1295576.027223298},"point_estimate":1293279.3727850437,"standard_error":1396.9699095984847},"median":{"confidence_interval":{"confidence_level":0.95,"lower_bound":1291507.6431924882,"upper_bound":1296250.877598927},"point_estimate":1294591.5732394366,"standard_error":1493.300818830295},"median_abs_dev":{"confidence_interval":{"confidence_level":0.95,"lower_bound":298.2868467113445,"upper_bound":5861.117493303551},"point_estimate":2660.3487674524936,"standard_error":1402.6829629351516},"slope":{"confidence_interval":{"confidence_level":0.95,"lower_bound":1293512.4743093597,"upper_bound":1296459.8882248395},"point_estimate":1295397.4693616242,"standard_error":751.9872710300958},"std_dev":{"confidence_interval":{"confidence_level":0.95,"lower_bound":1672.9782651718037,"upper_bound":6766.020499945025},"point_estimate":4653.209748323253,"standard_error":1588.321888520264}}