{"mean":{"confidence_interval":{"confidence_level":0.95,"lower_bound":1304252.817201087,"upper_bound":1316248.6634889294},"point_estimate":1309513.0251127216,"standard_error":3101.503648491129},"median":{"confidence_interval":{"confidence_level":0.95,"lower_bound":1302280.5,"upper_bound":1313835.3264492755},"point_estimate":1307677.361111111,"standard_error":2833.098167062596},"median_abs_dev":{"confidence_interval":{"confidence_level":0.95,"lower_bound":1040.168625253106,"upper_bound":13438.91644546963},"point_estimate":7070.0274619213305,"standard_error":3189.7889055461596},"slope":{"confidence_interval":{"confidence_level":0.95,"lower_bound":1302081.6737910507,"upper_bound":1308366.4754974209},"point_estimate":1304216.1202710334,"standard_error":1617.944207699857},"std_dev":{"confidence_interval":{"confidence_level":0.95,"lower_bound":3581.615873884594,"upper_bound":14620.341976943882},"point_estimate":10294.185318045511,"standard_error":3220.778513403426}}