{"mean":{"confidence_interval":{"confidence_level":0.95,"lower_bound":1271739.5441946373,"upper_bound":1276705.3755555556},"point_estimate":1274464.6864197531,"standard_error":1267.2538633757874},"median":{"confidence_interval":{"confidence_level":0.95,"lower_bound":1273566.5200617283,"upper_bound":1276665.9126157407},"point_estimate":1274685.4027777778,"standard_error":855.3763710824318},"median_abs_dev":{"confidence_interval":{"confidence_level":0.95,"lower_bound":303.0976021420794,"upper_bound":5432.679872532257},"point_estimate":1734.4655100636294,"standard_error":1246.342332907246},"slope":{"confidence_interval":{"confidence_level":0.95,"lower_bound":1273821.5985712288,"upper_bound":1275287.7563185503},"point_estimate":1274375.434090909,"standard_error":373.49259955509507},"std_dev":{"confidence_interval":{"confidence_level":0.95,"lower_bound":1119.4008122460866,"upper_bound":6111.0595593596},"point_estimate":4212.719771292741,"standard_error":1377.7978937936477}}