{"mean":{"confidence_interval":{"confidence_level":0.95,"lower_bound":1328044.173006536,"upper_bound":1345377.7688154764},"point_estimate":1336128.342474323,"standard_error":4467.547857444642},"median":{"confidence_interval":{"confidence_level":0.95,"lower_bound":1325417.955882353,"upper_bound":1346108.706372549},"point_estimate":1333449.6544117648,"standard_error":4229.699764017982},"median_abs_dev":{"confidence_interval":{"confidence_level":0.95,"lower_bound":2441.4409825380317,"upper_bound":24555.09572337364},"point_estimate":10287.357862951003,"standard_error":5814.0618703302},"slope":{"confidence_interval":{"confidence_level":0.95,"lower_bound":1328518.831550802,"upper_bound":1350915.7968787516},"point_estimate":1337662.6099312452,"standard_error":5729.661156955292},"std_dev":{"confidence_interval":{"confidence_level":0.95,"lower_bound":5987.153653968561,"upper_bound":19609.949761033076},"point_estimate":14960.604111624232,"standard_error":3542.513499279234}}