{"mean":{"confidence_interval":{"confidence_level":0.95,"lower_bound":11739.704069350313,"upper_bound":11782.707790098499},"point_estimate":11755.379498642438,"standard_error":12.46431094886653},"median":{"confidence_interval":{"confidence_level":0.95,"lower_bound":11737.835294117647,"upper_bound":11745.879176470587},"point_estimate":11742.212673010381,"standard_error":2.0040144831549975},"median_abs_dev":{"confidence_interval":{"confidence_level":0.95,"lower_bound":10.796018610341427,"upper_bound":17.649192948028976},"point_estimate":13.253430622244412,"standard_error":1.759192070340726},"slope":{"confidence_interval":{"confidence_level":0.95,"lower_bound":11742.545855673527,"upper_bound":11839.273977693654},"point_estimate":11775.013301471676,"standard_error":27.873834674189485},"std_dev":{"confidence_interval":{"confidence_level":0.95,"lower_bound":18.002794134077043,"upper_bound":212.6372566337766},"point_estimate":125.17309003626877,"standard_error":68.00559099225605}}