{"mean":{"confidence_interval":{"confidence_level":0.95,"lower_bound":12092.358921751922,"upper_bound":12190.514208710116},"point_estimate":12135.392766959965,"standard_error":24.59138345797973},"median":{"confidence_interval":{"confidence_level":0.95,"lower_bound":12084.861149825783,"upper_bound":12094.857918476446},"point_estimate":12089.82862779258,"standard_error":2.8441063865287153},"median_abs_dev":{"confidence_interval":{"confidence_level":0.95,"lower_bound":11.623359634348791,"upper_bound":18.07482449029118},"point_estimate":14.25116073191831,"standard_error":1.6786193340198305},"slope":{"confidence_interval":{"confidence_level":0.95,"lower_bound":12095.81037431803,"upper_bound":12266.122583011425},"point_estimate":12164.982246555199,"standard_error":45.409012559807536},"std_dev":{"confidence_interval":{"confidence_level":0.95,"lower_bound":21.083155270178906,"upper_bound":365.3722441928778},"point_estimate":248.40404328725216,"standard_error":78.06203157139377}}