{"mean":{"confidence_interval":{"confidence_level":0.95,"lower_bound":0.052823911685895626,"upper_bound":0.057442714244987876},"point_estimate":0.05471192875985964,"standard_error":0.0012262914672464458},"median":{"confidence_interval":{"confidence_level":0.95,"lower_bound":0.053629510246025136,"upper_bound":0.05462971552167084},"point_estimate":0.05412617527745933,"standard_error":0.0002484745805846155}}