{"mean":{"confidence_interval":{"confidence_level":0.95,"lower_bound":0.013271340906186518,"upper_bound":0.014691961144197884},"point_estimate":0.014015470086211623,"standard_error":0.0003679700677771605},"median":{"confidence_interval":{"confidence_level":0.95,"lower_bound":0.013746118242373928,"upper_bound":0.014778300017917356},"point_estimate":0.014244478510231584,"standard_error":0.00025788000208650864}}