{"mean":{"confidence_interval":{"confidence_level":0.95,"lower_bound":0.02117407771407263,"upper_bound":0.02345403081287278},"point_estimate":0.022076457675739514,"standard_error":0.0006108653796153392},"median":{"confidence_interval":{"confidence_level":0.95,"lower_bound":0.020812021776894785,"upper_bound":0.021619692524441403},"point_estimate":0.021216947707682676,"standard_error":0.00021344024042637932}}