{"mean":{"confidence_interval":{"confidence_level":0.95,"lower_bound":0.0026130603929977623,"upper_bound":0.004901956389355089},"point_estimate":0.0038230858148642355,"standard_error":0.0005841786509158851},"median":{"confidence_interval":{"confidence_level":0.95,"lower_bound":0.002558891417078657,"upper_bound":0.004442306518751105},"point_estimate":0.0034518789908730696,"standard_error":0.0004589284355425687}}