{"mean":{"confidence_interval":{"confidence_level":0.95,"lower_bound":-0.016001843605810504,"upper_bound":-0.014746217857924992},"point_estimate":-0.015319873430747255,"standard_error":0.00032019889760970645},"median":{"confidence_interval":{"confidence_level":0.95,"lower_bound":-0.015430730768227763,"upper_bound":-0.014705205067343852},"point_estimate":-0.014933314609582582,"standard_error":0.00020612410408018516}}