{"mean":{"confidence_interval":{"confidence_level":0.95,"lower_bound":-0.006405832590253753,"upper_bound":0.0028665523812890737},"point_estimate":-0.0016635457872707926,"standard_error":0.002323948040726911},"median":{"confidence_interval":{"confidence_level":0.95,"lower_bound":-0.0026736668681736292,"upper_bound":-0.0014772256358088764},"point_estimate":-0.0021300146684640753,"standard_error":0.00030094146202913597}}