{"mean":{"confidence_interval":{"confidence_level":0.95,"lower_bound":30859544.531,"upper_bound":33675337.04325},"point_estimate":31845441.6,"standard_error":866613.1160109646},"median":{"confidence_interval":{"confidence_level":0.95,"lower_bound":30903662.0,"upper_bound":31208174.0},"point_estimate":31075335.5,"standard_error":85230.55341125981},"median_abs_dev":{"confidence_interval":{"confidence_level":0.95,"lower_bound":580647.9926439375,"upper_bound":1047758.5904985666},"point_estimate":844374.784809351,"standard_error":112475.59857631802},"slope":null,"std_dev":{"confidence_interval":{"confidence_level":0.95,"lower_bound":738344.9650131817,"upper_bound":14834064.401036648},"point_estimate":8667391.2133795,"standard_error":5077349.415802667}}