{"mean":{"confidence_interval":{"confidence_level":0.95,"lower_bound":54539652.692,"upper_bound":55609224.599999994},"point_estimate":55058605.68,"standard_error":273837.7740074091},"median":{"confidence_interval":{"confidence_level":0.95,"lower_bound":53918202.0,"upper_bound":54572950.0},"point_estimate":54250299.0,"standard_error":165521.03206674565},"median_abs_dev":{"confidence_interval":{"confidence_level":0.95,"lower_bound":1139613.8131678104,"upper_bound":2580788.0903318524},"point_estimate":1668661.8225753307,"standard_error":369614.16737726814},"slope":null,"std_dev":{"confidence_interval":{"confidence_level":0.95,"lower_bound":2250866.7098264643,"upper_bound":3170621.9492181004},"point_estimate":2745842.8036195133,"standard_error":234048.31204761166}}