{"mean":{"confidence_interval":{"confidence_level":0.95,"lower_bound":30768032.32375,"upper_bound":31113934.283499997},"point_estimate":30941323.88,"standard_error":88034.16659172451},"median":{"confidence_interval":{"confidence_level":0.95,"lower_bound":30849729.0,"upper_bound":31229480.0},"point_estimate":31050872.0,"standard_error":88627.51287943678},"median_abs_dev":{"confidence_interval":{"confidence_level":0.95,"lower_bound":638550.6195634604,"upper_bound":1158459.141433239},"point_estimate":910920.5433279276,"standard_error":131441.65998320293},"slope":null,"std_dev":{"confidence_interval":{"confidence_level":0.95,"lower_bound":768420.5562935768,"upper_bound":986777.3440728597},"point_estimate":884429.1078449418,"standard_error":55587.71848210726}}