{"mean":{"confidence_interval":{"confidence_level":0.95,"lower_bound":34162137.795250006,"upper_bound":35098868.998500004},"point_estimate":34620164.62,"standard_error":238898.29426076615},"median":{"confidence_interval":{"confidence_level":0.95,"lower_bound":34146704.0,"upper_bound":35097850.0},"point_estimate":34592828.0,"standard_error":210725.89932260415},"median_abs_dev":{"confidence_interval":{"confidence_level":0.95,"lower_bound":1521217.255192995,"upper_bound":2782485.809201002},"point_estimate":2232026.0909736156,"standard_error":348039.94988206774},"slope":null,"std_dev":{"confidence_interval":{"confidence_level":0.95,"lower_bound":1992798.0845340434,"upper_bound":2778119.425452027},"point_estimate":2397204.6905108094,"standard_error":201059.25620000853}}