{"mean":{"confidence_interval":{"confidence_level":0.95,"lower_bound":20269566.52175,"upper_bound":20508649.143999998},"point_estimate":20390074.94,"standard_error":60924.67206257338},"median":{"confidence_interval":{"confidence_level":0.95,"lower_bound":20288759.0,"upper_bound":20602500.0},"point_estimate":20435478.5,"standard_error":81605.1974725166},"median_abs_dev":{"confidence_interval":{"confidence_level":0.95,"lower_bound":449152.1794259548,"upper_bound":738666.8892860413},"point_estimate":596022.9806184769,"standard_error":73543.30595988511},"slope":null,"std_dev":{"confidence_interval":{"confidence_level":0.95,"lower_bound":518483.5658763119,"upper_bound":695739.118363229},"point_estimate":610878.3600890504,"standard_error":45314.155416640126}}