{"mean":{"confidence_interval":{"confidence_level":0.95,"lower_bound":30535069.05875,"upper_bound":30930683.24825},"point_estimate":30734914.49,"standard_error":100278.44702662804},"median":{"confidence_interval":{"confidence_level":0.95,"lower_bound":30635164.5,"upper_bound":31060334.0},"point_estimate":30886192.0,"standard_error":111795.40665052377},"median_abs_dev":{"confidence_interval":{"confidence_level":0.95,"lower_bound":830522.8532552719,"upper_bound":1264742.396941334},"point_estimate":1064285.1324051619,"standard_error":110683.67978159346},"slope":null,"std_dev":{"confidence_interval":{"confidence_level":0.95,"lower_bound":877088.8699571734,"upper_bound":1123706.8453565787},"point_estimate":1007337.1015767567,"standard_error":63187.73595740355}}