{"mean":{"confidence_interval":{"confidence_level":0.95,"lower_bound":55099349.044,"upper_bound":55768776.1585},"point_estimate":55429544.95,"standard_error":171063.83682293614},"median":{"confidence_interval":{"confidence_level":0.95,"lower_bound":54828986.0,"upper_bound":55816778.0},"point_estimate":55280071.5,"standard_error":256220.17402043036},"median_abs_dev":{"confidence_interval":{"confidence_level":0.95,"lower_bound":1397636.61698699,"upper_bound":2148120.5693632364},"point_estimate":1745281.8479150534,"standard_error":188234.91942621753},"slope":null,"std_dev":{"confidence_interval":{"confidence_level":0.95,"lower_bound":1453733.5348648278,"upper_bound":1969337.7320514112},"point_estimate":1723244.0489601328,"standard_error":132249.7479615478}}