{"mean":{"confidence_interval":{"confidence_level":0.95,"lower_bound":89754991.85482143,"upper_bound":90665841.12845238},"point_estimate":90111244.55248018,"standard_error":249522.20559769458},"median":{"confidence_interval":{"confidence_level":0.95,"lower_bound":89691266.875,"upper_bound":90111016.4125},"point_estimate":89876197.85267857,"standard_error":126972.10354245338},"median_abs_dev":{"confidence_interval":{"confidence_level":0.95,"lower_bound":68985.54665652645,"upper_bound":559115.9593637136},"point_estimate":289894.844522094,"standard_error":130894.92727340819},"slope":{"confidence_interval":{"confidence_level":0.95,"lower_bound":89867900.89354838,"upper_bound":91394341.52150488},"point_estimate":90460602.64155844,"standard_error":447475.0314461928},"std_dev":{"confidence_interval":{"confidence_level":0.95,"lower_bound":159263.08302242323,"upper_bound":1269877.5258406296},"point_estimate":834066.766950866,"standard_error":375043.07996437984}}