{"mean":{"confidence_interval":{"confidence_level":0.95,"lower_bound":21157244.783333335,"upper_bound":23439109.666666668},"point_estimate":22251626.666666668,"standard_error":585821.1996117723},"median":{"confidence_interval":{"confidence_level":0.95,"lower_bound":20725160.166666668,"upper_bound":23732505.666666668},"point_estimate":21836127.5,"standard_error":872561.8843541491},"median_abs_dev":{"confidence_interval":{"confidence_level":0.95,"lower_bound":469611.3177627325,"upper_bound":3312856.2977850437},"point_estimate":1938647.4784821253,"standard_error":702159.5967018253},"slope":null,"std_dev":{"confidence_interval":{"confidence_level":0.95,"lower_bound":1084018.4418346388,"upper_bound":2466722.1721173828},"point_estimate":1950727.5750137528,"standard_error":362214.4343558363}}