{"mean":{"confidence_interval":{"confidence_level":0.95,"lower_bound":16453148.843333332,"upper_bound":18659494.666666664},"point_estimate":17467507.53333333,"standard_error":563598.5128498191},"median":{"confidence_interval":{"confidence_level":0.95,"lower_bound":16263221.333333334,"upper_bound":18409472.5},"point_estimate":17319571.333333336,"standard_error":516637.45721976314},"median_abs_dev":{"confidence_interval":{"confidence_level":0.95,"lower_bound":323070.39506435394,"upper_bound":2888946.37131095},"point_estimate":1328857.5687080654,"standard_error":654696.5759647402},"slope":null,"std_dev":{"confidence_interval":{"confidence_level":0.95,"lower_bound":718439.6763010393,"upper_bound":2606632.4261506326},"point_estimate":1882127.102855199,"standard_error":514902.7509449645}}