{"mean":{"confidence_interval":{"confidence_level":0.95,"lower_bound":13690206.728333334,"upper_bound":14485795.233333334},"point_estimate":14089298.8,"standard_error":203556.385778682},"median":{"confidence_interval":{"confidence_level":0.95,"lower_bound":13450489.333333334,"upper_bound":14671985.5},"point_estimate":14186964.0,"standard_error":329146.8751308055},"median_abs_dev":{"confidence_interval":{"confidence_level":0.95,"lower_bound":185672.66640365124,"upper_bound":1148467.900210619},"point_estimate":844070.8518147469,"standard_error":240841.22613955225},"slope":null,"std_dev":{"confidence_interval":{"confidence_level":0.95,"lower_bound":420169.53392643115,"upper_bound":815122.4301992573},"point_estimate":678061.8404277203,"standard_error":100590.46917590417}}