{"mean":{"confidence_interval":{"confidence_level":0.95,"lower_bound":11015970.314166665,"upper_bound":11564889.245000001},"point_estimate":11275869.066666666,"standard_error":140955.93744524938},"median":{"confidence_interval":{"confidence_level":0.95,"lower_bound":10911421.0,"upper_bound":11621302.666666666},"point_estimate":11144016.5,"standard_error":198656.62201241663},"median_abs_dev":{"confidence_interval":{"confidence_level":0.95,"lower_bound":90070.41940092949,"upper_bound":810287.8346145172},"point_estimate":428877.13058590796,"standard_error":177704.5402687568},"slope":null,"std_dev":{"confidence_interval":{"confidence_level":0.95,"lower_bound":239083.68990806106,"upper_bound":608437.5323897459},"point_estimate":471862.30093944934,"standard_error":97331.8567595785}}