{"mean":{"confidence_interval":{"confidence_level":0.95,"lower_bound":13411565.825,"upper_bound":15413521.223333335},"point_estimate":14371857.9,"standard_error":511630.64095842786},"median":{"confidence_interval":{"confidence_level":0.95,"lower_bound":12922262.333333332,"upper_bound":15727136.0},"point_estimate":14431900.666666668,"standard_error":641026.6182042805},"median_abs_dev":{"confidence_interval":{"confidence_level":0.95,"lower_bound":144393.37663650513,"upper_bound":2915079.6668469943},"point_estimate":1947924.3536174297,"standard_error":673984.4539089905},"slope":null,"std_dev":{"confidence_interval":{"confidence_level":0.95,"lower_bound":916502.8895789312,"upper_bound":2231361.7129866057},"point_estimate":1714604.6924821995,"standard_error":349521.6840388067}}