{"mean":{"confidence_interval":{"confidence_level":0.95,"lower_bound":12961033.7825,"upper_bound":14681289.602500001},"point_estimate":13606540.1,"standard_error":486512.8089014588},"median":{"confidence_interval":{"confidence_level":0.95,"lower_bound":13085242.166666666,"upper_bound":13396100.333333332},"point_estimate":13134342.166666666,"standard_error":140425.9168973671},"median_abs_dev":{"confidence_interval":{"confidence_level":0.95,"lower_bound":21342.026621103287,"upper_bound":726888.8679951439},"point_estimate":90491.23069345951,"standard_error":226922.55906579187},"slope":null,"std_dev":{"confidence_interval":{"confidence_level":0.95,"lower_bound":58791.68478517655,"upper_bound":2492715.8248377466},"point_estimate":1625440.8026275274,"standard_error":800952.9817512517}}