{"mean":{"confidence_interval":{"confidence_level":0.95,"lower_bound":11043161.356666667,"upper_bound":11313943.366666669},"point_estimate":11184828.466666667,"standard_error":69237.6323492784},"median":{"confidence_interval":{"confidence_level":0.95,"lower_bound":11006574.333333332,"upper_bound":11391177.833333332},"point_estimate":11229032.833333332,"standard_error":125219.74195808587},"median_abs_dev":{"confidence_interval":{"confidence_level":0.95,"lower_bound":16381.494209170802,"upper_bound":432942.41971373605},"point_estimate":247261.59901022958,"standard_error":117379.68239939473},"slope":null,"std_dev":{"confidence_interval":{"confidence_level":0.95,"lower_bound":136116.1375255124,"upper_bound":287745.32279784716},"point_estimate":230510.1063286798,"standard_error":41036.924969320644}}