{"mean":{"confidence_interval":{"confidence_level":0.95,"lower_bound":16701234.866666665,"upper_bound":19577759.133333333},"point_estimate":18141763.433333334,"standard_error":734464.9569584018},"median":{"confidence_interval":{"confidence_level":0.95,"lower_bound":15830527.666666666,"upper_bound":19731442.666666668},"point_estimate":18712640.5,"standard_error":1073002.3699695738},"median_abs_dev":{"confidence_interval":{"confidence_level":0.95,"lower_bound":296168.37144196127,"upper_bound":4351714.099341631},"point_estimate":2116714.9012208004,"standard_error":1064296.8528220048},"slope":null,"std_dev":{"confidence_interval":{"confidence_level":0.95,"lower_bound":1387575.8661492425,"upper_bound":3118226.199279147},"point_estimate":2445528.1424525683,"standard_error":440726.739447906}}