{"mean":{"confidence_interval":{"confidence_level":0.95,"lower_bound":16111250.233333334,"upper_bound":20021563.787499998},"point_estimate":17951845.1,"standard_error":1002119.2580006715},"median":{"confidence_interval":{"confidence_level":0.95,"lower_bound":15097566.0,"upper_bound":20482593.666666664},"point_estimate":17459542.333333332,"standard_error":1078053.0124731956},"median_abs_dev":{"confidence_interval":{"confidence_level":0.95,"lower_bound":388180.00840842817,"upper_bound":5851825.3084093295},"point_estimate":2914434.241658449,"standard_error":1369886.17922329},"slope":null,"std_dev":{"confidence_interval":{"confidence_level":0.95,"lower_bound":1442772.0290947736,"upper_bound":4236962.033350428},"point_estimate":3345239.7649173075,"standard_error":709208.6565897516}}