{"mean":{"confidence_interval":{"confidence_level":0.95,"lower_bound":11007103.9625,"upper_bound":11552324.918333333},"point_estimate":11257400.766666668,"standard_error":139916.30031947623},"median":{"confidence_interval":{"confidence_level":0.95,"lower_bound":10880069.333333334,"upper_bound":11540900.333333334},"point_estimate":11144189.833333332,"standard_error":168638.34090530983},"median_abs_dev":{"confidence_interval":{"confidence_level":0.95,"lower_bound":72134.91331934882,"upper_bound":725704.0235161786},"point_estimate":423792.55397617584,"standard_error":170192.8818506354},"slope":null,"std_dev":{"confidence_interval":{"confidence_level":0.95,"lower_bound":189550.6206424801,"upper_bound":612214.582239534},"point_estimate":467485.733834564,"standard_error":111265.77655911646}}