{"mean":{"confidence_interval":{"confidence_level":0.95,"lower_bound":13327084.096666664,"upper_bound":14560260.933333332},"point_estimate":13925047.5,"standard_error":315194.62429760117},"median":{"confidence_interval":{"confidence_level":0.95,"lower_bound":12899613.666666666,"upper_bound":14557794.166666668},"point_estimate":14038651.833333332,"standard_error":452974.99911197304},"median_abs_dev":{"confidence_interval":{"confidence_level":0.95,"lower_bound":180285.3922992954,"upper_bound":1950905.3679645066},"point_estimate":1011668.4006392956,"standard_error":426179.50589155924},"slope":null,"std_dev":{"confidence_interval":{"confidence_level":0.95,"lower_bound":608423.7081665056,"upper_bound":1366548.6335840577},"point_estimate":1059769.4855181775,"standard_error":202767.83028903086}}