{"mean":{"confidence_interval":{"confidence_level":0.95,"lower_bound":14370239.50083333,"upper_bound":16356750.41333333},"point_estimate":15315126.033333335,"standard_error":510705.4465253939},"median":{"confidence_interval":{"confidence_level":0.95,"lower_bound":13995549.666666666,"upper_bound":16653478.666666666},"point_estimate":14811230.0,"standard_error":729803.7416827438},"median_abs_dev":{"confidence_interval":{"confidence_level":0.95,"lower_bound":355553.66628766106,"upper_bound":2912751.984888316},"point_estimate":1823853.221920133,"standard_error":628549.1615800754},"slope":null,"std_dev":{"confidence_interval":{"confidence_level":0.95,"lower_bound":916120.7490964379,"upper_bound":2179561.4797396464},"point_estimate":1702448.9387313188,"standard_error":336640.4896104234}}