{"mean":{"confidence_interval":{"confidence_level":0.95,"lower_bound":11002230.633333335,"upper_bound":11723265.233333332},"point_estimate":11357350.2,"standard_error":185210.87194943943},"median":{"confidence_interval":{"confidence_level":0.95,"lower_bound":10907530.833333332,"upper_bound":11890148.333333334},"point_estimate":11194778.333333332,"standard_error":274783.1902001106},"median_abs_dev":{"confidence_interval":{"confidence_level":0.95,"lower_bound":131599.7743636365,"upper_bound":1023073.3009368181},"point_estimate":608144.4709032783,"standard_error":237916.11224299626},"slope":null,"std_dev":{"confidence_interval":{"confidence_level":0.95,"lower_bound":352360.82927394006,"upper_bound":756908.2686879284},"point_estimate":616007.4257758928,"standard_error":101985.85140822525}}