{"mean":{"confidence_interval":{"confidence_level":0.95,"lower_bound":15421371.85,"upper_bound":16044480.95},"point_estimate":15717231.2,"standard_error":159576.0814788375},"median":{"confidence_interval":{"confidence_level":0.95,"lower_bound":15332687.0,"upper_bound":15993687.0},"point_estimate":15721800.5,"standard_error":171439.70054036178},"median_abs_dev":{"confidence_interval":{"confidence_level":0.95,"lower_bound":39923.08144122362,"upper_bound":868414.4020825624},"point_estimate":383403.68904322386,"standard_error":195858.62209669204},"slope":null,"std_dev":{"confidence_interval":{"confidence_level":0.95,"lower_bound":243179.39712226365,"upper_bound":724381.203508187},"point_estimate":532377.3107087783,"standard_error":128592.32646878631}}