{"mean":{"confidence_interval":{"confidence_level":0.95,"lower_bound":31780440.654,"upper_bound":32321760.2535},"point_estimate":32051845.87,"standard_error":137596.96478777463},"median":{"confidence_interval":{"confidence_level":0.95,"lower_bound":31626446.0,"upper_bound":32596160.0},"point_estimate":32196599.5,"standard_error":261220.37301939214},"median_abs_dev":{"confidence_interval":{"confidence_level":0.95,"lower_bound":1219024.0916579962,"upper_bound":1888907.9790651798},"point_estimate":1629585.676369071,"standard_error":178799.2267779145},"slope":null,"std_dev":{"confidence_interval":{"confidence_level":0.95,"lower_bound":1219168.356513237,"upper_bound":1526105.8907017112},"point_estimate":1379131.1766545554,"standard_error":78444.02326641376}}