{"mean":{"confidence_interval":{"confidence_level":0.95,"lower_bound":53694835.6895,"upper_bound":54122639.99925},"point_estimate":53909971.06,"standard_error":109229.97343067292},"median":{"confidence_interval":{"confidence_level":0.95,"lower_bound":53779032.0,"upper_bound":54141891.0},"point_estimate":53957392.5,"standard_error":109001.49090675225},"median_abs_dev":{"confidence_interval":{"confidence_level":0.95,"lower_bound":754155.6112110615,"upper_bound":1350957.6981157064},"point_estimate":1066377.0809680223,"standard_error":151993.22183615048},"slope":null,"std_dev":{"confidence_interval":{"confidence_level":0.95,"lower_bound":926747.7764665867,"upper_bound":1261901.2162993643},"point_estimate":1094574.1776029284,"standard_error":85740.5820114841}}