{"mean":{"confidence_interval":{"confidence_level":0.95,"lower_bound":2813393.8792500007,"upper_bound":3195812.0162083316},"point_estimate":2943960.510555555,"standard_error":122005.43503939305},"median":{"confidence_interval":{"confidence_level":0.95,"lower_bound":2804451.8333333335,"upper_bound":2824423.527777778},"point_estimate":2816090.111111111,"standard_error":4805.488729391309},"median_abs_dev":{"confidence_interval":{"confidence_level":0.95,"lower_bound":32218.874228001216,"upper_bound":51182.52220799506},"point_estimate":40981.61663909757,"standard_error":4854.555204092021},"slope":null,"std_dev":{"confidence_interval":{"confidence_level":0.95,"lower_bound":38257.48955500051,"upper_bound":2096424.4636273023},"point_estimate":1223214.1831365013,"standard_error":743290.8809476239}}