{"mean":{"confidence_interval":{"confidence_level":0.95,"lower_bound":2245239.334772728,"upper_bound":2270641.502420456},"point_estimate":2256920.879090909,"standard_error":6481.635362187096},"median":{"confidence_interval":{"confidence_level":0.95,"lower_bound":2240526.590909091,"upper_bound":2260050.090909091},"point_estimate":2252008.25,"standard_error":4699.684874885725},"median_abs_dev":{"confidence_interval":{"confidence_level":0.95,"lower_bound":31433.646601032535,"upper_bound":50786.495793813636},"point_estimate":39350.696765021596,"standard_error":4760.54431739309},"slope":null,"std_dev":{"confidence_interval":{"confidence_level":0.95,"lower_bound":41387.296363766385,"upper_bound":92010.40631968793},"point_estimate":65306.67278053604,"standard_error":14395.290398801113}}