{"mean":{"confidence_interval":{"confidence_level":0.95,"lower_bound":22847417567.0,"upper_bound":24132496338.274998},"point_estimate":23429022785.4,"standard_error":329125290.77685946},"median":{"confidence_interval":{"confidence_level":0.95,"lower_bound":22651463227.0,"upper_bound":24420964995.5},"point_estimate":22906016805.5,"standard_error":402319425.49910545},"median_abs_dev":{"confidence_interval":{"confidence_level":0.95,"lower_bound":43852349.43446517,"upper_bound":1395949671.7415392},"point_estimate":421253478.2183558,"standard_error":388091027.60596126},"slope":null,"std_dev":{"confidence_interval":{"confidence_level":0.95,"lower_bound":302411401.3926724,"upper_bound":1365114451.7563992},"point_estimate":1094350703.5021718,"standard_error":279755946.8683014}}