{"mean":{"confidence_interval":{"confidence_level":0.95,"lower_bound":22963867785.8675,"upper_bound":23537344047.2525},"point_estimate":23199238281.3,"standard_error":161798404.8957007},"median":{"confidence_interval":{"confidence_level":0.95,"lower_bound":22955009372.0,"upper_bound":23316711570.0},"point_estimate":22967510684.5,"standard_error":86349325.59459786},"median_abs_dev":{"confidence_interval":{"confidence_level":0.95,"lower_bound":1782071.8249619007,"upper_bound":504825943.3815479},"point_estimate":23250220.260626078,"standard_error":112111946.88665262},"slope":null,"std_dev":{"confidence_interval":{"confidence_level":0.95,"lower_bound":12500204.498021917,"upper_bound":791705992.6826177},"point_estimate":538714610.3275814,"standard_error":227895839.0187513}}