{"mean":{"confidence_interval":{"confidence_level":0.95,"lower_bound":22907550032.6,"upper_bound":23919235760.050003},"point_estimate":23314554690.8,"standard_error":284167522.86129224},"median":{"confidence_interval":{"confidence_level":0.95,"lower_bound":22894106816.0,"upper_bound":23428617858.5},"point_estimate":22916211882.5,"standard_error":134727349.3440874},"median_abs_dev":{"confidence_interval":{"confidence_level":0.95,"lower_bound":9086971.622774005,"upper_bound":759538079.2205036},"point_estimate":33175358.280819654,"standard_error":174613249.24826524},"slope":null,"std_dev":{"confidence_interval":{"confidence_level":0.95,"lower_bound":23694992.98145633,"upper_bound":1418336945.0289185},"point_estimate":948551433.4449683,"standard_error":417234777.4296785}}