{"mean":{"confidence_interval":{"confidence_level":0.95,"lower_bound":22978037459.0,"upper_bound":23282520303.125},"point_estimate":23104633262.4,"standard_error":77387452.71319729},"median":{"confidence_interval":{"confidence_level":0.95,"lower_bound":22965654462.0,"upper_bound":23280192925.0},"point_estimate":22986061648.0,"standard_error":65832215.92655228},"median_abs_dev":{"confidence_interval":{"confidence_level":0.95,"lower_bound":6402263.281837106,"upper_bound":400985248.3497888},"point_estimate":30270052.407199144,"standard_error":68159194.61429195},"slope":null,"std_dev":{"confidence_interval":{"confidence_level":0.95,"lower_bound":15853915.891330015,"upper_bound":325687692.91883606},"point_estimate":258421654.36364096,"standard_error":84983436.94916564}}