{"mean":{"confidence_interval":{"confidence_level":0.95,"lower_bound":22958784235.4025,"upper_bound":24019557838.4675},"point_estimate":23419449105.3,"standard_error":273444313.99486065},"median":{"confidence_interval":{"confidence_level":0.95,"lower_bound":22906886395.0,"upper_bound":23976967084.0},"point_estimate":22954641190.5,"standard_error":246013619.2965361},"median_abs_dev":{"confidence_interval":{"confidence_level":0.95,"lower_bound":21725272.783899307,"upper_bound":1256396066.289711},"point_estimate":111670699.12304878,"standard_error":269778541.5174741},"slope":null,"std_dev":{"confidence_interval":{"confidence_level":0.95,"lower_bound":104169908.88118108,"upper_bound":1186887396.0052257},"point_estimate":910260639.6589786,"standard_error":285402264.63275343}}