{"mean":{"confidence_interval":{"confidence_level":0.95,"lower_bound":22780182178.4,"upper_bound":23864613677.675},"point_estimate":23256604969.4,"standard_error":276889009.45654756},"median":{"confidence_interval":{"confidence_level":0.95,"lower_bound":22705386013.0,"upper_bound":23867639308.0},"point_estimate":22780800711.0,"standard_error":267544533.27684113},"median_abs_dev":{"confidence_interval":{"confidence_level":0.95,"lower_bound":31690724.17997718,"upper_bound":1356879442.5917745},"point_estimate":150716022.81715572,"standard_error":283503464.1808393},"slope":null,"std_dev":{"confidence_interval":{"confidence_level":0.95,"lower_bound":115496386.37430951,"upper_bound":1176586925.4449406},"point_estimate":925595440.9150833,"standard_error":273566101.3481401}}