{"mean":{"confidence_interval":{"confidence_level":0.95,"lower_bound":22837700698.1,"upper_bound":23507926755.05},"point_estimate":23103850721.7,"standard_error":182636241.89543214},"median":{"confidence_interval":{"confidence_level":0.95,"lower_bound":22795974012.5,"upper_bound":23200298395.0},"point_estimate":22854917465.0,"standard_error":105606783.24792874},"median_abs_dev":{"confidence_interval":{"confidence_level":0.95,"lower_bound":13367529.077678919,"upper_bound":442194015.2839869},"point_estimate":116214415.84938169,"standard_error":123297417.11633828},"slope":null,"std_dev":{"confidence_interval":{"confidence_level":0.95,"lower_bound":78081884.46060435,"upper_bound":915482244.9967755},"point_estimate":608757365.3232596,"standard_error":262769065.41977483}}