{"mean":{"confidence_interval":{"confidence_level":0.95,"lower_bound":22700125192.69,"upper_bound":23179545600.109997},"point_estimate":22882326618.6,"standard_error":139412950.60013714},"median":{"confidence_interval":{"confidence_level":0.95,"lower_bound":22694684758.0,"upper_bound":22870813339.0},"point_estimate":22706846135.0,"standard_error":50342705.063099876},"median_abs_dev":{"confidence_interval":{"confidence_level":0.95,"lower_bound":5573049.564358592,"upper_bound":242518458.2556367},"point_estimate":17321841.890975833,"standard_error":62307563.17024284},"slope":null,"std_dev":{"confidence_interval":{"confidence_level":0.95,"lower_bound":8573274.410537774,"upper_bound":710186601.2316878},"point_estimate":465050357.63823366,"standard_error":227290411.10323542}}