{"mean":{"confidence_interval":{"confidence_level":0.95,"lower_bound":23051873237.3,"upper_bound":23590515146.0},"point_estimate":23276724410.3,"standard_error":146646787.4621319},"median":{"confidence_interval":{"confidence_level":0.95,"lower_bound":23033937625.0,"upper_bound":23441445675.0},"point_estimate":23052324551.0,"standard_error":92811901.86542876},"median_abs_dev":{"confidence_interval":{"confidence_level":0.95,"lower_bound":8743004.722380638,"upper_bound":542707409.7877175},"point_estimate":37412708.32469165,"standard_error":119186900.73416275},"slope":null,"std_dev":{"confidence_interval":{"confidence_level":0.95,"lower_bound":34618402.35996958,"upper_bound":698600713.1072844},"point_estimate":487288008.92238677,"standard_error":189541576.44850743}}