{"mean":{"confidence_interval":{"confidence_level":0.95,"lower_bound":22896168138.4575,"upper_bound":23282053394.269997},"point_estimate":23059294533.5,"standard_error":101305583.8103933},"median":{"confidence_interval":{"confidence_level":0.95,"lower_bound":22874026042.0,"upper_bound":23224334425.0},"point_estimate":22905607365.5,"standard_error":74385005.82695046},"median_abs_dev":{"confidence_interval":{"confidence_level":0.95,"lower_bound":11304927.098697424,"upper_bound":427882236.8155718},"point_estimate":61625803.87952328,"standard_error":83744147.37559415},"slope":null,"std_dev":{"confidence_interval":{"confidence_level":0.95,"lower_bound":35164872.31214335,"upper_bound":467458644.0553008},"point_estimate":337993218.70896333,"standard_error":119030235.20641531}}