{"mean":{"confidence_interval":{"confidence_level":0.95,"lower_bound":1169810966.515,"upper_bound":1178335662.3774998},"point_estimate":1173920753.3,"standard_error":2186117.8555834526},"median":{"confidence_interval":{"confidence_level":0.95,"lower_bound":1169249622.5,"upper_bound":1179097502.0},"point_estimate":1172169891.0,"standard_error":2853959.095907598},"median_abs_dev":{"confidence_interval":{"confidence_level":0.95,"lower_bound":1086224.6468156576,"upper_bound":12297899.913668633},"point_estimate":6123661.990383267,"standard_error":2871020.3857100634},"slope":null,"std_dev":{"confidence_interval":{"confidence_level":0.95,"lower_bound":3703301.7376219295,"upper_bound":9535107.651051128},"point_estimate":7272460.080702907,"standard_error":1539705.0835702976}}