{"mean":{"confidence_interval":{"confidence_level":0.95,"lower_bound":1373503692.7,"upper_bound":1408616654.3975},"point_estimate":1388847275.5,"standard_error":9057146.9842605},"median":{"confidence_interval":{"confidence_level":0.95,"lower_bound":1365541980.0,"upper_bound":1396098499.5},"point_estimate":1386961696.5,"standard_error":7625803.906291456},"median_abs_dev":{"confidence_interval":{"confidence_level":0.95,"lower_bound":4156314.8358106613,"upper_bound":38131386.05983257},"point_estimate":15876006.690144539,"standard_error":8676116.085512647},"slope":null,"std_dev":{"confidence_interval":{"confidence_level":0.95,"lower_bound":10644843.791615002,"upper_bound":43929677.459227614},"point_estimate":30335623.863397457,"standard_error":10180220.865821574}}