{"mean":{"confidence_interval":{"confidence_level":0.95,"lower_bound":1233102473.2224998,"upper_bound":1255885840.4},"point_estimate":1244559538.0,"standard_error":5837222.467187462},"median":{"confidence_interval":{"confidence_level":0.95,"lower_bound":1229759835.0,"upper_bound":1260813306.0},"point_estimate":1244465726.0,"standard_error":8732083.698771246},"median_abs_dev":{"confidence_interval":{"confidence_level":0.95,"lower_bound":4070914.1121268272,"upper_bound":32960625.913631916},"point_estimate":23019937.64361441,"standard_error":7190886.884295721},"slope":null,"std_dev":{"confidence_interval":{"confidence_level":0.95,"lower_bound":11146515.12000579,"upper_bound":24778120.34746287},"point_estimate":19446735.701576877,"standard_error":3524045.2306614295}}