{"mean":{"confidence_interval":{"confidence_level":0.95,"lower_bound":1304429780.1225,"upper_bound":1318352683.1},"point_estimate":1311761757.1,"standard_error":3574603.895977601},"median":{"confidence_interval":{"confidence_level":0.95,"lower_bound":1304049054.5,"upper_bound":1322230413.0},"point_estimate":1313825984.5,"standard_error":4153684.269009067},"median_abs_dev":{"confidence_interval":{"confidence_level":0.95,"lower_bound":2771417.4590975046,"upper_bound":19650408.220535517},"point_estimate":11978324.006742239,"standard_error":4427453.506939835},"slope":null,"std_dev":{"confidence_interval":{"confidence_level":0.95,"lower_bound":5647347.528433213,"upper_bound":15561479.365569886},"point_estimate":11936052.821505185,"standard_error":2609156.38094722}}