{"mean":{"confidence_interval":{"confidence_level":0.95,"lower_bound":1171267907.8,"upper_bound":1178682729.9},"point_estimate":1174733860.9,"standard_error":1897440.3859964625},"median":{"confidence_interval":{"confidence_level":0.95,"lower_bound":1170316048.0,"upper_bound":1179532064.5},"point_estimate":1173342996.0,"standard_error":2158183.0333204726},"median_abs_dev":{"confidence_interval":{"confidence_level":0.95,"lower_bound":1053354.6640992165,"upper_bound":10272254.704231024},"point_estimate":4612991.951403022,"standard_error":2383336.798468502},"slope":null,"std_dev":{"confidence_interval":{"confidence_level":0.95,"lower_bound":2681110.096243654,"upper_bound":8243991.691686733},"point_estimate":6317556.305051493,"standard_error":1427971.4270277028}}