{"mean":{"confidence_interval":{"confidence_level":0.95,"lower_bound":1515122362.4,"upper_bound":1536799689.1499999},"point_estimate":1526491319.7,"standard_error":5548373.115183165},"median":{"confidence_interval":{"confidence_level":0.95,"lower_bound":1511684836.0,"upper_bound":1541581731.0},"point_estimate":1530067318.5,"standard_error":6666495.472148703},"median_abs_dev":{"confidence_interval":{"confidence_level":0.95,"lower_bound":2462660.084179044,"upper_bound":30075413.71745467},"point_estimate":19463680.684250593,"standard_error":7380629.413493476},"slope":null,"std_dev":{"confidence_interval":{"confidence_level":0.95,"lower_bound":8979296.020920156,"upper_bound":24018573.57062475},"point_estimate":18461105.977740724,"standard_error":3924484.0460375194}}