{"mean":{"confidence_interval":{"confidence_level":0.95,"lower_bound":1330923045.8,"upper_bound":1350857356.515},"point_estimate":1341569693.7,"standard_error":5117952.207112331},"median":{"confidence_interval":{"confidence_level":0.95,"lower_bound":1331873759.0,"upper_bound":1351027753.0},"point_estimate":1344635993.5,"standard_error":4725307.820387683},"median_abs_dev":{"confidence_interval":{"confidence_level":0.95,"lower_bound":2660175.7591724396,"upper_bound":27407475.806120038},"point_estimate":9420225.25575757,"standard_error":6262487.696965004},"slope":null,"std_dev":{"confidence_interval":{"confidence_level":0.95,"lower_bound":6110579.428076531,"upper_bound":23379039.474129505},"point_estimate":17045835.157076087,"standard_error":4502359.295375412}}