{"mean":{"confidence_interval":{"confidence_level":0.95,"lower_bound":1196202699.05,"upper_bound":1208842213.165},"point_estimate":1202517252.7,"standard_error":3231457.192380606},"median":{"confidence_interval":{"confidence_level":0.95,"lower_bound":1195920948.0,"upper_bound":1210809267.0},"point_estimate":1200489538.0,"standard_error":3623819.779701868},"median_abs_dev":{"confidence_interval":{"confidence_level":0.95,"lower_bound":1092246.2266087532,"upper_bound":18687080.733338},"point_estimate":10787836.999377608,"standard_error":4525292.057594346},"slope":null,"std_dev":{"confidence_interval":{"confidence_level":0.95,"lower_bound":5521370.422479763,"upper_bound":14070445.434857922},"point_estimate":10775992.58905536,"standard_error":2175603.8002004693}}