{"mean":{"confidence_interval":{"confidence_level":0.95,"lower_bound":2459760841.375,"upper_bound":2485950532.5525002},"point_estimate":2474008776.8,"standard_error":6742738.138086281},"median":{"confidence_interval":{"confidence_level":0.95,"lower_bound":2456450595.0,"upper_bound":2490297126.5},"point_estimate":2479239045.0,"standard_error":6679155.869474608},"median_abs_dev":{"confidence_interval":{"confidence_level":0.95,"lower_bound":3993520.910900831,"upper_bound":33539954.818546772},"point_estimate":10722628.54603529,"standard_error":7487745.768913714},"slope":null,"std_dev":{"confidence_interval":{"confidence_level":0.95,"lower_bound":7423570.971704287,"upper_bound":28503531.439179473},"point_estimate":22388955.710231755,"standard_error":5488889.035762955}}