{"mean":{"confidence_interval":{"confidence_level":0.95,"lower_bound":2599386854.96,"upper_bound":2624046614.5},"point_estimate":2611665187.7,"standard_error":6323246.122726409},"median":{"confidence_interval":{"confidence_level":0.95,"lower_bound":2595034608.5,"upper_bound":2629985059.0},"point_estimate":2609864068.0,"standard_error":9828015.313632863},"median_abs_dev":{"confidence_interval":{"confidence_level":0.95,"lower_bound":6009735.30190587,"upper_bound":34666042.87215471},"point_estimate":25713835.13918817,"standard_error":7466297.049506243},"slope":null,"std_dev":{"confidence_interval":{"confidence_level":0.95,"lower_bound":12713980.926912056,"upper_bound":26063398.9735286},"point_estimate":21031742.5448219,"standard_error":3428440.7279362706}}