{"mean":{"confidence_interval":{"confidence_level":0.95,"lower_bound":2483759134.7825,"upper_bound":2500995858.7},"point_estimate":2492539312.8,"standard_error":4446845.0537295155},"median":{"confidence_interval":{"confidence_level":0.95,"lower_bound":2477153885.0,"upper_bound":2504277878.0},"point_estimate":2495222021.0,"standard_error":7784937.884536162},"median_abs_dev":{"confidence_interval":{"confidence_level":0.95,"lower_bound":2187868.3333575726,"upper_bound":24375441.734549403},"point_estimate":14134467.665863037,"standard_error":6191269.178883402},"slope":null,"std_dev":{"confidence_interval":{"confidence_level":0.95,"lower_bound":9123831.822588885,"upper_bound":17700662.331429627},"point_estimate":14840134.36878556,"standard_error":2178933.92072257}}