{"mean":{"confidence_interval":{"confidence_level":0.95,"lower_bound":2469233322.27,"upper_bound":2496838914.0},"point_estimate":2483019676.4,"standard_error":7054362.414754369},"median":{"confidence_interval":{"confidence_level":0.95,"lower_bound":2464863563.5,"upper_bound":2499557049.5},"point_estimate":2484188190.0,"standard_error":9063397.012601763},"median_abs_dev":{"confidence_interval":{"confidence_level":0.95,"lower_bound":4909608.315137029,"upper_bound":40013764.66861367},"point_estimate":19841009.049251676,"standard_error":8656489.200265097},"slope":null,"std_dev":{"confidence_interval":{"confidence_level":0.95,"lower_bound":12789151.757397857,"upper_bound":30361769.743132144},"point_estimate":23543568.19813542,"standard_error":4493882.362675873}}