{"mean":{"confidence_interval":{"confidence_level":0.95,"lower_bound":2900088911.3,"upper_bound":2930295969.4100003},"point_estimate":2915550376.6,"standard_error":7722168.3611509},"median":{"confidence_interval":{"confidence_level":0.95,"lower_bound":2890350963.0,"upper_bound":2937436097.0},"point_estimate":2923346786.0,"standard_error":14812456.337198598},"median_abs_dev":{"confidence_interval":{"confidence_level":0.95,"lower_bound":4830329.9880445,"upper_bound":40548413.19942176},"point_estimate":30308813.500910997,"standard_error":9873473.141887339},"slope":null,"std_dev":{"confidence_interval":{"confidence_level":0.95,"lower_bound":16268289.129280554,"upper_bound":29782191.853470225},"point_estimate":25690182.913621843,"standard_error":3424702.9965872765}}