{"mean":{"confidence_interval":{"confidence_level":0.95,"lower_bound":207547049.595,"upper_bound":211336149.96666664},"point_estimate":209249218.0,"standard_error":973882.2859909815},"median":{"confidence_interval":{"confidence_level":0.95,"lower_bound":206863081.0,"upper_bound":210798404.5},"point_estimate":209019149.1666667,"standard_error":956496.4871952108},"median_abs_dev":{"confidence_interval":{"confidence_level":0.95,"lower_bound":354577.12710499763,"upper_bound":4573097.904211298},"point_estimate":2715494.77649036,"standard_error":1161709.362935234},"slope":null,"std_dev":{"confidence_interval":{"confidence_level":0.95,"lower_bound":1275479.3144404967,"upper_bound":4478214.491184715},"point_estimate":3231255.4719525077,"standard_error":909002.4473619127}}