{"mean":{"confidence_interval":{"confidence_level":0.95,"lower_bound":261595601.08249998,"upper_bound":265462352.74375},"point_estimate":263614827.95,"standard_error":995571.7774147227},"median":{"confidence_interval":{"confidence_level":0.95,"lower_bound":260918835.5,"upper_bound":266283972.0},"point_estimate":264473098.0,"standard_error":1302986.0509542453},"median_abs_dev":{"confidence_interval":{"confidence_level":0.95,"lower_bound":681419.6271523833,"upper_bound":5363866.939522326},"point_estimate":2916324.927274883,"standard_error":1364323.8945281473},"slope":null,"std_dev":{"confidence_interval":{"confidence_level":0.95,"lower_bound":1522966.1374988966,"upper_bound":4056269.4152693027},"point_estimate":3310988.2794855093,"standard_error":607010.4733953187}}