{"mean":{"confidence_interval":{"confidence_level":0.95,"lower_bound":262299990.62375,"upper_bound":263046771.08625},"point_estimate":262713543.8,"standard_error":193069.2551428002},"median":{"confidence_interval":{"confidence_level":0.95,"lower_bound":262394622.25,"upper_bound":263189611.5},"point_estimate":262967613.25,"standard_error":238167.30178704756},"median_abs_dev":{"confidence_interval":{"confidence_level":0.95,"lower_bound":63124.65907931328,"upper_bound":978003.3736869693},"point_estimate":416164.70066159964,"standard_error":238705.88409370393},"slope":null,"std_dev":{"confidence_interval":{"confidence_level":0.95,"lower_bound":256046.03018776505,"upper_bound":897543.4438114932},"point_estimate":645154.1526610865,"standard_error":183754.808081143}}