{"mean":{"confidence_interval":{"confidence_level":0.95,"lower_bound":205582327.36666667,"upper_bound":206368888.6},"point_estimate":205959135.8333333,"standard_error":202659.8712896231},"median":{"confidence_interval":{"confidence_level":0.95,"lower_bound":205448967.1666667,"upper_bound":206639957.0},"point_estimate":205579232.6666667,"standard_error":362475.2224265916},"median_abs_dev":{"confidence_interval":{"confidence_level":0.95,"lower_bound":34504.796287446865,"upper_bound":1030749.9565005008},"point_estimate":400565.8956885559,"standard_error":306232.37109948474},"slope":null,"std_dev":{"confidence_interval":{"confidence_level":0.95,"lower_bound":375211.8233233519,"upper_bound":781567.0957241195},"point_estimate":675065.4621715689,"standard_error":103844.9881096963}}