{"mean":{"confidence_interval":{"confidence_level":0.95,"lower_bound":214006125.99416664,"upper_bound":217839745.69166663},"point_estimate":215899786.5,"standard_error":982119.3166661352},"median":{"confidence_interval":{"confidence_level":0.95,"lower_bound":213483502.66666666,"upper_bound":218546083.0},"point_estimate":215408401.6666667,"standard_error":1217405.3194111555},"median_abs_dev":{"confidence_interval":{"confidence_level":0.95,"lower_bound":557910.0301951243,"upper_bound":5896609.711614244},"point_estimate":2963230.8074921737,"standard_error":1376165.7191644306},"slope":null,"std_dev":{"confidence_interval":{"confidence_level":0.95,"lower_bound":1748322.8402009578,"upper_bound":4192679.3747367174},"point_estimate":3283426.3724287273,"standard_error":615120.8087547983}}