{"mean":{"confidence_interval":{"confidence_level":0.95,"lower_bound":8692186.708,"upper_bound":8938514.305458331},"point_estimate":8816301.84833333,"standard_error":62804.656174167845},"median":{"confidence_interval":{"confidence_level":0.95,"lower_bound":8719627.833333334,"upper_bound":9011834.0},"point_estimate":8937643.916666668,"standard_error":85518.47433443708},"median_abs_dev":{"confidence_interval":{"confidence_level":0.95,"lower_bound":401375.1481741662,"upper_bound":685644.1722273817},"point_estimate":544349.5530858636,"standard_error":68215.34254365302},"slope":null,"std_dev":{"confidence_interval":{"confidence_level":0.95,"lower_bound":531412.9175044072,"upper_bound":721140.5223351605},"point_estimate":631806.8152404174,"standard_error":48334.83888193187}}