{"mean":{"confidence_interval":{"confidence_level":0.95,"lower_bound":7335583.885714285,"upper_bound":7489464.378285715},"point_estimate":7408367.651428575,"standard_error":39285.42683096971},"median":{"confidence_interval":{"confidence_level":0.95,"lower_bound":7260245.857142856,"upper_bound":7383731.285714285},"point_estimate":7321883.071428571,"standard_error":33943.74543997073},"median_abs_dev":{"confidence_interval":{"confidence_level":0.95,"lower_bound":184105.55823147297,"upper_bound":327020.6767942239},"point_estimate":265665.2889834986,"standard_error":38394.02880958111},"slope":null,"std_dev":{"confidence_interval":{"confidence_level":0.95,"lower_bound":286460.2861257617,"upper_bound":491603.6511131175},"point_estimate":395192.871165126,"standard_error":52619.81702717528}}