{"mean":{"confidence_interval":{"confidence_level":0.95,"lower_bound":7226647.0100625,"upper_bound":7341272.74303125},"point_estimate":7282430.04625,"standard_error":29184.30270480679},"median":{"confidence_interval":{"confidence_level":0.95,"lower_bound":7141433.75,"upper_bound":7311890.75},"point_estimate":7214371.5625,"standard_error":42421.504858899774},"median_abs_dev":{"confidence_interval":{"confidence_level":0.95,"lower_bound":189892.1459287405,"upper_bound":325022.0526047049},"point_estimate":255475.511739403,"standard_error":33686.78874151066},"slope":null,"std_dev":{"confidence_interval":{"confidence_level":0.95,"lower_bound":243296.65703425324,"upper_bound":339253.97142714035},"point_estimate":294093.9805394967,"standard_error":24533.442314454165}}