{"mean":{"confidence_interval":{"confidence_level":0.95,"lower_bound":7186696.525964283,"upper_bound":7287996.600321433},"point_estimate":7233324.597142853,"standard_error":25928.996096134408},"median":{"confidence_interval":{"confidence_level":0.95,"lower_bound":7125153.428571429,"upper_bound":7170809.571428572},"point_estimate":7143165.571428571,"standard_error":10569.850833465815},"median_abs_dev":{"confidence_interval":{"confidence_level":0.95,"lower_bound":55230.341071964955,"upper_bound":114119.63827397123},"point_estimate":73999.9534862378,"standard_error":14519.929487043053},"slope":null,"std_dev":{"confidence_interval":{"confidence_level":0.95,"lower_bound":150169.12188617355,"upper_bound":351010.8696886092},"point_estimate":259949.6808923338,"standard_error":50942.676144264275}}