{"mean":{"confidence_interval":{"confidence_level":0.95,"lower_bound":7560218.166535713,"upper_bound":7745934.457999998},"point_estimate":7651084.978571427,"standard_error":47538.12193872761},"median":{"confidence_interval":{"confidence_level":0.95,"lower_bound":7419543.285714285,"upper_bound":7718717.571428572},"point_estimate":7592580.785714285,"standard_error":69926.62966571884},"median_abs_dev":{"confidence_interval":{"confidence_level":0.95,"lower_bound":384738.29376952996,"upper_bound":618208.3948246059},"point_estimate":482421.4051353076,"standard_error":60708.36135769528},"slope":null,"std_dev":{"confidence_interval":{"confidence_level":0.95,"lower_bound":408049.955048898,"upper_bound":543643.7085204667},"point_estimate":479701.3590346954,"standard_error":34608.64289989394}}