{"mean":{"confidence_interval":{"confidence_level":0.95,"lower_bound":7073780.953678574,"upper_bound":7120557.676571426},"point_estimate":7095826.968571433,"standard_error":11980.455431529139},"median":{"confidence_interval":{"confidence_level":0.95,"lower_bound":7044077.571428572,"upper_bound":7071896.428571428},"point_estimate":7057396.0,"standard_error":7778.601621702056},"median_abs_dev":{"confidence_interval":{"confidence_level":0.95,"lower_bound":42334.900948405266,"upper_bound":72847.33790670073},"point_estimate":57077.133786678314,"standard_error":8041.663908408872},"slope":null,"std_dev":{"confidence_interval":{"confidence_level":0.95,"lower_bound":86585.15333757512,"upper_bound":148631.8834847812},"point_estimate":120302.90785202108,"standard_error":15916.603461421842}}