{"mean":{"confidence_interval":{"confidence_level":0.95,"lower_bound":10005192.210999997,"upper_bound":10814851.625799995},"point_estimate":10406071.276,"standard_error":206194.73312606724},"median":{"confidence_interval":{"confidence_level":0.95,"lower_bound":9401092.4,"upper_bound":11051389.8},"point_estimate":10107924.8,"standard_error":466563.3395770003},"median_abs_dev":{"confidence_interval":{"confidence_level":0.95,"lower_bound":1959286.7032957075,"upper_bound":2861524.9929177756},"point_estimate":2466269.4738149643,"standard_error":225143.76732154138},"slope":null,"std_dev":{"confidence_interval":{"confidence_level":0.95,"lower_bound":1832720.3297268813,"upper_bound":2283269.7201103205},"point_estimate":2070570.7748933795,"standard_error":115087.9585535846}}