{"mean":{"confidence_interval":{"confidence_level":0.95,"lower_bound":7451367.5762857115,"upper_bound":7566158.601928566},"point_estimate":7508009.825714286,"standard_error":29339.476309596095},"median":{"confidence_interval":{"confidence_level":0.95,"lower_bound":7373582.285714285,"upper_bound":7563247.714285715},"point_estimate":7495886.0,"standard_error":49107.22333113592},"median_abs_dev":{"confidence_interval":{"confidence_level":0.95,"lower_bound":239968.76033970327,"upper_bound":379767.8773577732},"point_estimate":324109.90944589867,"standard_error":35702.09779141163},"slope":null,"std_dev":{"confidence_interval":{"confidence_level":0.95,"lower_bound":250804.96738542832,"upper_bound":337187.79147405806},"point_estimate":295633.1777010645,"standard_error":22128.03590421396}}