{"mean":{"confidence_interval":{"confidence_level":0.95,"lower_bound":18001.47653268896,"upper_bound":18158.27030140168},"point_estimate":18075.200724292143,"standard_error":38.47155005578881},"median":{"confidence_interval":{"confidence_level":0.95,"lower_bound":18052.14495435884,"upper_bound":18089.40439268868},"point_estimate":18063.256640274034,"standard_error":11.846175654477658},"median_abs_dev":{"confidence_interval":{"confidence_level":0.95,"lower_bound":2.587839855132175,"upper_bound":170.3889481149263},"point_estimate":14.407159138877157,"standard_error":37.796237095483455},"slope":{"confidence_interval":{"confidence_level":0.95,"lower_bound":18056.06991623906,"upper_bound":18228.618604981883},"point_estimate":18115.40913328024,"standard_error":49.52432130071324},"std_dev":{"confidence_interval":{"confidence_level":0.95,"lower_bound":8.583274605018865,"upper_bound":189.57801398971873},"point_estimate":128.40272827234676,"standard_error":46.443736617676926}}