{"mean":{"confidence_interval":{"confidence_level":0.95,"lower_bound":26545004.705124997,"upper_bound":26659603.327},"point_estimate":26601649.49,"standard_error":29220.36475507466},"median":{"confidence_interval":{"confidence_level":0.95,"lower_bound":26452390.25,"upper_bound":26677835.0},"point_estimate":26565935.5,"standard_error":59790.135788736145},"median_abs_dev":{"confidence_interval":{"confidence_level":0.95,"lower_bound":253495.31414955857,"upper_bound":418981.26996159554},"point_estimate":370416.85457378626,"standard_error":45886.66591274476},"slope":null,"std_dev":{"confidence_interval":{"confidence_level":0.95,"lower_bound":259323.46542189465,"upper_bound":325126.71667487186},"point_estimate":293850.4192731395,"standard_error":16827.912056297708}}