{"mean":{"confidence_interval":{"confidence_level":0.95,"lower_bound":23335525.675750013,"upper_bound":23622968.58366666},"point_estimate":23479363.956666663,"standard_error":73431.65265258141},"median":{"confidence_interval":{"confidence_level":0.95,"lower_bound":23297932.0,"upper_bound":23693406.0},"point_estimate":23502835.0,"standard_error":78490.93092184154},"median_abs_dev":{"confidence_interval":{"confidence_level":0.95,"lower_bound":583919.2815333595,"upper_bound":913953.4486740846},"point_estimate":688247.123581172,"standard_error":83022.91222661718},"slope":null,"std_dev":{"confidence_interval":{"confidence_level":0.95,"lower_bound":637013.9031528282,"upper_bound":831180.1897584227},"point_estimate":740059.4731828549,"standard_error":49422.5795507614}}