{"mean":{"confidence_interval":{"confidence_level":0.95,"lower_bound":26081967.28475,"upper_bound":26258803.0265},"point_estimate":26168003.84,"standard_error":45129.348427395824},"median":{"confidence_interval":{"confidence_level":0.95,"lower_bound":25962865.5,"upper_bound":26155987.25},"point_estimate":26054871.5,"standard_error":44267.01166541873},"median_abs_dev":{"confidence_interval":{"confidence_level":0.95,"lower_bound":256966.82198792696,"upper_bound":437568.3478441088},"point_estimate":354649.03320372105,"standard_error":47019.4043802858},"slope":null,"std_dev":{"confidence_interval":{"confidence_level":0.95,"lower_bound":359442.85277766694,"upper_bound":538272.524866362},"point_estimate":453508.4396646996,"standard_error":45804.052742997534}}