{"mean":{"confidence_interval":{"confidence_level":0.95,"lower_bound":26364251.918875,"upper_bound":26614035.547125},"point_estimate":26486529.215,"standard_error":63943.56664192711},"median":{"confidence_interval":{"confidence_level":0.95,"lower_bound":26174641.0,"upper_bound":26466248.25},"point_estimate":26272009.25,"standard_error":73962.67618410682},"median_abs_dev":{"confidence_interval":{"confidence_level":0.95,"lower_bound":363223.27950149775,"upper_bound":719004.6484351158},"point_estimate":519635.35282462835,"standard_error":90947.57074936574},"slope":null,"std_dev":{"confidence_interval":{"confidence_level":0.95,"lower_bound":543966.879986626,"upper_bound":732737.5777709181},"point_estimate":645966.9670106559,"standard_error":48168.92967093248}}