{"mean":{"confidence_interval":{"confidence_level":0.95,"lower_bound":307935.25715190155,"upper_bound":309400.17037261795},"point_estimate":308650.97533880855,"standard_error":374.36215279509776},"median":{"confidence_interval":{"confidence_level":0.95,"lower_bound":306379.50531914894,"upper_bound":308369.2848124098},"point_estimate":306981.37916666665,"standard_error":487.87294145912136},"median_abs_dev":{"confidence_interval":{"confidence_level":0.95,"lower_bound":1576.6238783081637,"upper_bound":3566.184627722054},"point_estimate":2429.8830784518664,"standard_error":495.31024368521673},"slope":{"confidence_interval":{"confidence_level":0.95,"lower_bound":308444.0265922107,"upper_bound":309874.0039635579},"point_estimate":309124.04287276487,"standard_error":364.79920887140804},"std_dev":{"confidence_interval":{"confidence_level":0.95,"lower_bound":3190.153292297202,"upper_bound":4224.177380149883},"point_estimate":3765.6967291051164,"standard_error":263.73777655027925}}