{"mean":{"confidence_interval":{"confidence_level":0.95,"lower_bound":207852.53130211364,"upper_bound":211091.3170072575},"point_estimate":209029.48394260134,"standard_error":925.442881351109},"median":{"confidence_interval":{"confidence_level":0.95,"lower_bound":207826.69915966387,"upper_bound":208289.3667943806},"point_estimate":208013.28096604496,"standard_error":134.04987145859727},"median_abs_dev":{"confidence_interval":{"confidence_level":0.95,"lower_bound":914.679871660886,"upper_bound":1638.7907932840205},"point_estimate":1319.2107293210697,"standard_error":180.71187293152047},"slope":{"confidence_interval":{"confidence_level":0.95,"lower_bound":206880.95861307622,"upper_bound":207898.7678999144},"point_estimate":207314.71937224767,"standard_error":262.3149559110583},"std_dev":{"confidence_interval":{"confidence_level":0.95,"lower_bound":1399.9862008254026,"upper_bound":15681.74095957336},"point_estimate":9251.785531647609,"standard_error":4945.467121951215}}