{"mean":{"confidence_interval":{"confidence_level":0.95,"lower_bound":336765.4516275594,"upper_bound":338546.16592727555},"point_estimate":337606.37574589683,"standard_error":455.4212303593554},"median":{"confidence_interval":{"confidence_level":0.95,"lower_bound":335489.5450660451,"upper_bound":337875.0},"point_estimate":337157.26672473864,"standard_error":625.0461025561285},"median_abs_dev":{"confidence_interval":{"confidence_level":0.95,"lower_bound":2650.7173820001044,"upper_bound":4035.0525676687707},"point_estimate":3236.298133567932,"standard_error":345.32888394408974},"slope":{"confidence_interval":{"confidence_level":0.95,"lower_bound":338636.5125645899,"upper_bound":340985.27754987316},"point_estimate":339781.2517678932,"standard_error":600.3868857203131},"std_dev":{"confidence_interval":{"confidence_level":0.95,"lower_bound":3112.8992096693096,"upper_bound":5869.378704280584},"point_estimate":4592.1968644946155,"standard_error":699.3557770838687}}