{"mean":{"confidence_interval":{"confidence_level":0.95,"lower_bound":343662.2263862868,"upper_bound":345166.7129117553},"point_estimate":344366.2204166217,"standard_error":384.21173020802655},"median":{"confidence_interval":{"confidence_level":0.95,"lower_bound":343159.5842462181,"upper_bound":344541.97784946236},"point_estimate":343861.1053030303,"standard_error":400.7435690273619},"median_abs_dev":{"confidence_interval":{"confidence_level":0.95,"lower_bound":1970.9928172970187,"upper_bound":3090.664015485445},"point_estimate":2340.8958469373297,"standard_error":290.26492379213823},"slope":{"confidence_interval":{"confidence_level":0.95,"lower_bound":342415.2043794375,"upper_bound":343853.1821356316},"point_estimate":343100.6953421014,"standard_error":366.401404016049},"std_dev":{"confidence_interval":{"confidence_level":0.95,"lower_bound":2556.7273209725477,"upper_bound":5079.631674066093},"point_estimate":3860.3471760167577,"standard_error":649.5206192103113}}