{"mean":{"confidence_interval":{"confidence_level":0.95,"lower_bound":27108656.400625,"upper_bound":27415796.607499998},"point_estimate":27246756.77,"standard_error":78511.6082653467},"median":{"confidence_interval":{"confidence_level":0.95,"lower_bound":27128138.5,"upper_bound":27274571.5},"point_estimate":27195326.75,"standard_error":35195.23602128143},"median_abs_dev":{"confidence_interval":{"confidence_level":0.95,"lower_bound":303743.9260424674,"upper_bound":647179.3514102697},"point_estimate":471697.7065756917,"standard_error":97047.9527687646},"slope":null,"std_dev":{"confidence_interval":{"confidence_level":0.95,"lower_bound":467750.62815556745,"upper_bound":1157631.4628984458},"point_estimate":789635.9003590072,"standard_error":210906.4437923566}}