{"mean":{"confidence_interval":{"confidence_level":0.95,"lower_bound":21700389.608333334,"upper_bound":21906817.565666664},"point_estimate":21802910.453333344,"standard_error":52517.296378332874},"median":{"confidence_interval":{"confidence_level":0.95,"lower_bound":21628296.5,"upper_bound":21911027.0},"point_estimate":21755484.166666664,"standard_error":75060.1288231506},"median_abs_dev":{"confidence_interval":{"confidence_level":0.95,"lower_bound":432480.58982193103,"upper_bound":687978.278785944},"point_estimate":581723.3038723441,"standard_error":68290.75647981076},"slope":null,"std_dev":{"confidence_interval":{"confidence_level":0.95,"lower_bound":461451.6773048121,"upper_bound":589250.2647279153},"point_estimate":529258.2430502,"standard_error":32599.361979115845}}