{"mean":{"confidence_interval":{"confidence_level":0.95,"lower_bound":26908545.235625,"upper_bound":27482820.246625},"point_estimate":27181452.85,"standard_error":146401.79287098316},"median":{"confidence_interval":{"confidence_level":0.95,"lower_bound":26475478.75,"upper_bound":27456791.5},"point_estimate":26971591.25,"standard_error":270303.06369471154},"median_abs_dev":{"confidence_interval":{"confidence_level":0.95,"lower_bound":1059695.3735366464,"upper_bound":1848146.1166888475},"point_estimate":1489650.4778534174,"standard_error":202354.97761076494},"slope":null,"std_dev":{"confidence_interval":{"confidence_level":0.95,"lower_bound":1118016.7039824352,"upper_bound":1883068.9487890985},"point_estimate":1464836.6524117533,"standard_error":214057.7669769195}}