{"mean":{"confidence_interval":{"confidence_level":0.95,"lower_bound":28052229.208,"upper_bound":28288656.065249998},"point_estimate":28161589.34,"standard_error":60420.06929644373},"median":{"confidence_interval":{"confidence_level":0.95,"lower_bound":27985258.5,"upper_bound":28213248.0},"point_estimate":28148105.75,"standard_error":71199.6500124886},"median_abs_dev":{"confidence_interval":{"confidence_level":0.95,"lower_bound":334595.7566097379,"upper_bound":559932.4201092124},"point_estimate":477623.2880204916,"standard_error":58315.673924698174},"slope":null,"std_dev":{"confidence_interval":{"confidence_level":0.95,"lower_bound":381295.84855140327,"upper_bound":867752.9679753196},"point_estimate":610237.564127535,"standard_error":140504.4743231923}}