{"mean":{"confidence_interval":{"confidence_level":0.95,"lower_bound":26596016.1215,"upper_bound":26848181.673},"point_estimate":26717430.835,"standard_error":64389.61035344658},"median":{"confidence_interval":{"confidence_level":0.95,"lower_bound":26450814.5,"upper_bound":26765050.5},"point_estimate":26566177.75,"standard_error":76892.43159063347},"median_abs_dev":{"confidence_interval":{"confidence_level":0.95,"lower_bound":408150.50650388,"upper_bound":681151.2765571475},"point_estimate":503560.26261001825,"standard_error":69195.81755040608},"slope":null,"std_dev":{"confidence_interval":{"confidence_level":0.95,"lower_bound":496275.825238811,"upper_bound":786835.9557126877},"point_estimate":647164.7392890474,"standard_error":74451.66601680138}}