{"mean":{"confidence_interval":{"confidence_level":0.95,"lower_bound":26352574.503875,"upper_bound":26621238.39725},"point_estimate":26480965.915,"standard_error":68572.89071493979},"median":{"confidence_interval":{"confidence_level":0.95,"lower_bound":26158801.5,"upper_bound":26409958.75},"point_estimate":26285749.0,"standard_error":56267.77976326117},"median_abs_dev":{"confidence_interval":{"confidence_level":0.95,"lower_bound":316756.7430764437,"upper_bound":543266.143155098},"point_estimate":413272.88941293955,"standard_error":55327.449492710366},"slope":null,"std_dev":{"confidence_interval":{"confidence_level":0.95,"lower_bound":524592.3158311739,"upper_bound":838372.5112331414},"point_estimate":689826.8064659383,"standard_error":80497.64784328161}}