{"mean":{"confidence_interval":{"confidence_level":0.95,"lower_bound":25904269.91375,"upper_bound":26001281.786},"point_estimate":25951461.385,"standard_error":24690.79394354497},"median":{"confidence_interval":{"confidence_level":0.95,"lower_bound":25853164.5,"upper_bound":25961441.25},"point_estimate":25885554.5,"standard_error":34517.10901108319},"median_abs_dev":{"confidence_interval":{"confidence_level":0.95,"lower_bound":170374.45857524872,"upper_bound":290710.4267388582},"point_estimate":220621.25428318977,"standard_error":32059.895480228686},"slope":null,"std_dev":{"confidence_interval":{"confidence_level":0.95,"lower_bound":202837.74184711816,"upper_bound":293006.1581474436},"point_estimate":249513.1361609707,"standard_error":23102.863942915636}}