{"mean":{"confidence_interval":{"confidence_level":0.95,"lower_bound":27534611.0005,"upper_bound":27900983.328125},"point_estimate":27714317.95,"standard_error":93323.85606914922},"median":{"confidence_interval":{"confidence_level":0.95,"lower_bound":27243205.25,"upper_bound":27872042.0},"point_estimate":27430064.5,"standard_error":185728.62234838336},"median_abs_dev":{"confidence_interval":{"confidence_level":0.95,"lower_bound":711500.4686683416,"upper_bound":1160688.9717936516},"point_estimate":939436.8712216616,"standard_error":114885.29573490971},"slope":null,"std_dev":{"confidence_interval":{"confidence_level":0.95,"lower_bound":794815.6419238481,"upper_bound":1058884.7403250674},"point_estimate":935869.113427553,"standard_error":67181.26288225915}}