{"mean":{"confidence_interval":{"confidence_level":0.95,"lower_bound":3446257.232550001,"upper_bound":3454039.3049833337},"point_estimate":3449913.1813333337,"standard_error":1988.1522075217213},"median":{"confidence_interval":{"confidence_level":0.95,"lower_bound":3441582.666666667,"upper_bound":3449134.533333333},"point_estimate":3445416.466666667,"standard_error":1737.5524398089003},"median_abs_dev":{"confidence_interval":{"confidence_level":0.95,"lower_bound":9575.075410008845,"upper_bound":16348.881951749096},"point_estimate":13801.523154973984,"standard_error":1613.8257222926964},"slope":null,"std_dev":{"confidence_interval":{"confidence_level":0.95,"lower_bound":13657.36814473527,"upper_bound":26196.56828659595},"point_estimate":19903.990524790777,"standard_error":3273.104096972688}}