{"mean":{"confidence_interval":{"confidence_level":0.95,"lower_bound":3429104.043783332,"upper_bound":3445366.792916668},"point_estimate":3437219.4393333327,"standard_error":4149.418064917768},"median":{"confidence_interval":{"confidence_level":0.95,"lower_bound":3399524.6,"upper_bound":3470501.7666666666},"point_estimate":3460172.5666666664,"standard_error":26413.30158422934},"median_abs_dev":{"confidence_interval":{"confidence_level":0.95,"lower_bound":16016.132155656907,"upper_bound":63071.07668076409},"point_estimate":46301.10297799156,"standard_error":12937.06760356828},"slope":null,"std_dev":{"confidence_interval":{"confidence_level":0.95,"lower_bound":39927.12056484557,"upper_bound":43120.613123351104},"point_estimate":41789.37003127771,"standard_error":814.9767966040872}}