{"mean":{"confidence_interval":{"confidence_level":0.95,"lower_bound":3450540.2897000005,"upper_bound":3469363.825133333},"point_estimate":3459909.715999999,"standard_error":4807.371824611121},"median":{"confidence_interval":{"confidence_level":0.95,"lower_bound":3419870.1333333333,"upper_bound":3498535.466666667},"point_estimate":3478779.6666666665,"standard_error":32162.11526683653},"median_abs_dev":{"confidence_interval":{"confidence_level":0.95,"lower_bound":18950.592863559723,"upper_bound":71893.64488363279},"point_estimate":68697.06050038354,"standard_error":16495.62991105099},"slope":null,"std_dev":{"confidence_interval":{"confidence_level":0.95,"lower_bound":44683.14226013718,"upper_bound":52878.5492295045},"point_estimate":48301.47162048504,"standard_error":2192.0897596492546}}