{"mean":{"confidence_interval":{"confidence_level":0.95,"lower_bound":2510480549.8,"upper_bound":2528969931.9},"point_estimate":2520081314.0,"standard_error":4729450.671173788},"median":{"confidence_interval":{"confidence_level":0.95,"lower_bound":2508051348.0,"upper_bound":2531268916.5},"point_estimate":2523425131.5,"standard_error":6290358.3692494},"median_abs_dev":{"confidence_interval":{"confidence_level":0.95,"lower_bound":1713916.704171896,"upper_bound":25785085.18742323},"point_estimate":11834149.313601851,"standard_error":6386375.213103835},"slope":null,"std_dev":{"confidence_interval":{"confidence_level":0.95,"lower_bound":7802340.609311299,"upper_bound":19759294.547097154},"point_estimate":15775900.878751136,"standard_error":2929031.9111247724}}