{"mean":{"confidence_interval":{"confidence_level":0.95,"lower_bound":2460179364.2925,"upper_bound":2492979067.4825},"point_estimate":2476239942.0,"standard_error":8402730.759714644},"median":{"confidence_interval":{"confidence_level":0.95,"lower_bound":2452130014.0,"upper_bound":2492708342.5},"point_estimate":2476631330.5,"standard_error":9293575.656707617},"median_abs_dev":{"confidence_interval":{"confidence_level":0.95,"lower_bound":5455540.173044801,"upper_bound":47792109.046420455},"point_estimate":28116031.831240654,"standard_error":11046088.002974743},"slope":null,"std_dev":{"confidence_interval":{"confidence_level":0.95,"lower_bound":14160936.804138489,"upper_bound":36896928.49356716},"point_estimate":27895494.133797165,"standard_error":5923993.427281076}}