{"mean":{"confidence_interval":{"confidence_level":0.95,"lower_bound":2731482123.1124997,"upper_bound":2775374710.1725},"point_estimate":2755023675.2,"standard_error":11281388.726150129},"median":{"confidence_interval":{"confidence_level":0.95,"lower_bound":2727961478.0,"upper_bound":2779979445.0},"point_estimate":2768001891.0,"standard_error":13126115.332480932},"median_abs_dev":{"confidence_interval":{"confidence_level":0.95,"lower_bound":1991929.403436184,"upper_bound":60052584.430253506},"point_estimate":19371146.430793405,"standard_error":15085794.18623576},"slope":null,"std_dev":{"confidence_interval":{"confidence_level":0.95,"lower_bound":15380207.667191725,"upper_bound":49082068.346181154},"point_estimate":37601969.48343134,"standard_error":8650884.009272512}}