{"mean":{"confidence_interval":{"confidence_level":0.95,"lower_bound":2494817382.1425,"upper_bound":2506454144.1},"point_estimate":2500812419.3,"standard_error":2973383.441747945},"median":{"confidence_interval":{"confidence_level":0.95,"lower_bound":2493621328.0,"upper_bound":2511094275.0},"point_estimate":2500471784.0,"standard_error":4024812.9785315227},"median_abs_dev":{"confidence_interval":{"confidence_level":0.95,"lower_bound":1612083.5836797953,"upper_bound":17740038.865551353},"point_estimate":10864610.473814607,"standard_error":4114577.516961757},"slope":null,"std_dev":{"confidence_interval":{"confidence_level":0.95,"lower_bound":5675223.345992947,"upper_bound":12647791.221256418},"point_estimate":9886829.283140564,"standard_error":1866478.6779021344}}