{"mean":{"confidence_interval":{"confidence_level":0.95,"lower_bound":-0.0016172006028899206,"upper_bound":-0.00015883275340490582},"point_estimate":-0.0008834975544013135,"standard_error":0.0003763246244213255},"median":{"confidence_interval":{"confidence_level":0.95,"lower_bound":-0.0018957427162520357,"upper_bound":0.0001461610220272469},"point_estimate":-0.0008447570060651222,"standard_error":0.0005137270279768372}}