{"mean":{"confidence_interval":{"confidence_level":0.95,"lower_bound":-0.121733602998199,"upper_bound":-0.12052725763573403},"point_estimate":-0.12114824070286179,"standard_error":0.00031201617825239833},"median":{"confidence_interval":{"confidence_level":0.95,"lower_bound":-0.12180949568143906,"upper_bound":-0.12089250293547249},"point_estimate":-0.1213352574290959,"standard_error":0.0002355985179122691}}