{"mean":{"confidence_interval":{"confidence_level":0.95,"lower_bound":-0.07612632142226151,"upper_bound":-0.06483181621847946},"point_estimate":-0.071127977558475,"standard_error":0.0028881600493670966},"median":{"confidence_interval":{"confidence_level":0.95,"lower_bound":-0.07505261087942317,"upper_bound":-0.07308034860648704},"point_estimate":-0.07398915141066043,"standard_error":0.0007547782248252967}}