{"mean":{"confidence_interval":{"confidence_level":0.95,"lower_bound":0.09055597912768268,"upper_bound":0.09793545748564202},"point_estimate":0.09461182987261152,"standard_error":0.0018802507983382137},"median":{"confidence_interval":{"confidence_level":0.95,"lower_bound":0.09204209844379041,"upper_bound":0.09805652093450146},"point_estimate":0.09695214755682358,"standard_error":0.0014450567120955985}}