{"mean":{"confidence_interval":{"confidence_level":0.95,"lower_bound":0.0032616613840899204,"upper_bound":0.01149878559847977},"point_estimate":0.007893699827770995,"standard_error":0.002125334913299978},"median":{"confidence_interval":{"confidence_level":0.95,"lower_bound":0.0034774141320836893,"upper_bound":0.012573503213697101},"point_estimate":0.011563366705543032,"standard_error":0.0020369544290067838}}