{"mean":{"confidence_interval":{"confidence_level":0.95,"lower_bound":2968254018.8625,"upper_bound":3156988862.5575},"point_estimate":3064604702.5,"standard_error":48328449.85990641},"median":{"confidence_interval":{"confidence_level":0.95,"lower_bound":2866542977.0,"upper_bound":3194648133.0},"point_estimate":3140660047.5,"standard_error":100897916.45275785},"median_abs_dev":{"confidence_interval":{"confidence_level":0.95,"lower_bound":5252571.495348215,"upper_bound":243224347.82470465},"point_estimate":128296484.0479821,"standard_error":71347157.91093904},"slope":null,"std_dev":{"confidence_interval":{"confidence_level":0.95,"lower_bound":103834125.93754007,"upper_bound":180063886.545528},"point_estimate":161105502.23936537,"standard_error":19943668.339326378}}