{"mean":{"confidence_interval":{"confidence_level":0.95,"lower_bound":2575763041.6975,"upper_bound":2594801464.5625},"point_estimate":2585022555.9,"standard_error":4883939.646281113},"median":{"confidence_interval":{"confidence_level":0.95,"lower_bound":2574376068.0,"upper_bound":2603164353.0},"point_estimate":2579789657.0,"standard_error":7185103.147774037},"median_abs_dev":{"confidence_interval":{"confidence_level":0.95,"lower_bound":2308969.3231076,"upper_bound":27567974.740398437},"point_estimate":10453039.238521457,"standard_error":7173717.301922556},"slope":null,"std_dev":{"confidence_interval":{"confidence_level":0.95,"lower_bound":8681673.055041486,"upper_bound":19796185.02983961},"point_estimate":16223582.600935886,"standard_error":2747841.3994147694}}