{"mean":{"confidence_interval":{"confidence_level":0.95,"lower_bound":2456383250.575,"upper_bound":2471245235.255},"point_estimate":2463616278.6,"standard_error":3814777.5901970426},"median":{"confidence_interval":{"confidence_level":0.95,"lower_bound":2453261016.5,"upper_bound":2472997779.0},"point_estimate":2461819528.0,"standard_error":5558387.268590046},"median_abs_dev":{"confidence_interval":{"confidence_level":0.95,"lower_bound":3723125.810301304,"upper_bound":21368163.376039267},"point_estimate":13740634.997954965,"standard_error":4440380.200341154},"slope":null,"std_dev":{"confidence_interval":{"confidence_level":0.95,"lower_bound":7220856.393007429,"upper_bound":16069200.420139655},"point_estimate":12761638.351290848,"standard_error":2292838.08814793}}