{"mean":{"confidence_interval":{"confidence_level":0.95,"lower_bound":-0.366688767774752,"upper_bound":-0.30338422264129977},"point_estimate":-0.33493978449858686,"standard_error":0.01625070102454908},"median":{"confidence_interval":{"confidence_level":0.95,"lower_bound":-0.37662397547620585,"upper_bound":-0.27723336569626383},"point_estimate":-0.30959273501449913,"standard_error":0.025572346398382014}}