{"mean":{"confidence_interval":{"confidence_level":0.95,"lower_bound":0.519590319061148,"upper_bound":0.5847474949035774},"point_estimate":0.55251086750792,"standard_error":0.016691229143083533},"median":{"confidence_interval":{"confidence_level":0.95,"lower_bound":0.5087548734320657,"upper_bound":0.5948141417040238},"point_estimate":0.5556807223788793,"standard_error":0.020123957041799374}}