{"mean":{"confidence_interval":{"confidence_level":0.95,"lower_bound":0.16020113813665626,"upper_bound":0.2365778213058613},"point_estimate":0.19956139529470085,"standard_error":0.01936145219498629},"median":{"confidence_interval":{"confidence_level":0.95,"lower_bound":0.16538338197255498,"upper_bound":0.249555573757128},"point_estimate":0.2171563958918472,"standard_error":0.019981433060745162}}