{"mean":{"confidence_interval":{"confidence_level":0.95,"lower_bound":0.17948711215523944,"upper_bound":0.24091448302398283},"point_estimate":0.2099684680121945,"standard_error":0.015705054638462966},"median":{"confidence_interval":{"confidence_level":0.95,"lower_bound":0.17551884499187143,"upper_bound":0.2474965208101323},"point_estimate":0.21811166120066305,"standard_error":0.01923765888475069}}