{"mean":{"confidence_interval":{"confidence_level":0.95,"lower_bound":143332693.71333334,"upper_bound":144149741.88642856},"point_estimate":143755577.83035716,"standard_error":209415.71118187092},"median":{"confidence_interval":{"confidence_level":0.95,"lower_bound":143216271.23333335,"upper_bound":144243658.9583333},"point_estimate":143800986.29761904,"standard_error":216395.58364857332},"median_abs_dev":{"confidence_interval":{"confidence_level":0.95,"lower_bound":117797.2875186639,"upper_bound":1204869.7097092867},"point_estimate":458000.1728063757,"standard_error":295317.5761099886},"slope":{"confidence_interval":{"confidence_level":0.95,"lower_bound":143768039.80632007,"upper_bound":144533623.15021458},"point_estimate":144222647.27272728,"standard_error":198296.0161255681},"std_dev":{"confidence_interval":{"confidence_level":0.95,"lower_bound":317931.5600825485,"upper_bound":908082.333841963},"point_estimate":700304.9377422938,"standard_error":147204.9195607823}}