{"mean":{"confidence_interval":{"confidence_level":0.95,"lower_bound":-0.007091541586721053,"upper_bound":-0.005053369670173349},"point_estimate":-0.00607966521651071,"standard_error":0.0005147237738830194},"median":{"confidence_interval":{"confidence_level":0.95,"lower_bound":-0.007098332626887416,"upper_bound":-0.005823928903312181},"point_estimate":-0.006532629327137496,"standard_error":0.0003202428353682304}}