{"mean":{"confidence_interval":{"confidence_level":0.95,"lower_bound":-0.10872314507574692,"upper_bound":-0.08495830885164288},"point_estimate":-0.09667267027946624,"standard_error":0.0060695392845511315},"median":{"confidence_interval":{"confidence_level":0.95,"lower_bound":-0.09264713373399679,"upper_bound":-0.0646270566859232},"point_estimate":-0.07421562618247857,"standard_error":0.0078579477175018}}