{"mean":{"confidence_interval":{"confidence_level":0.95,"lower_bound":-0.07911741683548577,"upper_bound":-0.06647236841110411},"point_estimate":-0.07263848865183353,"standard_error":0.0032341928278042135},"median":{"confidence_interval":{"confidence_level":0.95,"lower_bound":-0.06907901479617895,"upper_bound":-0.05462130277390687},"point_estimate":-0.060563418201712294,"standard_error":0.0037325840027171093}}