{"mean":{"confidence_interval":{"confidence_level":0.95,"lower_bound":0.0015000213221296466,"upper_bound":0.0027466360805531993},"point_estimate":0.0021360702775050644,"standard_error":0.0003174767979807121},"median":{"confidence_interval":{"confidence_level":0.95,"lower_bound":0.0016510515206991094,"upper_bound":0.002919976198388685},"point_estimate":0.0023533515882783185,"standard_error":0.0003121806720315231}}