{"mean":{"confidence_interval":{"confidence_level":0.95,"lower_bound":-0.022613072105996963,"upper_bound":-0.011351634822985708},"point_estimate":-0.016061675640805295,"standard_error":0.002930078844554132},"median":{"confidence_interval":{"confidence_level":0.95,"lower_bound":-0.017197140138760947,"upper_bound":-0.01160658444922047},"point_estimate":-0.013283071505520105,"standard_error":0.0015117343752509087}}