{"mean":{"confidence_interval":{"confidence_level":0.95,"lower_bound":0.7230830632705157,"upper_bound":0.7599962749995404},"point_estimate":0.7405699976759743,"standard_error":0.009430914273054635},"median":{"confidence_interval":{"confidence_level":0.95,"lower_bound":0.712507555379351,"upper_bound":0.7602654422662727},"point_estimate":0.7284164929522001,"standard_error":0.013852085163505692}}