{"mean":{"confidence_interval":{"confidence_level":0.95,"lower_bound":-0.008996613345892265,"upper_bound":-0.004561502130738038},"point_estimate":-0.006869198505441654,"standard_error":0.0011376566012718731},"median":{"confidence_interval":{"confidence_level":0.95,"lower_bound":-0.009816396967312402,"upper_bound":-0.004005121631529329},"point_estimate":-0.007656552925810467,"standard_error":0.0014722355029874418}}