{"mean":{"confidence_interval":{"confidence_level":0.95,"lower_bound":24811487.02889509,"upper_bound":25159214.287070684},"point_estimate":24987499.504751988,"standard_error":89160.98490899715},"median":{"confidence_interval":{"confidence_level":0.95,"lower_bound":24743862.958333332,"upper_bound":25206877.91944444},"point_estimate":25046637.140625,"standard_error":124291.6905155677},"median_abs_dev":{"confidence_interval":{"confidence_level":0.95,"lower_bound":35499.197711012705,"upper_bound":508629.9988058466},"point_estimate":374957.17285151314,"standard_error":120718.88188010722},"slope":{"confidence_interval":{"confidence_level":0.95,"lower_bound":24692100.568507157,"upper_bound":25161457.99824688},"point_estimate":24911752.877922077,"standard_error":122461.53921703222},"std_dev":{"confidence_interval":{"confidence_level":0.95,"lower_bound":171942.42227198885,"upper_bound":373002.7345514114},"point_estimate":298192.50346204446,"standard_error":51172.430151705186}}