{"mean":{"confidence_interval":{"confidence_level":0.95,"lower_bound":27812506.83518006,"upper_bound":27857909.14570908},"point_estimate":27834581.019613095,"standard_error":11605.5047733679},"median":{"confidence_interval":{"confidence_level":0.95,"lower_bound":27805588.8125,"upper_bound":27864707.09375},"point_estimate":27830723.411458336,"standard_error":18098.42358361651},"median_abs_dev":{"confidence_interval":{"confidence_level":0.95,"lower_bound":5644.943802282766,"upper_bound":67907.06328190863},"point_estimate":36361.27554257908,"standard_error":16051.155523563557},"slope":{"confidence_interval":{"confidence_level":0.95,"lower_bound":27814671.475824177,"upper_bound":27864431.74747475},"point_estimate":27839040.025974028,"standard_error":12613.809160644389},"std_dev":{"confidence_interval":{"confidence_level":0.95,"lower_bound":22044.795826673795,"upper_bound":49179.59455117119},"point_estimate":38713.13958091971,"standard_error":7057.605313223226}}