{"mean":{"confidence_interval":{"confidence_level":0.95,"lower_bound":3666584774.5,"upper_bound":3738999826.625},"point_estimate":3701196852.4,"standard_error":18581320.193849158},"median":{"confidence_interval":{"confidence_level":0.95,"lower_bound":3664833489.5,"upper_bound":3749572132.5},"point_estimate":3688429146.5,"standard_error":20607212.83602611},"median_abs_dev":{"confidence_interval":{"confidence_level":0.95,"lower_bound":7104238.786974549,"upper_bound":100170114.04712498},"point_estimate":37930454.47449982,"standard_error":25359052.836268485},"slope":null,"std_dev":{"confidence_interval":{"confidence_level":0.95,"lower_bound":25067908.838703927,"upper_bound":80171344.93123268},"point_estimate":61819056.41866688,"standard_error":13443523.60520262}}