{"mean":{"confidence_interval":{"confidence_level":0.95,"lower_bound":4043239514.6,"upper_bound":4238717767.3549995},"point_estimate":4148350916.0,"standard_error":50346673.95976637},"median":{"confidence_interval":{"confidence_level":0.95,"lower_bound":3985680378.0,"upper_bound":4267650221.0},"point_estimate":4239036862.5,"standard_error":73760907.87411349},"median_abs_dev":{"confidence_interval":{"confidence_level":0.95,"lower_bound":12509531.423011422,"upper_bound":269292553.2683015},"point_estimate":63594263.72537613,"standard_error":67256176.39435641},"slope":null,"std_dev":{"confidence_interval":{"confidence_level":0.95,"lower_bound":42025276.94940596,"upper_bound":200370703.41793004},"point_estimate":168221683.9133135,"standard_error":34057200.11945026}}