{"mean":{"confidence_interval":{"confidence_level":0.95,"lower_bound":3733526992.0,"upper_bound":3805746908.0},"point_estimate":3767603577.6,"standard_error":18507475.36875726},"median":{"confidence_interval":{"confidence_level":0.95,"lower_bound":3714101860.0,"upper_bound":3809266920.0},"point_estimate":3757579746.0,"standard_error":22230290.648220338},"median_abs_dev":{"confidence_interval":{"confidence_level":0.95,"lower_bound":14537476.886308193,"upper_bound":101122296.08902037},"point_estimate":67175963.58288825,"standard_error":22235489.876799732},"slope":null,"std_dev":{"confidence_interval":{"confidence_level":0.95,"lower_bound":30480309.445313156,"upper_bound":81405434.75631118},"point_estimate":61749122.19462491,"standard_error":13703600.10625748}}