{"mean":{"confidence_interval":{"confidence_level":0.95,"lower_bound":3938384190.935,"upper_bound":4005078877.0150003},"point_estimate":3971534168.4,"standard_error":17093665.59060569},"median":{"confidence_interval":{"confidence_level":0.95,"lower_bound":3916647870.0,"upper_bound":4014659198.0},"point_estimate":3977561151.0,"standard_error":27737792.916230444},"median_abs_dev":{"confidence_interval":{"confidence_level":0.95,"lower_bound":8921631.332409382,"upper_bound":91976932.26628304},"point_estimate":62357695.28692961,"standard_error":21319943.418525405},"slope":null,"std_dev":{"confidence_interval":{"confidence_level":0.95,"lower_bound":35169982.51245939,"upper_bound":69450277.77514333},"point_estimate":56923719.149996154,"standard_error":8779967.335039578}}