{"mean":{"confidence_interval":{"confidence_level":0.95,"lower_bound":3602385984.2,"upper_bound":3656087179.6},"point_estimate":3627280004.1,"standard_error":13786172.708283601},"median":{"confidence_interval":{"confidence_level":0.95,"lower_bound":3596098469.0,"upper_bound":3654667173.0},"point_estimate":3616364550.5,"standard_error":13156692.813524643},"median_abs_dev":{"confidence_interval":{"confidence_level":0.95,"lower_bound":7793180.0144433975,"upper_bound":74495786.49073541},"point_estimate":29698850.374040008,"standard_error":17865485.170963556},"slope":null,"std_dev":{"confidence_interval":{"confidence_level":0.95,"lower_bound":18577826.647881866,"upper_bound":60683481.24041146},"point_estimate":45859170.63321549,"standard_error":11044659.951873163}}