{"mean":{"confidence_interval":{"confidence_level":0.95,"lower_bound":-0.13067788659115323,"upper_bound":-0.12697533221434246},"point_estimate":-0.12921327280104078,"standard_error":0.000984359406102346},"median":{"confidence_interval":{"confidence_level":0.95,"lower_bound":-0.13070734957443275,"upper_bound":-0.128891479056777},"point_estimate":-0.12964380177177504,"standard_error":0.0004521605413349923}}