{"mean":{"confidence_interval":{"confidence_level":0.95,"lower_bound":-0.053051561687769255,"upper_bound":-0.04813725229122765},"point_estimate":-0.05087158980717987,"standard_error":0.0012467312874979099},"median":{"confidence_interval":{"confidence_level":0.95,"lower_bound":-0.0553906242176152,"upper_bound":-0.044783742201397136},"point_estimate":-0.05048919625821713,"standard_error":0.0026580364777779946}}