{"mean":{"confidence_interval":{"confidence_level":0.95,"lower_bound":-0.239656942981072,"upper_bound":-0.23689333286330774},"point_estimate":-0.23828713027031734,"standard_error":0.0007046533984605967},"median":{"confidence_interval":{"confidence_level":0.95,"lower_bound":-0.24054707120633154,"upper_bound":-0.23458430633390542},"point_estimate":-0.23934587497046567,"standard_error":0.0017535042515971172}}