{"mean":{"confidence_interval":{"confidence_level":0.95,"lower_bound":-0.09490277294353579,"upper_bound":-0.09335331812270524},"point_estimate":-0.09414560347526624,"standard_error":0.00039227201432452067},"median":{"confidence_interval":{"confidence_level":0.95,"lower_bound":-0.09481296598950051,"upper_bound":-0.09392140734627819},"point_estimate":-0.09435975583185996,"standard_error":0.00023992762485259685}}