{"mean":{"confidence_interval":{"confidence_level":0.95,"lower_bound":0.00552145989386621,"upper_bound":0.007232225479001425},"point_estimate":0.006327071181261745,"standard_error":0.00043323356052670653},"median":{"confidence_interval":{"confidence_level":0.95,"lower_bound":0.005799912857007872,"upper_bound":0.007249327668315321},"point_estimate":0.006641197068870008,"standard_error":0.0003712543829818678}}