{"mean":{"confidence_interval":{"confidence_level":0.95,"lower_bound":0.024284918500986647,"upper_bound":0.026002804201403763},"point_estimate":0.025128058995650626,"standard_error":0.00043795776682171344},"median":{"confidence_interval":{"confidence_level":0.95,"lower_bound":0.02417291326396409,"upper_bound":0.02520393411281341},"point_estimate":0.02481910576827251,"standard_error":0.00027308061716691386}}