{"mean":{"confidence_interval":{"confidence_level":0.95,"lower_bound":-0.01222552735973416,"upper_bound":-0.0008583576114227314},"point_estimate":-0.0054451430285585856,"standard_error":0.0030247619822502},"median":{"confidence_interval":{"confidence_level":0.95,"lower_bound":-0.005572727055165871,"upper_bound":-0.0010676666296373094},"point_estimate":-0.003691947075227797,"standard_error":0.0011035185188551034}}