{"mean":{"confidence_interval":{"confidence_level":0.95,"lower_bound":557080.6642312739,"upper_bound":560478.6447281458},"point_estimate":558546.5242029369,"standard_error":876.042007947821},"median":{"confidence_interval":{"confidence_level":0.95,"lower_bound":556606.5214285714,"upper_bound":557473.8448275862},"point_estimate":557013.3691620879,"standard_error":175.96480526422732},"median_abs_dev":{"confidence_interval":{"confidence_level":0.95,"lower_bound":1470.607346348,"upper_bound":4375.8147201796255},"point_estimate":2418.8264215037175,"standard_error":868.0185463992783},"slope":{"confidence_interval":{"confidence_level":0.95,"lower_bound":555259.4481422373,"upper_bound":557160.6680036454},"point_estimate":556223.304557411,"standard_error":484.21776869311304},"std_dev":{"confidence_interval":{"confidence_level":0.95,"lower_bound":4182.015744564733,"upper_bound":13666.52313542397},"point_estimate":8833.922541572725,"standard_error":2923.503193675817}}