{"mean":{"confidence_interval":{"confidence_level":0.95,"lower_bound":658183.0997239893,"upper_bound":664031.2267529437},"point_estimate":661152.5748431336,"standard_error":1489.836729923444},"median":{"confidence_interval":{"confidence_level":0.95,"lower_bound":661835.9,"upper_bound":668245.6027039848},"point_estimate":666305.474137931,"standard_error":1462.9265391521926},"median_abs_dev":{"confidence_interval":{"confidence_level":0.95,"lower_bound":6579.2999269439615,"upper_bound":22360.8174120887},"point_estimate":8160.698467015174,"standard_error":4273.815717438463},"slope":{"confidence_interval":{"confidence_level":0.95,"lower_bound":648311.4996774974,"upper_bound":656768.5080065153},"point_estimate":652130.6330796513,"standard_error":2163.8588021112246},"std_dev":{"confidence_interval":{"confidence_level":0.95,"lower_bound":13288.558782348944,"upper_bound":16419.03135981008},"point_estimate":14982.034345458565,"standard_error":797.13748302078}}