{"mean":{"confidence_interval":{"confidence_level":0.95,"lower_bound":440321.79508230725,"upper_bound":444636.3386991463},"point_estimate":442362.31430870737,"standard_error":1096.4419295080077},"median":{"confidence_interval":{"confidence_level":0.95,"lower_bound":435189.60185185185,"upper_bound":447415.3324899852},"point_estimate":438232.7170542636,"standard_error":4903.0216943060905},"median_abs_dev":{"confidence_interval":{"confidence_level":0.95,"lower_bound":5001.110723939771,"upper_bound":15264.117913007716},"point_estimate":11476.97995457622,"standard_error":2795.539705728479},"slope":{"confidence_interval":{"confidence_level":0.95,"lower_bound":441521.723023994,"upper_bound":447492.6801792279},"point_estimate":444384.7763627407,"standard_error":1525.1765036418374},"std_dev":{"confidence_interval":{"confidence_level":0.95,"lower_bound":7718.068826998518,"upper_bound":14687.927364559731},"point_estimate":11051.43817345495,"standard_error":1851.663673147192}}