{"mean":{"confidence_interval":{"confidence_level":0.95,"lower_bound":341264.63629528973,"upper_bound":346276.25533597125},"point_estimate":343368.5910346735,"standard_error":1292.3213892210524},"median":{"confidence_interval":{"confidence_level":0.95,"lower_bound":342947.65,"upper_bound":345052.28516333934},"point_estimate":344154.2335164835,"standard_error":656.7743099374532},"median_abs_dev":{"confidence_interval":{"confidence_level":0.95,"lower_bound":2733.8011083532824,"upper_bound":6789.062333539145},"point_estimate":4498.684387561342,"standard_error":1089.7592171112972},"slope":{"confidence_interval":{"confidence_level":0.95,"lower_bound":339443.70181625563,"upper_bound":343053.65864456247},"point_estimate":341273.30026895227,"standard_error":921.1916258258806},"std_dev":{"confidence_interval":{"confidence_level":0.95,"lower_bound":5888.664043032757,"upper_bound":20347.43208702992},"point_estimate":12950.963930594424,"standard_error":4631.300145717999}}