{"mean":{"confidence_interval":{"confidence_level":0.95,"lower_bound":21879537478.190002,"upper_bound":23475254239.1},"point_estimate":22592985936.7,"standard_error":408779496.62773526},"median":{"confidence_interval":{"confidence_level":0.95,"lower_bound":21716477512.0,"upper_bound":23545902542.0},"point_estimate":21908923435.5,"standard_error":427903473.96736723},"median_abs_dev":{"confidence_interval":{"confidence_level":0.95,"lower_bound":58766400.78368783,"upper_bound":1758811566.0168529},"point_estimate":335409774.41878617,"standard_error":434593851.9960179},"slope":null,"std_dev":{"confidence_interval":{"confidence_level":0.95,"lower_bound":219253048.35317627,"upper_bound":1713236832.8688397},"point_estimate":1362354580.7980652,"standard_error":380227232.44891113}}