{"mean":{"confidence_interval":{"confidence_level":0.95,"lower_bound":22910229172.2575,"upper_bound":23682636971.885002},"point_estimate":23225241452.5,"standard_error":205125809.42573094},"median":{"confidence_interval":{"confidence_level":0.95,"lower_bound":22847755849.0,"upper_bound":23451208095.0},"point_estimate":22904841839.5,"standard_error":153385902.9623413},"median_abs_dev":{"confidence_interval":{"confidence_level":0.95,"lower_bound":2405818.6837881804,"upper_bound":664100135.1823658},"point_estimate":87609254.27172482,"standard_error":192571680.3253288},"slope":null,"std_dev":{"confidence_interval":{"confidence_level":0.95,"lower_bound":100159270.99843933,"upper_bound":1000327279.506919},"point_estimate":681797156.6526747,"standard_error":263815118.36022547}}