{"mean":{"confidence_interval":{"confidence_level":0.95,"lower_bound":16968586.794999998,"upper_bound":17030979.13452381},"point_estimate":17001176.74767857,"standard_error":15978.006643588826},"median":{"confidence_interval":{"confidence_level":0.95,"lower_bound":16966005.75,"upper_bound":17040817.625},"point_estimate":17011076.691666666,"standard_error":20124.841965628762},"median_abs_dev":{"confidence_interval":{"confidence_level":0.95,"lower_bound":9108.719175788172,"upper_bound":87299.17883013061},"point_estimate":45711.639760957456,"standard_error":19871.269259299614},"slope":{"confidence_interval":{"confidence_level":0.95,"lower_bound":16991964.923563793,"upper_bound":17037503.508684363},"point_estimate":17015595.172727272,"standard_error":11590.856004283709},"std_dev":{"confidence_interval":{"confidence_level":0.95,"lower_bound":26250.47427692039,"upper_bound":68819.4782363034},"point_estimate":53430.619243550515,"standard_error":10927.548054984869}}