{"mean":{"confidence_interval":{"confidence_level":0.95,"lower_bound":22459319857.969997,"upper_bound":23833736802.6},"point_estimate":23032621881.3,"standard_error":358678628.61427045},"median":{"confidence_interval":{"confidence_level":0.95,"lower_bound":22348336408.0,"upper_bound":23436703216.5},"point_estimate":22513683003.0,"standard_error":248183756.2623673},"median_abs_dev":{"confidence_interval":{"confidence_level":0.95,"lower_bound":26991315.923908353,"upper_bound":1320332855.087006},"point_estimate":245897053.03625464,"standard_error":307692798.26416117},"slope":null,"std_dev":{"confidence_interval":{"confidence_level":0.95,"lower_bound":119793216.2049097,"upper_bound":1700027271.223149},"point_estimate":1195022511.8615217,"standard_error":434824774.2428376}}