{"mean":{"confidence_interval":{"confidence_level":0.95,"lower_bound":22352757927.0,"upper_bound":23959640054.3825},"point_estimate":22980224710.7,"standard_error":438567156.87654454},"median":{"confidence_interval":{"confidence_level":0.95,"lower_bound":22287310382.0,"upper_bound":23105842399.0},"point_estimate":22350675178.0,"standard_error":234357674.2458432},"median_abs_dev":{"confidence_interval":{"confidence_level":0.95,"lower_bound":10437294.768100977,"upper_bound":1053227895.871067},"point_estimate":115537503.69679928,"standard_error":285421913.0011662},"slope":null,"std_dev":{"confidence_interval":{"confidence_level":0.95,"lower_bound":103191870.03093942,"upper_bound":2196290353.4775333},"point_estimate":1456961573.2167063,"standard_error":643122583.6238642}}