{"mean":{"confidence_interval":{"confidence_level":0.95,"lower_bound":22432620855.785,"upper_bound":23730037807.0},"point_estimate":22948231198.4,"standard_error":352799950.1151697},"median":{"confidence_interval":{"confidence_level":0.95,"lower_bound":22383050189.0,"upper_bound":23123713516.5},"point_estimate":22408988601.0,"standard_error":194608570.44979933},"median_abs_dev":{"confidence_interval":{"confidence_level":0.95,"lower_bound":11067602.131810784,"upper_bound":898663894.5346266},"point_estimate":58686794.80200112,"standard_error":240591036.87988433},"slope":null,"std_dev":{"confidence_interval":{"confidence_level":0.95,"lower_bound":118447017.11507332,"upper_bound":1764544952.281879},"point_estimate":1177673815.3029487,"standard_error":509656514.53233296}}