{"mean":{"confidence_interval":{"confidence_level":0.95,"lower_bound":22186182612.0,"upper_bound":23101015595.4},"point_estimate":22578542124.2,"standard_error":239953131.13898626},"median":{"confidence_interval":{"confidence_level":0.95,"lower_bound":22146582150.5,"upper_bound":23045218232.5},"point_estimate":22248426515.5,"standard_error":184729177.89070234},"median_abs_dev":{"confidence_interval":{"confidence_level":0.95,"lower_bound":28450508.609202504,"upper_bound":1115027566.4734035},"point_estimate":92904933.10260773,"standard_error":201462398.06469738},"slope":null,"std_dev":{"confidence_interval":{"confidence_level":0.95,"lower_bound":80438623.30445366,"upper_bound":1048107225.5349673},"point_estimate":798061514.6922059,"standard_error":263262964.41456753}}