{"mean":{"confidence_interval":{"confidence_level":0.95,"lower_bound":448038.98410421616,"upper_bound":452578.7756768282},"point_estimate":450100.67536649754,"standard_error":1160.895080986498},"median":{"confidence_interval":{"confidence_level":0.95,"lower_bound":442957.6722222222,"upper_bound":454534.3037037037},"point_estimate":453188.3214285714,"standard_error":3367.1100905870853},"median_abs_dev":{"confidence_interval":{"confidence_level":0.95,"lower_bound":3439.4647924463907,"upper_bound":13735.517122519226},"point_estimate":10576.335557401571,"standard_error":2944.849407447978},"slope":{"confidence_interval":{"confidence_level":0.95,"lower_bound":445682.02088015195,"upper_bound":449877.75092127896},"point_estimate":447710.6855287917,"standard_error":1072.8916794902514},"std_dev":{"confidence_interval":{"confidence_level":0.95,"lower_bound":7351.367868337376,"upper_bound":16806.05105876998},"point_estimate":11657.434619542813,"standard_error":2895.330695093758}}