{"mean":{"confidence_interval":{"confidence_level":0.95,"lower_bound":0.001180978533372845,"upper_bound":0.002931306393538929},"point_estimate":0.0020273092071305676,"standard_error":0.00045408844888995457},"median":{"confidence_interval":{"confidence_level":0.95,"lower_bound":0.0006788766283998271,"upper_bound":0.003349006032980606},"point_estimate":0.002247202928307601,"standard_error":0.000701351750206797}}