{"mean":{"confidence_interval":{"confidence_level":0.95,"lower_bound":-0.11995466951001807,"upper_bound":-0.11356524032703616},"point_estimate":-0.11672800773705172,"standard_error":0.0016390071694146312},"median":{"confidence_interval":{"confidence_level":0.95,"lower_bound":-0.1211929313906055,"upper_bound":-0.11205201514424468},"point_estimate":-0.11663939771245624,"standard_error":0.0030701447280038325}}