{"mean":{"confidence_interval":{"confidence_level":0.95,"lower_bound":0.10509347149480136,"upper_bound":0.1224149526257908},"point_estimate":0.11339298492570471,"standard_error":0.004437592416831032},"median":{"confidence_interval":{"confidence_level":0.95,"lower_bound":0.10580169660348604,"upper_bound":0.11978780423723512},"point_estimate":0.10780878844286068,"standard_error":0.0038909286230780107}}