{"mean":{"confidence_interval":{"confidence_level":0.95,"lower_bound":-0.01826641275051275,"upper_bound":-0.009036329774288598},"point_estimate":-0.013381843460327558,"standard_error":0.0025147189824476337},"median":{"confidence_interval":{"confidence_level":0.95,"lower_bound":-0.017182395675262585,"upper_bound":-0.008484147305167222},"point_estimate":-0.01319883283681167,"standard_error":0.0023843765569529934}}