{"mean":{"confidence_interval":{"confidence_level":0.95,"lower_bound":-0.05856976194616777,"upper_bound":-0.05528769553221871},"point_estimate":-0.056949089187482094,"standard_error":0.0008411279875101828},"median":{"confidence_interval":{"confidence_level":0.95,"lower_bound":-0.0593079098593734,"upper_bound":-0.054546195298832534},"point_estimate":-0.05776690896734338,"standard_error":0.0012985762645034375}}