{"mean":{"confidence_interval":{"confidence_level":0.95,"lower_bound":1265922881.8400002,"upper_bound":1288513097.0025},"point_estimate":1278275199.8,"standard_error":5823908.7087356495},"median":{"confidence_interval":{"confidence_level":0.95,"lower_bound":1267300433.0,"upper_bound":1293052452.0},"point_estimate":1283435099.5,"standard_error":6748669.103780578},"median_abs_dev":{"confidence_interval":{"confidence_level":0.95,"lower_bound":4530797.350162268,"upper_bound":29816920.18814385},"point_estimate":15943583.596944809,"standard_error":6360044.177015619},"slope":null,"std_dev":{"confidence_interval":{"confidence_level":0.95,"lower_bound":8609895.561965551,"upper_bound":26609909.400842246},"point_estimate":19434546.940999158,"standard_error":5145415.632640794}}