{"mean":{"confidence_interval":{"confidence_level":0.95,"lower_bound":1165348754.95,"upper_bound":1183871297.5},"point_estimate":1174862644.8,"standard_error":4752572.131100685},"median":{"confidence_interval":{"confidence_level":0.95,"lower_bound":1161781212.0,"upper_bound":1188649352.5},"point_estimate":1178396685.5,"standard_error":7869670.424135356},"median_abs_dev":{"confidence_interval":{"confidence_level":0.95,"lower_bound":1573369.9331671,"upper_bound":25409178.635796905},"point_estimate":21845172.12637067,"standard_error":6231293.351752662},"slope":null,"std_dev":{"confidence_interval":{"confidence_level":0.95,"lower_bound":9454560.671160333,"upper_bound":19833872.419888385},"point_estimate":15889297.865293691,"standard_error":2722706.4907639683}}