{"mean":{"confidence_interval":{"confidence_level":0.95,"lower_bound":1164292822.525,"upper_bound":1177503667.6},"point_estimate":1170839968.5,"standard_error":3391633.772717622},"median":{"confidence_interval":{"confidence_level":0.95,"lower_bound":1160953104.5,"upper_bound":1182084771.0},"point_estimate":1169901084.5,"standard_error":5582887.47316599},"median_abs_dev":{"confidence_interval":{"confidence_level":0.95,"lower_bound":2402262.6677513123,"upper_bound":18655388.676300645},"point_estimate":14926203.479906917,"standard_error":4332052.305560322},"slope":null,"std_dev":{"confidence_interval":{"confidence_level":0.95,"lower_bound":6882471.30206204,"upper_bound":13329826.071418371},"point_estimate":11257240.769748265,"standard_error":1628148.5100561292}}