{"mean":{"confidence_interval":{"confidence_level":0.95,"lower_bound":1187130024.54,"upper_bound":1195352269.6625},"point_estimate":1190845279.4,"standard_error":2118001.3034313684},"median":{"confidence_interval":{"confidence_level":0.95,"lower_bound":1186439523.0,"upper_bound":1194896030.0},"point_estimate":1188882914.5,"standard_error":1868355.155864311},"median_abs_dev":{"confidence_interval":{"confidence_level":0.95,"lower_bound":1041278.1460136175,"upper_bound":10484263.535267115},"point_estimate":4062853.9573699236,"standard_error":2415218.6958038867},"slope":null,"std_dev":{"confidence_interval":{"confidence_level":0.95,"lower_bound":2262170.0920934645,"upper_bound":9451457.280713605},"point_estimate":7044443.849899188,"standard_error":1902153.460846195}}