{"mean":{"confidence_interval":{"confidence_level":0.95,"lower_bound":1364116831.775,"upper_bound":1450625481.7475},"point_estimate":1403917990.1,"standard_error":22320788.426736698},"median":{"confidence_interval":{"confidence_level":0.95,"lower_bound":1348787513.0,"upper_bound":1451657278.5},"point_estimate":1368080367.0,"standard_error":33451566.886848096},"median_abs_dev":{"confidence_interval":{"confidence_level":0.95,"lower_bound":4468707.545864582,"upper_bound":135161739.57999945},"point_estimate":44219467.13344753,"standard_error":32971134.351961657},"slope":null,"std_dev":{"confidence_interval":{"confidence_level":0.95,"lower_bound":34939592.12516025,"upper_bound":99223805.6875672},"point_estimate":74383581.83653596,"standard_error":17886256.9633665}}