{"mean":{"confidence_interval":{"confidence_level":0.95,"lower_bound":-0.26931092790922073,"upper_bound":-0.2659101716622783},"point_estimate":-0.26760152593658726,"standard_error":0.000855925668435709},"median":{"confidence_interval":{"confidence_level":0.95,"lower_bound":-0.2693772043420023,"upper_bound":-0.26562438706355235},"point_estimate":-0.2678586134552241,"standard_error":0.0009318355202890482}}