{"mean":{"confidence_interval":{"confidence_level":0.95,"lower_bound":0.04628458274440861,"upper_bound":0.05418238160990086},"point_estimate":0.04979726663203521,"standard_error":0.002030105152173446},"median":{"confidence_interval":{"confidence_level":0.95,"lower_bound":0.04609434867108142,"upper_bound":0.051487628154968546},"point_estimate":0.04858033485054469,"standard_error":0.0013322992358190048}}