{"mean":{"confidence_interval":{"confidence_level":0.95,"lower_bound":3505016534.7425003,"upper_bound":3541645227.8},"point_estimate":3523924329.4,"standard_error":9402483.668157294},"median":{"confidence_interval":{"confidence_level":0.95,"lower_bound":3500713093.0,"upper_bound":3555256619.0},"point_estimate":3527912442.5,"standard_error":16180736.515077306},"median_abs_dev":{"confidence_interval":{"confidence_level":0.95,"lower_bound":1007225.0485181808,"upper_bound":52549848.71585369},"point_estimate":40433115.105968714,"standard_error":13367097.374347534},"slope":null,"std_dev":{"confidence_interval":{"confidence_level":0.95,"lower_bound":18730042.342876535,"upper_bound":39287208.27656585},"point_estimate":31361181.915790908,"standard_error":5459938.6459161695}}