{"mean":{"confidence_interval":{"confidence_level":0.95,"lower_bound":3648262980.7,"upper_bound":3677033335.5575},"point_estimate":3662927920.1,"standard_error":7355451.72546714},"median":{"confidence_interval":{"confidence_level":0.95,"lower_bound":3648080291.0,"upper_bound":3679484820.5},"point_estimate":3664123415.5,"standard_error":10541007.314999526},"median_abs_dev":{"confidence_interval":{"confidence_level":0.95,"lower_bound":2058894.7377473116,"upper_bound":41775072.680944204},"point_estimate":20203320.900419354,"standard_error":10792970.541355807},"slope":null,"std_dev":{"confidence_interval":{"confidence_level":0.95,"lower_bound":12999440.685529577,"upper_bound":32309080.520027988},"point_estimate":24543805.454125106,"standard_error":5100184.87619869}}