{"mean":{"confidence_interval":{"confidence_level":0.95,"lower_bound":3533256160.5825,"upper_bound":3571960067.5},"point_estimate":3552405334.0,"standard_error":9905373.728608284},"median":{"confidence_interval":{"confidence_level":0.95,"lower_bound":3529225892.0,"upper_bound":3577557508.0},"point_estimate":3548027508.5,"standard_error":13484572.279434096},"median_abs_dev":{"confidence_interval":{"confidence_level":0.95,"lower_bound":8702637.972897291,"upper_bound":55785497.13740945},"point_estimate":33235149.31385815,"standard_error":11746304.892788352},"slope":null,"std_dev":{"confidence_interval":{"confidence_level":0.95,"lower_bound":18354927.483255,"upper_bound":41890685.27324739},"point_estimate":32892379.872931063,"standard_error":6040583.70585737}}