{"mean":{"confidence_interval":{"confidence_level":0.95,"lower_bound":3320399737.2,"upper_bound":3352603975.9},"point_estimate":3339052950.4,"standard_error":8485151.268461505},"median":{"confidence_interval":{"confidence_level":0.95,"lower_bound":3328920397.5,"upper_bound":3354483728.5},"point_estimate":3350715537.0,"standard_error":6426267.013608951},"median_abs_dev":{"confidence_interval":{"confidence_level":0.95,"lower_bound":1651677.8985768557,"upper_bound":30040219.017979503},"point_estimate":12092072.783222795,"standard_error":7878306.336043189},"slope":null,"std_dev":{"confidence_interval":{"confidence_level":0.95,"lower_bound":6546351.119142502,"upper_bound":41265353.67918488},"point_estimate":28349737.422154624,"standard_error":10307759.522456387}}