{"mean":{"confidence_interval":{"confidence_level":0.95,"lower_bound":3633419666.6875,"upper_bound":3718068669.1025},"point_estimate":3673367272.6,"standard_error":21752400.503819626},"median":{"confidence_interval":{"confidence_level":0.95,"lower_bound":3611836200.0,"upper_bound":3737930726.0},"point_estimate":3645161617.5,"standard_error":31473486.32425131},"median_abs_dev":{"confidence_interval":{"confidence_level":0.95,"lower_bound":11289025.472679734,"upper_bound":116499750.36861598},"point_estimate":54908309.44998264,"standard_error":28028345.245202597},"slope":null,"std_dev":{"confidence_interval":{"confidence_level":0.95,"lower_bound":32211843.006148282,"upper_bound":89267912.15286171},"point_estimate":72541757.49364045,"standard_error":13865548.533443714}}