{"mean":{"confidence_interval":{"confidence_level":0.95,"lower_bound":2994034.476058825,"upper_bound":3467958.1272352953},"point_estimate":3157115.497647058,"standard_error":149160.54106395505},"median":{"confidence_interval":{"confidence_level":0.95,"lower_bound":2967232.294117647,"upper_bound":2998749.117647059},"point_estimate":2986901.8235294116,"standard_error":7800.179918324358},"median_abs_dev":{"confidence_interval":{"confidence_level":0.95,"lower_bound":49122.112810261315,"upper_bound":85463.5161533074},"point_estimate":69025.40697455371,"standard_error":9296.70962725565},"slope":null,"std_dev":{"confidence_interval":{"confidence_level":0.95,"lower_bound":76671.44179664389,"upper_bound":2562895.956153323},"point_estimate":1495864.7811032222,"standard_error":898584.6998718423}}