{"mean":{"confidence_interval":{"confidence_level":0.95,"lower_bound":3032851.825765625,"upper_bound":3056213.81778125},"point_estimate":3044249.82375,"standard_error":5972.535348927225},"median":{"confidence_interval":{"confidence_level":0.95,"lower_bound":3020767.125,"upper_bound":3047275.4375},"point_estimate":3030983.90625,"standard_error":6208.877404222766},"median_abs_dev":{"confidence_interval":{"confidence_level":0.95,"lower_bound":38815.764585882425,"upper_bound":61557.50457588583},"point_estimate":49542.190070450306,"standard_error":5710.235743559174},"slope":null,"std_dev":{"confidence_interval":{"confidence_level":0.95,"lower_bound":49024.491709423935,"upper_bound":70066.35331433054},"point_estimate":60086.57386511337,"standard_error":5381.4717985791185}}