{"mean":{"confidence_interval":{"confidence_level":0.95,"lower_bound":2970542.7105588233,"upper_bound":2985689.4971176456},"point_estimate":2977993.7976470576,"standard_error":3843.1845798861796},"median":{"confidence_interval":{"confidence_level":0.95,"lower_bound":2966289.1764705884,"upper_bound":2986892.1764705884},"point_estimate":2977632.323529412,"standard_error":4954.397225275998},"median_abs_dev":{"confidence_interval":{"confidence_level":0.95,"lower_bound":30181.601626522137,"upper_bound":48042.03872943611},"point_estimate":38751.50041790517,"standard_error":4358.484712165618},"slope":null,"std_dev":{"confidence_interval":{"confidence_level":0.95,"lower_bound":32136.804022079436,"upper_bound":45045.21659150284},"point_estimate":38582.700333945715,"standard_error":3334.953391406705}}