{"mean":{"confidence_interval":{"confidence_level":0.95,"lower_bound":3148755.43578125,"upper_bound":3186552.2063125},"point_estimate":3167017.635,"standard_error":9688.248507192837},"median":{"confidence_interval":{"confidence_level":0.95,"lower_bound":3118043.0625,"upper_bound":3165923.53125},"point_estimate":3132390.28125,"standard_error":13031.550002840811},"median_abs_dev":{"confidence_interval":{"confidence_level":0.95,"lower_bound":53517.96722486615,"upper_bound":101906.78717829287},"point_estimate":74194.8161015287,"standard_error":12182.186110304277},"slope":null,"std_dev":{"confidence_interval":{"confidence_level":0.95,"lower_bound":76651.11527093341,"upper_bound":115972.23947869436},"point_estimate":97087.9445150609,"standard_error":10056.961999785934}}