{"mean":{"confidence_interval":{"confidence_level":0.95,"lower_bound":434131.0024051156,"upper_bound":439036.90239273926},"point_estimate":435947.7981512259,"standard_error":1408.593742525182},"median":{"confidence_interval":{"confidence_level":0.95,"lower_bound":433840.74432755774,"upper_bound":435566.9707920792},"point_estimate":434457.4885077793,"standard_error":551.6233219928805},"median_abs_dev":{"confidence_interval":{"confidence_level":0.95,"lower_bound":189.1039752318166,"upper_bound":1865.7104125204787},"point_estimate":959.627669448377,"standard_error":561.0327524249445},"slope":{"confidence_interval":{"confidence_level":0.95,"lower_bound":434128.8119399477,"upper_bound":435526.3570028878},"point_estimate":434893.23829240067,"standard_error":366.3716485433627},"std_dev":{"confidence_interval":{"confidence_level":0.95,"lower_bound":491.43015968836824,"upper_bound":7250.323559509888},"point_estimate":4720.1110855104325,"standard_error":2358.7030935860244}}