{"mean":{"confidence_interval":{"confidence_level":0.95,"lower_bound":439868.5875982906,"upper_bound":441691.47407617525},"point_estimate":440684.9122948718,"standard_error":471.308184253103},"median":{"confidence_interval":{"confidence_level":0.95,"lower_bound":439831.8393162393,"upper_bound":441569.96641025646},"point_estimate":440147.05811965815,"standard_error":390.87044228965135},"median_abs_dev":{"confidence_interval":{"confidence_level":0.95,"lower_bound":109.71911410328876,"upper_bound":2319.3434109259406},"point_estimate":520.895534290711,"standard_error":543.2289906488589},"slope":{"confidence_interval":{"confidence_level":0.95,"lower_bound":439604.9750591265,"upper_bound":441827.76196591597},"point_estimate":440395.65312021313,"standard_error":564.9968465939177},"std_dev":{"confidence_interval":{"confidence_level":0.95,"lower_bound":404.26335014797314,"upper_bound":2126.3348467831065},"point_estimate":1571.7028595737356,"standard_error":451.7017927225724}}