{"mean":{"confidence_interval":{"confidence_level":0.95,"lower_bound":446754.1988577839,"upper_bound":450178.5973603988},"point_estimate":448370.1783469679,"standard_error":880.0348652978385},"median":{"confidence_interval":{"confidence_level":0.95,"lower_bound":446556.883992674,"upper_bound":450578.3333333333},"point_estimate":447198.1744444445,"standard_error":1195.2329838337491},"median_abs_dev":{"confidence_interval":{"confidence_level":0.95,"lower_bound":167.21428677491502,"upper_bound":5037.7713087155025},"point_estimate":2091.6587589168953,"standard_error":1315.958738344537},"slope":{"confidence_interval":{"confidence_level":0.95,"lower_bound":445802.3813941202,"upper_bound":447791.55896880827},"point_estimate":446621.9226640027,"standard_error":498.9892078117877},"std_dev":{"confidence_interval":{"confidence_level":0.95,"lower_bound":1409.9359816654758,"upper_bound":3862.2885585688423},"point_estimate":2926.7613286414985,"standard_error":655.0469530841473}}