{"mean":{"confidence_interval":{"confidence_level":0.95,"lower_bound":-0.18797621849124785,"upper_bound":-0.17553165058233636},"point_estimate":-0.18181286948968856,"standard_error":0.0031864270204069725},"median":{"confidence_interval":{"confidence_level":0.95,"lower_bound":-0.18890630211391535,"upper_bound":-0.17244136016964406},"point_estimate":-0.181030231055619,"standard_error":0.004055409406958372}}