{"mean":{"confidence_interval":{"confidence_level":0.95,"lower_bound":-0.051930560826478386,"upper_bound":-0.037791521082508},"point_estimate":-0.04490185270206226,"standard_error":0.003623246642740133},"median":{"confidence_interval":{"confidence_level":0.95,"lower_bound":-0.0555460481733685,"upper_bound":-0.03393381836303022},"point_estimate":-0.04615481467586402,"standard_error":0.005406564101746665}}