{"mean":{"confidence_interval":{"confidence_level":0.95,"lower_bound":-0.13428683136994024,"upper_bound":-0.09051286217058142},"point_estimate":-0.11377226705126231,"standard_error":0.011228156472033884},"median":{"confidence_interval":{"confidence_level":0.95,"lower_bound":-0.14428195665668242,"upper_bound":-0.0741709075978918},"point_estimate":-0.12330034659759936,"standard_error":0.01665291959220448}}