{"mean":{"confidence_interval":{"confidence_level":0.95,"lower_bound":0.0469809951838057,"upper_bound":0.056046297771461556},"point_estimate":0.051534319569667586,"standard_error":0.002344770792454272},"median":{"confidence_interval":{"confidence_level":0.95,"lower_bound":0.04367582126813763,"upper_bound":0.058138711049963376},"point_estimate":0.04958054287726377,"standard_error":0.0038519639842851043}}