{"mean":{"confidence_interval":{"confidence_level":0.95,"lower_bound":-0.1715057011691239,"upper_bound":-0.15434836554056192},"point_estimate":-0.1625894111639431,"standard_error":0.004410794158522911},"median":{"confidence_interval":{"confidence_level":0.95,"lower_bound":-0.17665129004706648,"upper_bound":-0.15147784443598966},"point_estimate":-0.15512687740050257,"standard_error":0.006197261222784899}}