{"mean":{"confidence_interval":{"confidence_level":0.95,"lower_bound":-0.010245147237271112,"upper_bound":-0.006536809891801054},"point_estimate":-0.008406329674228608,"standard_error":0.0009355545095256369},"median":{"confidence_interval":{"confidence_level":0.95,"lower_bound":-0.009980315735619971,"upper_bound":-0.007543593009969096},"point_estimate":-0.008348231137479845,"standard_error":0.0006279865487515208}}