{"mean":{"confidence_interval":{"confidence_level":0.95,"lower_bound":-0.013790991114597917,"upper_bound":0.007423544783391494},"point_estimate":-0.0031143953429976223,"standard_error":0.005435211293578771},"median":{"confidence_interval":{"confidence_level":0.95,"lower_bound":-0.01979988850865466,"upper_bound":0.010291485199281025},"point_estimate":0.005933767096849785,"standard_error":0.007526671576655978}}