{"mean":{"confidence_interval":{"confidence_level":0.95,"lower_bound":-0.19853866554519825,"upper_bound":-0.1927603683172453},"point_estimate":-0.1959312751253346,"standard_error":0.0015111493174581418},"median":{"confidence_interval":{"confidence_level":0.95,"lower_bound":-0.19968801232879396,"upper_bound":-0.19403305633861534},"point_estimate":-0.19833887851602905,"standard_error":0.001470762600772239}}