{"mean":{"confidence_interval":{"confidence_level":0.95,"lower_bound":-0.012339120342344358,"upper_bound":-0.003389960951434063},"point_estimate":-0.007642704733843875,"standard_error":0.002295864379169204},"median":{"confidence_interval":{"confidence_level":0.95,"lower_bound":-0.01476855546120548,"upper_bound":-0.0013853364978922977},"point_estimate":-0.00535340448973487,"standard_error":0.0034240510838943216}}