{"mean":{"confidence_interval":{"confidence_level":0.95,"lower_bound":0.05216549045191727,"upper_bound":0.06419265106605224},"point_estimate":0.05943164202476248,"standard_error":0.0032611162671680577},"median":{"confidence_interval":{"confidence_level":0.95,"lower_bound":0.05996555429517536,"upper_bound":0.06324879418308416},"point_estimate":0.06198767198120736,"standard_error":0.0011722288574834072}}