{"mean":{"confidence_interval":{"confidence_level":0.95,"lower_bound":2812333301.175,"upper_bound":2851424672.2325},"point_estimate":2829914598.7,"standard_error":10069029.143052155},"median":{"confidence_interval":{"confidence_level":0.95,"lower_bound":2805350997.0,"upper_bound":2853750049.0},"point_estimate":2818734637.5,"standard_error":11344003.659169134},"median_abs_dev":{"confidence_interval":{"confidence_level":0.95,"lower_bound":4772074.187278748,"upper_bound":54255160.40977836},"point_estimate":23639207.79182017,"standard_error":12021019.552428156},"slope":null,"std_dev":{"confidence_interval":{"confidence_level":0.95,"lower_bound":10881857.038692098,"upper_bound":45867302.34137252},"point_estimate":33591971.1457665,"standard_error":9133631.330729596}}