{"mean":{"confidence_interval":{"confidence_level":0.95,"lower_bound":3434271226.4,"upper_bound":3505168187.545},"point_estimate":3468935712.2,"standard_error":17971156.616945706},"median":{"confidence_interval":{"confidence_level":0.95,"lower_bound":3437001219.0,"upper_bound":3493202453.0},"point_estimate":3464950191.5,"standard_error":12296961.876117187},"median_abs_dev":{"confidence_interval":{"confidence_level":0.95,"lower_bound":5054487.243264914,"upper_bound":95934124.28872883},"point_estimate":27402774.481603503,"standard_error":23874938.84583789},"slope":null,"std_dev":{"confidence_interval":{"confidence_level":0.95,"lower_bound":20139133.753017165,"upper_bound":83660202.5110915},"point_estimate":60090690.93427001,"standard_error":16120157.599413298}}