{"mean":{"confidence_interval":{"confidence_level":0.95,"lower_bound":3423882986.225,"upper_bound":3481832429.6},"point_estimate":3450635095.0,"standard_error":14944477.523432033},"median":{"confidence_interval":{"confidence_level":0.95,"lower_bound":3413663668.0,"upper_bound":3479955492.0},"point_estimate":3435385322.5,"standard_error":19721934.649109438},"median_abs_dev":{"confidence_interval":{"confidence_level":0.95,"lower_bound":3019360.8069956303,"upper_bound":83121249.20460284},"point_estimate":36274470.36429942,"standard_error":18998180.823609132},"slope":null,"std_dev":{"confidence_interval":{"confidence_level":0.95,"lower_bound":22301792.556637153,"upper_bound":66841509.938737914},"point_estimate":49825540.56127022,"standard_error":12333416.502644073}}