{"mean":{"confidence_interval":{"confidence_level":0.95,"lower_bound":2638668520.1125,"upper_bound":2665451870.0},"point_estimate":2652490336.4,"standard_error":6862644.900529651},"median":{"confidence_interval":{"confidence_level":0.95,"lower_bound":2638499642.5,"upper_bound":2671289894.5},"point_estimate":2651073539.0,"standard_error":9844751.800291196},"median_abs_dev":{"confidence_interval":{"confidence_level":0.95,"lower_bound":4370082.771715522,"upper_bound":42561727.62487829},"point_estimate":21465868.938204646,"standard_error":9124167.65378843},"slope":null,"std_dev":{"confidence_interval":{"confidence_level":0.95,"lower_bound":12779533.319145551,"upper_bound":29904511.960266907},"point_estimate":22924663.507760298,"standard_error":4606907.611952276}}