{"mean":{"confidence_interval":{"confidence_level":0.95,"lower_bound":31424398.560000002,"upper_bound":33143455.895},"point_estimate":32301079.0,"standard_error":439231.3432046595},"median":{"confidence_interval":{"confidence_level":0.95,"lower_bound":30546485.0,"upper_bound":33515183.0},"point_estimate":32878448.5,"standard_error":788101.5712376443},"median_abs_dev":{"confidence_interval":{"confidence_level":0.95,"lower_bound":130455.45428395271,"upper_bound":2478864.9018913507},"point_estimate":1750253.0056267977,"standard_error":625991.3537069844},"slope":null,"std_dev":{"confidence_interval":{"confidence_level":0.95,"lower_bound":916966.0579281123,"upper_bound":1709319.7561831856},"point_estimate":1465538.6776097799,"standard_error":202804.4816379977}}