{"mean":{"confidence_interval":{"confidence_level":0.95,"lower_bound":30003531.2,"upper_bound":30927429.4},"point_estimate":30470239.2,"standard_error":236332.74101780896},"median":{"confidence_interval":{"confidence_level":0.95,"lower_bound":29863470.0,"upper_bound":31002570.0},"point_estimate":30528454.5,"standard_error":357171.077670789},"median_abs_dev":{"confidence_interval":{"confidence_level":0.95,"lower_bound":105521.0879266262,"upper_bound":1297882.8429579735},"point_estimate":725934.3207120895,"standard_error":347750.67729863693},"slope":null,"std_dev":{"confidence_interval":{"confidence_level":0.95,"lower_bound":442745.43212038197,"upper_bound":1002038.8452078259},"point_estimate":788322.3865762592,"standard_error":142693.87894937582}}