{"mean":{"confidence_interval":{"confidence_level":0.95,"lower_bound":54212025.7025,"upper_bound":55752112.6325},"point_estimate":54984710.7,"standard_error":392488.7566267393},"median":{"confidence_interval":{"confidence_level":0.95,"lower_bound":54382739.5,"upper_bound":55738181.0},"point_estimate":54827395.5,"standard_error":404212.84987874184},"median_abs_dev":{"confidence_interval":{"confidence_level":0.95,"lower_bound":86198.36246967316,"upper_bound":2228696.1714327335},"point_estimate":719323.4074294567,"standard_error":532241.7697758438},"slope":null,"std_dev":{"confidence_interval":{"confidence_level":0.95,"lower_bound":558136.6636431804,"upper_bound":1790490.0775918586},"point_estimate":1312465.4887695608,"standard_error":313727.4770678233}}