{"mean":{"confidence_interval":{"confidence_level":0.95,"lower_bound":21068943.2,"upper_bound":22189418.8},"point_estimate":21611034.2,"standard_error":286522.2658729962},"median":{"confidence_interval":{"confidence_level":0.95,"lower_bound":20898276.5,"upper_bound":22201302.0},"point_estimate":21548800.0,"standard_error":371213.69464127545},"median_abs_dev":{"confidence_interval":{"confidence_level":0.95,"lower_bound":140750.62850117683,"upper_bound":1619767.1580433846},"point_estimate":808296.4557498693,"standard_error":353620.0660995469},"slope":null,"std_dev":{"confidence_interval":{"confidence_level":0.95,"lower_bound":505825.32613147306,"upper_bound":1243165.723062702},"point_estimate":953412.9637428077,"standard_error":193097.24372689013}}