{"mean":{"confidence_interval":{"confidence_level":0.95,"lower_bound":32557476.9,"upper_bound":33473162.7},"point_estimate":32997574.1,"standard_error":234726.90700541085},"median":{"confidence_interval":{"confidence_level":0.95,"lower_bound":32337243.0,"upper_bound":33664587.0},"point_estimate":32890636.5,"standard_error":302861.2259360994},"median_abs_dev":{"confidence_interval":{"confidence_level":0.95,"lower_bound":144949.3516266346,"upper_bound":1299766.4862245321},"point_estimate":983960.0897312164,"standard_error":326433.44302872906},"slope":null,"std_dev":{"confidence_interval":{"confidence_level":0.95,"lower_bound":401342.5375605814,"upper_bound":989326.4899803526},"point_estimate":784807.3667270134,"standard_error":147209.94809637064}}