{"mean":{"confidence_interval":{"confidence_level":0.95,"lower_bound":20521902.6,"upper_bound":20997699.8},"point_estimate":20762218.9,"standard_error":120990.65959222874},"median":{"confidence_interval":{"confidence_level":0.95,"lower_bound":20450240.5,"upper_bound":20984379.0},"point_estimate":20790237.0,"standard_error":112870.32901727376},"median_abs_dev":{"confidence_interval":{"confidence_level":0.95,"lower_bound":61684.31320488453,"upper_bound":732245.7488000393},"point_estimate":211756.7890405655,"standard_error":177393.2397981247},"slope":null,"std_dev":{"confidence_interval":{"confidence_level":0.95,"lower_bound":162411.59600152003,"upper_bound":537337.7750857236},"point_estimate":404342.04915048234,"standard_error":89985.29754645188}}