{"mean":{"confidence_interval":{"confidence_level":0.95,"lower_bound":29988424.7,"upper_bound":31065776.104999997},"point_estimate":30511495.2,"standard_error":275874.1953188693},"median":{"confidence_interval":{"confidence_level":0.95,"lower_bound":29734078.0,"upper_bound":31284257.5},"point_estimate":30350938.5,"standard_error":407760.4549184684},"median_abs_dev":{"confidence_interval":{"confidence_level":0.95,"lower_bound":269446.9779163599,"upper_bound":1543915.8607900143},"point_estimate":1017907.1813285351,"standard_error":325302.973029907},"slope":null,"std_dev":{"confidence_interval":{"confidence_level":0.95,"lower_bound":525698.3723369611,"upper_bound":1127889.7962005765},"point_estimate":917784.2146828779,"standard_error":152921.78425801577}}