{"mean":{"confidence_interval":{"confidence_level":0.95,"lower_bound":30050170.1175,"upper_bound":30546529.93},"point_estimate":30301997.9,"standard_error":126764.53845255598},"median":{"confidence_interval":{"confidence_level":0.95,"lower_bound":30045059.0,"upper_bound":30508070.0},"point_estimate":30376073.0,"standard_error":127309.55647096125},"median_abs_dev":{"confidence_interval":{"confidence_level":0.95,"lower_bound":61969.71369981766,"upper_bound":748417.9493129253},"point_estimate":235333.83512198925,"standard_error":169840.57506545307},"slope":null,"std_dev":{"confidence_interval":{"confidence_level":0.95,"lower_bound":183367.5695280445,"upper_bound":574440.5210077285},"point_estimate":422863.971072771,"standard_error":101199.98696850923}}