{"mean":{"confidence_interval":{"confidence_level":0.95,"lower_bound":54951314.29000001,"upper_bound":58208801.2},"point_estimate":56456448.5,"standard_error":837345.7450011858},"median":{"confidence_interval":{"confidence_level":0.95,"lower_bound":53906724.0,"upper_bound":58045427.0},"point_estimate":55860018.0,"standard_error":1185508.8902444937},"median_abs_dev":{"confidence_interval":{"confidence_level":0.95,"lower_bound":305697.28857278824,"upper_bound":4867463.928285241},"point_estimate":2984643.5047119856,"standard_error":1101810.5250703872},"slope":null,"std_dev":{"confidence_interval":{"confidence_level":0.95,"lower_bound":1395976.564437244,"upper_bound":3745750.381354823},"point_estimate":2788796.4263918283,"standard_error":674633.3979790693}}