{"mean":{"confidence_interval":{"confidence_level":0.95,"lower_bound":29493037.862499997,"upper_bound":30399539.9},"point_estimate":29992537.2,"standard_error":233885.66219898552},"median":{"confidence_interval":{"confidence_level":0.95,"lower_bound":29582508.0,"upper_bound":30569653.5},"point_estimate":30148667.0,"standard_error":232843.61625047712},"median_abs_dev":{"confidence_interval":{"confidence_level":0.95,"lower_bound":81507.4161529541,"upper_bound":1082604.1376799345},"point_estimate":470809.2585414648,"standard_error":263469.86426811956},"slope":null,"std_dev":{"confidence_interval":{"confidence_level":0.95,"lower_bound":279683.15131354943,"upper_bound":1085118.9231596743},"point_estimate":780865.938409803,"standard_error":227805.93103496532}}