{"mean":{"confidence_interval":{"confidence_level":0.95,"lower_bound":53096592.4,"upper_bound":57180478.5},"point_estimate":54969358.3,"standard_error":1049405.518619649},"median":{"confidence_interval":{"confidence_level":0.95,"lower_bound":52858005.0,"upper_bound":57450878.5},"point_estimate":53907196.0,"standard_error":1019697.0061042499},"median_abs_dev":{"confidence_interval":{"confidence_level":0.95,"lower_bound":533039.168536663,"upper_bound":5574748.623928428},"point_estimate":1805243.3799505234,"standard_error":1216155.5885561486},"slope":null,"std_dev":{"confidence_interval":{"confidence_level":0.95,"lower_bound":1081452.4950482408,"upper_bound":4520384.576636457},"point_estimate":3509593.4802096398,"standard_error":873912.1514606024}}