{"mean":{"confidence_interval":{"confidence_level":0.95,"lower_bound":3098360.231453125,"upper_bound":3542639.573328125},"point_estimate":3251668.38,"standard_error":139665.59883859378},"median":{"confidence_interval":{"confidence_level":0.95,"lower_bound":3072127.75,"upper_bound":3125486.3125},"point_estimate":3093188.96875,"standard_error":11794.017326917361},"median_abs_dev":{"confidence_interval":{"confidence_level":0.95,"lower_bound":70270.92994619161,"upper_bound":125599.24440141767},"point_estimate":97789.32906389236,"standard_error":14766.57223630931},"slope":null,"std_dev":{"confidence_interval":{"confidence_level":0.95,"lower_bound":79676.89044422215,"upper_bound":2407291.2162830294},"point_estimate":1404984.3441126088,"standard_error":842011.8701221077}}