{"mean":{"confidence_interval":{"confidence_level":0.95,"lower_bound":2908687.8092205874,"upper_bound":3321676.473220589},"point_estimate":3051829.5111764707,"standard_error":127840.86793836959},"median":{"confidence_interval":{"confidence_level":0.95,"lower_bound":2889448.117647059,"upper_bound":2904130.2352941176},"point_estimate":2897230.3529411764,"standard_error":3166.1944550364424},"median_abs_dev":{"confidence_interval":{"confidence_level":0.95,"lower_bound":29627.667391651303,"upper_bound":51929.63388982905},"point_estimate":42640.75260179874,"standard_error":5570.073520012019},"slope":null,"std_dev":{"confidence_interval":{"confidence_level":0.95,"lower_bound":64694.3781981086,"upper_bound":2191631.300078684},"point_estimate":1280906.7997870138,"standard_error":755653.5522986583}}