{"mean":{"confidence_interval":{"confidence_level":0.95,"lower_bound":2165336.684782609,"upper_bound":2489427.7130434783},"point_estimate":2276271.6439130437,"standard_error":102432.84568932986},"median":{"confidence_interval":{"confidence_level":0.95,"lower_bound":2153381.195652174,"upper_bound":2166288.847826087},"point_estimate":2159505.4130434785,"standard_error":3159.516823449673},"median_abs_dev":{"confidence_interval":{"confidence_level":0.95,"lower_bound":19019.179227559416,"upper_bound":33479.234614320005},"point_estimate":27344.26815367212,"standard_error":3507.776910358849},"slope":null,"std_dev":{"confidence_interval":{"confidence_level":0.95,"lower_bound":33304.74670774525,"upper_bound":1763713.5129568123},"point_estimate":1029394.8358358471,"standard_error":620976.5226421219}}