{"mean":{"confidence_interval":{"confidence_level":0.95,"lower_bound":3167616.9420625,"upper_bound":3214443.89815625},"point_estimate":3188833.2525,"standard_error":11991.681104171657},"median":{"confidence_interval":{"confidence_level":0.95,"lower_bound":3145968.625,"upper_bound":3171538.6875},"point_estimate":3159412.90625,"standard_error":7434.551607020654},"median_abs_dev":{"confidence_interval":{"confidence_level":0.95,"lower_bound":35794.503827020526,"upper_bound":61096.59435938112},"point_estimate":47071.02023307234,"standard_error":6606.44118978798},"slope":null,"std_dev":{"confidence_interval":{"confidence_level":0.95,"lower_bound":66930.73141057171,"upper_bound":168453.67320047447},"point_estimate":120463.26502873022,"standard_error":26313.850311221602}}