{"mean":{"confidence_interval":{"confidence_level":0.95,"lower_bound":1958952234.0825,"upper_bound":1975432585.395},"point_estimate":1966363012.2,"standard_error":4234678.621303768},"median":{"confidence_interval":{"confidence_level":0.95,"lower_bound":1956175597.0,"upper_bound":1975378866.5},"point_estimate":1960430877.0,"standard_error":4320018.114201368},"median_abs_dev":{"confidence_interval":{"confidence_level":0.95,"lower_bound":724690.4193341732,"upper_bound":21913970.69554925},"point_estimate":7102026.006513834,"standard_error":4849909.583175527},"slope":null,"std_dev":{"confidence_interval":{"confidence_level":0.95,"lower_bound":4033041.8071080768,"upper_bound":18459290.504107967},"point_estimate":14147104.02688595,"standard_error":3745130.865571865}}