{"mean":{"confidence_interval":{"confidence_level":0.95,"lower_bound":2853013265.6,"upper_bound":2870334229.7349997},"point_estimate":2861686857.8,"standard_error":4422349.041752139},"median":{"confidence_interval":{"confidence_level":0.95,"lower_bound":2852275496.0,"upper_bound":2869882441.0},"point_estimate":2861791420.5,"standard_error":4215751.593881637},"median_abs_dev":{"confidence_interval":{"confidence_level":0.95,"lower_bound":2062584.1877818108,"upper_bound":24889060.32603085},"point_estimate":9591772.450911999,"standard_error":5729911.370451559},"slope":null,"std_dev":{"confidence_interval":{"confidence_level":0.95,"lower_bound":6532663.8108448675,"upper_bound":19920747.079871397},"point_estimate":14761812.332253877,"standard_error":3378835.6213634177}}