{"mean":{"confidence_interval":{"confidence_level":0.95,"lower_bound":2705047896.365,"upper_bound":2735904615.1},"point_estimate":2720849437.6,"standard_error":7933119.250225063},"median":{"confidence_interval":{"confidence_level":0.95,"lower_bound":2697464674.0,"upper_bound":2740857186.0},"point_estimate":2730242313.0,"standard_error":14206111.431664031},"median_abs_dev":{"confidence_interval":{"confidence_level":0.95,"lower_bound":2953132.324871421,"upper_bound":39733793.454784155},"point_estimate":28390154.18817401,"standard_error":10979035.243521227},"slope":null,"std_dev":{"confidence_interval":{"confidence_level":0.95,"lower_bound":15975300.185336335,"upper_bound":32019465.242657777},"point_estimate":26371947.52955065,"standard_error":4126907.1896194015}}