{"mean":{"confidence_interval":{"confidence_level":0.95,"lower_bound":2848872037.1,"upper_bound":2880645944.22},"point_estimate":2864354170.6,"standard_error":8124112.216956704},"median":{"confidence_interval":{"confidence_level":0.95,"lower_bound":2845221590.0,"upper_bound":2887590507.5},"point_estimate":2853031882.0,"standard_error":13256609.663929645},"median_abs_dev":{"confidence_interval":{"confidence_level":0.95,"lower_bound":1076071.0608959198,"upper_bound":41358472.46654034},"point_estimate":31384298.193517327,"standard_error":12236270.548319137},"slope":null,"std_dev":{"confidence_interval":{"confidence_level":0.95,"lower_bound":16159382.6312147,"upper_bound":33605448.00736888},"point_estimate":27166562.981961783,"standard_error":4507128.990394038}}