{"mean":{"confidence_interval":{"confidence_level":0.95,"lower_bound":2624394948.7,"upper_bound":2661055381.9},"point_estimate":2642949051.1,"standard_error":9381250.075505722},"median":{"confidence_interval":{"confidence_level":0.95,"lower_bound":2626841224.0,"upper_bound":2663528234.0},"point_estimate":2640242419.5,"standard_error":9841557.658930847},"median_abs_dev":{"confidence_interval":{"confidence_level":0.95,"lower_bound":4439596.695381403,"upper_bound":55209162.34314144},"point_estimate":20099454.394063354,"standard_error":12638238.316467872},"slope":null,"std_dev":{"confidence_interval":{"confidence_level":0.95,"lower_bound":14559088.625154575,"upper_bound":42235084.5687983},"point_estimate":31300092.545680005,"standard_error":7149303.161259956}}