{"mean":{"confidence_interval":{"confidence_level":0.95,"lower_bound":2480045197.4525,"upper_bound":2497805468.275},"point_estimate":2489157268.1,"standard_error":4540275.568683568},"median":{"confidence_interval":{"confidence_level":0.95,"lower_bound":2474685750.0,"upper_bound":2501175777.0},"point_estimate":2493884195.0,"standard_error":7059592.157504321},"median_abs_dev":{"confidence_interval":{"confidence_level":0.95,"lower_bound":2727439.8373782635,"upper_bound":22987444.241291285},"point_estimate":16097890.378305316,"standard_error":5691510.079779851},"slope":null,"std_dev":{"confidence_interval":{"confidence_level":0.95,"lower_bound":8640984.471415933,"upper_bound":18589384.255925715},"point_estimate":15095784.54769997,"standard_error":2550774.692754605}}