{"mean":{"confidence_interval":{"confidence_level":0.95,"lower_bound":2867540917.1,"upper_bound":2923925342.8925},"point_estimate":2895349706.5,"standard_error":14434718.31692341},"median":{"confidence_interval":{"confidence_level":0.95,"lower_bound":2856708182.5,"upper_bound":2928773838.5},"point_estimate":2897173390.5,"standard_error":16697126.499896899},"median_abs_dev":{"confidence_interval":{"confidence_level":0.95,"lower_bound":14011832.185140252,"upper_bound":84112222.73350954},"point_estimate":38130338.60295117,"standard_error":18904083.64052861},"slope":null,"std_dev":{"confidence_interval":{"confidence_level":0.95,"lower_bound":25478998.868146714,"upper_bound":62455374.23387413},"point_estimate":48072511.68885571,"standard_error":9531857.249012776}}