{"mean":{"confidence_interval":{"confidence_level":0.95,"lower_bound":3316646133.835,"upper_bound":3328577077.51},"point_estimate":3322460489.5,"standard_error":3054676.399328145},"median":{"confidence_interval":{"confidence_level":0.95,"lower_bound":3313878312.0,"upper_bound":3333361757.0},"point_estimate":3321683408.0,"standard_error":4233616.773226412},"median_abs_dev":{"confidence_interval":{"confidence_level":0.95,"lower_bound":1272218.2961136103,"upper_bound":17684279.021841288},"point_estimate":12330897.39998281,"standard_error":4353170.181836066},"slope":null,"std_dev":{"confidence_interval":{"confidence_level":0.95,"lower_bound":5701371.496765702,"upper_bound":12555922.795010135},"point_estimate":10156927.390385093,"standard_error":1718112.167644135}}