{"mean":{"confidence_interval":{"confidence_level":0.95,"lower_bound":2765884686.395,"upper_bound":2783212308.1},"point_estimate":2774767363.5,"standard_error":4432553.791657208},"median":{"confidence_interval":{"confidence_level":0.95,"lower_bound":2766028151.0,"upper_bound":2785685099.5},"point_estimate":2774816066.5,"standard_error":4591158.6336704055},"median_abs_dev":{"confidence_interval":{"confidence_level":0.95,"lower_bound":2231682.127779722,"upper_bound":25960243.254813552},"point_estimate":10357533.854717016,"standard_error":6151455.575046035},"slope":null,"std_dev":{"confidence_interval":{"confidence_level":0.95,"lower_bound":7249557.1137139965,"upper_bound":19589925.15491565},"point_estimate":14760448.055505702,"standard_error":3218055.9026059043}}