{"mean":{"confidence_interval":{"confidence_level":0.95,"lower_bound":2567074971.605,"upper_bound":2592820308.8900003},"point_estimate":2579547102.6,"standard_error":6606833.025582269},"median":{"confidence_interval":{"confidence_level":0.95,"lower_bound":2558172899.0,"upper_bound":2597880301.5},"point_estimate":2577468213.0,"standard_error":10780432.868190836},"median_abs_dev":{"confidence_interval":{"confidence_level":0.95,"lower_bound":3384966.995304823,"upper_bound":37783312.35751212},"point_estimate":26910429.71714437,"standard_error":8974145.561246881},"slope":null,"std_dev":{"confidence_interval":{"confidence_level":0.95,"lower_bound":12900472.935614182,"upper_bound":26456596.062111333},"point_estimate":21969997.707003314,"standard_error":3437329.3121870435}}