{"mean":{"confidence_interval":{"confidence_level":0.95,"lower_bound":2533919424.4,"upper_bound":2552229869.9},"point_estimate":2541758076.9,"standard_error":4739455.697014969},"median":{"confidence_interval":{"confidence_level":0.95,"lower_bound":2531594332.0,"upper_bound":2544876893.0},"point_estimate":2540136165.5,"standard_error":3232056.206884391},"median_abs_dev":{"confidence_interval":{"confidence_level":0.95,"lower_bound":1555502.3795843124,"upper_bound":19276742.618769407},"point_estimate":7196234.115341306,"standard_error":4446444.707401819},"slope":null,"std_dev":{"confidence_interval":{"confidence_level":0.95,"lower_bound":4286957.525348962,"upper_bound":23169894.467221916},"point_estimate":15863047.567701608,"standard_error":5609438.194661611}}