{"mean":{"confidence_interval":{"confidence_level":0.95,"lower_bound":2483246393.2725,"upper_bound":2505346025.5},"point_estimate":2493827841.3,"standard_error":5681847.109775057},"median":{"confidence_interval":{"confidence_level":0.95,"lower_bound":2477289133.0,"upper_bound":2510167382.0},"point_estimate":2490087031.0,"standard_error":8877066.548837591},"median_abs_dev":{"confidence_interval":{"confidence_level":0.95,"lower_bound":3293039.8665368557,"upper_bound":30920085.763558745},"point_estimate":20025736.558172107,"standard_error":7512402.80001633},"slope":null,"std_dev":{"confidence_interval":{"confidence_level":0.95,"lower_bound":9644622.195470452,"upper_bound":22639142.820222657},"point_estimate":18914564.97294006,"standard_error":3144798.914448096}}