{"mean":{"confidence_interval":{"confidence_level":0.95,"lower_bound":2871999779.8275,"upper_bound":2898220330.64},"point_estimate":2884328391.0,"standard_error":6718772.39142332},"median":{"confidence_interval":{"confidence_level":0.95,"lower_bound":2866998130.0,"upper_bound":2903883145.0},"point_estimate":2878749377.5,"standard_error":10451640.314005155},"median_abs_dev":{"confidence_interval":{"confidence_level":0.95,"lower_bound":2256221.3812440634,"upper_bound":37896201.967307925},"point_estimate":19572100.25512576,"standard_error":9268954.173082057},"slope":null,"std_dev":{"confidence_interval":{"confidence_level":0.95,"lower_bound":11786359.737723667,"upper_bound":28507256.444503},"point_estimate":22346286.20123444,"standard_error":4435689.347283211}}