{"mean":{"confidence_interval":{"confidence_level":0.95,"lower_bound":2468099206.935,"upper_bound":2489621147.6075},"point_estimate":2478913271.8,"standard_error":5544894.649095529},"median":{"confidence_interval":{"confidence_level":0.95,"lower_bound":2458799203.0,"upper_bound":2493432321.0},"point_estimate":2482679291.0,"standard_error":8434716.448060645},"median_abs_dev":{"confidence_interval":{"confidence_level":0.95,"lower_bound":4990586.44309938,"upper_bound":33065281.163173914},"point_estimate":16171274.629202485,"standard_error":7551014.83005758},"slope":null,"std_dev":{"confidence_interval":{"confidence_level":0.95,"lower_bound":10908509.049255,"upper_bound":23046180.41058041},"point_estimate":18520551.103322398,"standard_error":3091981.285886696}}