{"mean":{"confidence_interval":{"confidence_level":0.95,"lower_bound":3095763267.3975,"upper_bound":3163951392.6},"point_estimate":3124039064.9,"standard_error":18000697.923714157},"median":{"confidence_interval":{"confidence_level":0.95,"lower_bound":3087904579.0,"upper_bound":3146349018.0},"point_estimate":3098817258.0,"standard_error":15057703.198330142},"median_abs_dev":{"confidence_interval":{"confidence_level":0.95,"lower_bound":3873904.7450244427,"upper_bound":67772402.43279934},"point_estimate":18748967.42143929,"standard_error":16341167.64206027},"slope":null,"std_dev":{"confidence_interval":{"confidence_level":0.95,"lower_bound":10684929.97717893,"upper_bound":88239810.31724086},"point_estimate":60022329.25860772,"standard_error":22390488.04700966}}