{"mean":{"confidence_interval":{"confidence_level":0.95,"lower_bound":1332591354.1,"upper_bound":1368523418.8274999},"point_estimate":1348116157.8,"standard_error":9344190.66533435},"median":{"confidence_interval":{"confidence_level":0.95,"lower_bound":1326867690.0,"upper_bound":1361627274.0},"point_estimate":1339391041.0,"standard_error":8324215.651412783},"median_abs_dev":{"confidence_interval":{"confidence_level":0.95,"lower_bound":2661607.950747013,"upper_bound":38524777.654248476},"point_estimate":19119834.61575508,"standard_error":9116862.465360845},"slope":null,"std_dev":{"confidence_interval":{"confidence_level":0.95,"lower_bound":9015555.734191373,"upper_bound":44899016.162474945},"point_estimate":31235659.805472363,"standard_error":10404374.652955266}}