{"mean":{"confidence_interval":{"confidence_level":0.95,"lower_bound":2140724651.1,"upper_bound":2145496430.2},"point_estimate":2143129876.5,"standard_error":1216297.8194035802},"median":{"confidence_interval":{"confidence_level":0.95,"lower_bound":2139899179.5,"upper_bound":2145999288.5},"point_estimate":2143140036.0,"standard_error":1455062.681564961},"median_abs_dev":{"confidence_interval":{"confidence_level":0.95,"lower_bound":976855.4706573486,"upper_bound":6654130.330565572},"point_estimate":3364324.755871296,"standard_error":1628430.6210229683},"slope":null,"std_dev":{"confidence_interval":{"confidence_level":0.95,"lower_bound":2073376.4430481906,"upper_bound":5253178.930659538},"point_estimate":4063256.8005351257,"standard_error":799760.9299139829}}