{"mean":{"confidence_interval":{"confidence_level":0.95,"lower_bound":2155075121.7425003,"upper_bound":2165847332.7175},"point_estimate":2159927350.3,"standard_error":2772805.150946748},"median":{"confidence_interval":{"confidence_level":0.95,"lower_bound":2153259504.0,"upper_bound":2166573702.0},"point_estimate":2156308989.0,"standard_error":2775153.0109479944},"median_abs_dev":{"confidence_interval":{"confidence_level":0.95,"lower_bound":874171.3377803564,"upper_bound":12542967.017617822},"point_estimate":4741231.660026312,"standard_error":2793337.898461237},"slope":null,"std_dev":{"confidence_interval":{"confidence_level":0.95,"lower_bound":2291557.077961669,"upper_bound":11696635.68751181},"point_estimate":9216642.334870957,"standard_error":2474753.2193242502}}