{"mean":{"confidence_interval":{"confidence_level":0.95,"lower_bound":2232314965.2725,"upper_bound":2244687906.6},"point_estimate":2237593767.5,"standard_error":3218614.0134402006},"median":{"confidence_interval":{"confidence_level":0.95,"lower_bound":2231425764.0,"upper_bound":2240396900.0},"point_estimate":2235109316.0,"standard_error":2351374.847444129},"median_abs_dev":{"confidence_interval":{"confidence_level":0.95,"lower_bound":959403.0450671911,"upper_bound":12292827.939158678},"point_estimate":6303230.792695284,"standard_error":2830121.192107363},"slope":null,"std_dev":{"confidence_interval":{"confidence_level":0.95,"lower_bound":3209532.0603768975,"upper_bound":15581229.850044193},"point_estimate":10686108.922282955,"standard_error":3756035.2145381346}}