{"mean":{"confidence_interval":{"confidence_level":0.95,"lower_bound":652052269.9499999,"upper_bound":655693108.4},"point_estimate":653422204.0,"standard_error":1027023.533889235},"median":{"confidence_interval":{"confidence_level":0.95,"lower_bound":651983447.0,"upper_bound":653228566.5},"point_estimate":652390354.5,"standard_error":393136.87886497495},"median_abs_dev":{"confidence_interval":{"confidence_level":0.95,"lower_bound":122124.72503185272,"upper_bound":1795323.30352664},"point_estimate":619599.2853999138,"standard_error":486526.2553412268},"slope":null,"std_dev":{"confidence_interval":{"confidence_level":0.95,"lower_bound":353009.10168548,"upper_bound":5234607.216438885},"point_estimate":3418887.080263823,"standard_error":1646299.8424745225}}