{"mean":{"confidence_interval":{"confidence_level":0.95,"lower_bound":2261329052.935,"upper_bound":2311365542.2},"point_estimate":2280377084.3,"standard_error":14013541.12367179},"median":{"confidence_interval":{"confidence_level":0.95,"lower_bound":2257787920.0,"upper_bound":2279212486.0},"point_estimate":2263717448.0,"standard_error":6585408.651942286},"median_abs_dev":{"confidence_interval":{"confidence_level":0.95,"lower_bound":1309251.419556141,"upper_bound":25862903.153541684},"point_estimate":8933562.55569756,"standard_error":7419826.836130617},"slope":null,"std_dev":{"confidence_interval":{"confidence_level":0.95,"lower_bound":4452616.94499248,"upper_bound":71462658.29314315},"point_estimate":46816150.81946144,"standard_error":22031998.882702548}}