{"mean":{"confidence_interval":{"confidence_level":0.95,"lower_bound":2163150049.5,"upper_bound":2168689640.0},"point_estimate":2165855823.3,"standard_error":1417988.1573982358},"median":{"confidence_interval":{"confidence_level":0.95,"lower_bound":2162953298.0,"upper_bound":2168608770.0},"point_estimate":2165400007.5,"standard_error":1787795.3169727994},"median_abs_dev":{"confidence_interval":{"confidence_level":0.95,"lower_bound":364286.6743326187,"upper_bound":8194199.585723877},"point_estimate":3779393.4445023537,"standard_error":1914379.6596376335},"slope":null,"std_dev":{"confidence_interval":{"confidence_level":0.95,"lower_bound":2277794.946010147,"upper_bound":6350530.228429243},"point_estimate":4724324.740062907,"standard_error":1070244.8564830949}}