{"mean":{"confidence_interval":{"confidence_level":0.95,"lower_bound":2196248302.8,"upper_bound":2251329419.9675},"point_estimate":2222642097.3,"standard_error":14062285.50044984},"median":{"confidence_interval":{"confidence_level":0.95,"lower_bound":2187203478.0,"upper_bound":2248972650.5},"point_estimate":2220609296.5,"standard_error":12449286.572481468},"median_abs_dev":{"confidence_interval":{"confidence_level":0.95,"lower_bound":2581371.1227715015,"upper_bound":79360130.28737605},"point_estimate":20621795.121189952,"standard_error":21505081.294709012},"slope":null,"std_dev":{"confidence_interval":{"confidence_level":0.95,"lower_bound":20989581.177142445,"upper_bound":62923924.336585216},"point_estimate":46695488.84508461,"standard_error":11102862.414989997}}