{"mean":{"confidence_interval":{"confidence_level":0.95,"lower_bound":4647478.1661177715,"upper_bound":4698644.078078231},"point_estimate":4673032.727760771,"standard_error":13073.465951036194},"median":{"confidence_interval":{"confidence_level":0.95,"lower_bound":4633064.335714286,"upper_bound":4702952.19047619},"point_estimate":4683010.480867347,"standard_error":20751.08489464579},"median_abs_dev":{"confidence_interval":{"confidence_level":0.95,"lower_bound":8622.616121917963,"upper_bound":72746.10456849933},"point_estimate":47082.78616411358,"standard_error":17544.81478117923},"slope":{"confidence_interval":{"confidence_level":0.95,"lower_bound":4625307.407182275,"upper_bound":4681480.107567934},"point_estimate":4645075.628942486,"standard_error":14238.11897864502},"std_dev":{"confidence_interval":{"confidence_level":0.95,"lower_bound":26148.52491622395,"upper_bound":54201.84726627775},"point_estimate":43638.298010653205,"standard_error":7188.112138013748}}