{"mean":{"confidence_interval":{"confidence_level":0.95,"lower_bound":3517608980.2,"upper_bound":3596421841.7825},"point_estimate":3555888987.0,"standard_error":20258998.10690857},"median":{"confidence_interval":{"confidence_level":0.95,"lower_bound":3492359541.0,"upper_bound":3616173522.0},"point_estimate":3543619735.0,"standard_error":32644701.76616373},"median_abs_dev":{"confidence_interval":{"confidence_level":0.95,"lower_bound":15784860.8915627,"upper_bound":113424731.27600849},"point_estimate":77656373.84082377,"standard_error":26545833.92069052},"slope":null,"std_dev":{"confidence_interval":{"confidence_level":0.95,"lower_bound":38949374.27153627,"upper_bound":82246089.06443138},"point_estimate":67658910.96354815,"standard_error":11050222.733622013}}