{"mean":{"confidence_interval":{"confidence_level":0.95,"lower_bound":3891196964.605,"upper_bound":3949710285.995},"point_estimate":3921306561.8,"standard_error":15004454.008522576},"median":{"confidence_interval":{"confidence_level":0.95,"lower_bound":3885053525.5,"upper_bound":3960552642.5},"point_estimate":3931162664.5,"standard_error":22367394.925085865},"median_abs_dev":{"confidence_interval":{"confidence_level":0.95,"lower_bound":4056423.9212840796,"upper_bound":87519320.49862146},"point_estimate":65418244.94509399,"standard_error":20491013.108678274},"slope":null,"std_dev":{"confidence_interval":{"confidence_level":0.95,"lower_bound":28160035.710048497,"upper_bound":64398873.04206637},"point_estimate":50172325.10696448,"standard_error":9583754.684542043}}