{"mean":{"confidence_interval":{"confidence_level":0.95,"lower_bound":3356950429.6175003,"upper_bound":3698930874.5},"point_estimate":3510658134.0,"standard_error":88303614.46293606},"median":{"confidence_interval":{"confidence_level":0.95,"lower_bound":3298001137.0,"upper_bound":3678316489.0},"point_estimate":3434317766.0,"standard_error":85584010.1515941},"median_abs_dev":{"confidence_interval":{"confidence_level":0.95,"lower_bound":57249871.50961161,"upper_bound":416876047.6811707},"point_estimate":170109972.3768443,"standard_error":95848625.85463211},"slope":null,"std_dev":{"confidence_interval":{"confidence_level":0.95,"lower_bound":100610983.59327954,"upper_bound":404545939.1259871},"point_estimate":294708430.893238,"standard_error":84235571.32482526}}