{"mean":{"confidence_interval":{"confidence_level":0.95,"lower_bound":2899939690.6,"upper_bound":3008254958.1},"point_estimate":2950877384.1,"standard_error":27868621.188045867},"median":{"confidence_interval":{"confidence_level":0.95,"lower_bound":2881454763.0,"upper_bound":3024083964.0},"point_estimate":2920014351.5,"standard_error":37122959.974875286},"median_abs_dev":{"confidence_interval":{"confidence_level":0.95,"lower_bound":10682250.67705214,"upper_bound":154293604.75324094},"point_estimate":99416124.48711097,"standard_error":36100302.27939086},"slope":null,"std_dev":{"confidence_interval":{"confidence_level":0.95,"lower_bound":46957587.524110265,"upper_bound":118274457.09331962},"point_estimate":92569574.74298525,"standard_error":18659686.91600766}}