{"mean":{"confidence_interval":{"confidence_level":0.95,"lower_bound":2742518028.7275,"upper_bound":2794966617.0899997},"point_estimate":2766383629.8,"standard_error":13482534.990466455},"median":{"confidence_interval":{"confidence_level":0.95,"lower_bound":2739318763.0,"upper_bound":2790383763.5},"point_estimate":2752685445.0,"standard_error":14081454.003749538},"median_abs_dev":{"confidence_interval":{"confidence_level":0.95,"lower_bound":4119627.8994619846,"upper_bound":64219466.49737656},"point_estimate":30574008.382102847,"standard_error":15829191.100772718},"slope":null,"std_dev":{"confidence_interval":{"confidence_level":0.95,"lower_bound":17753975.645129208,"upper_bound":62651091.5904786},"point_estimate":45185264.393645965,"standard_error":12665224.68644736}}