{"mean":{"confidence_interval":{"confidence_level":0.95,"lower_bound":3515306932.4,"upper_bound":3560028845.5},"point_estimate":3537494161.2,"standard_error":11449904.31822105},"median":{"confidence_interval":{"confidence_level":0.95,"lower_bound":3509300777.0,"upper_bound":3563355407.5},"point_estimate":3533439803.5,"standard_error":14477280.102365304},"median_abs_dev":{"confidence_interval":{"confidence_level":0.95,"lower_bound":1380776.490086317,"upper_bound":63316511.96370721},"point_estimate":34594101.19103193,"standard_error":15069606.658706522},"slope":null,"std_dev":{"confidence_interval":{"confidence_level":0.95,"lower_bound":20033740.942691118,"upper_bound":49684262.81521383},"point_estimate":38130750.46798827,"standard_error":7576369.1279247645}}