{"mean":{"confidence_interval":{"confidence_level":0.95,"lower_bound":2689039227.9474998,"upper_bound":2768261341.3},"point_estimate":2726439053.3,"standard_error":20414002.361243553},"median":{"confidence_interval":{"confidence_level":0.95,"lower_bound":2683615243.0,"upper_bound":2776462350.0},"point_estimate":2702129565.0,"standard_error":25985978.407610744},"median_abs_dev":{"confidence_interval":{"confidence_level":0.95,"lower_bound":9175919.466894865,"upper_bound":107682534.84585285},"point_estimate":32846406.411659718,"standard_error":28575378.55705654},"slope":null,"std_dev":{"confidence_interval":{"confidence_level":0.95,"lower_bound":28575335.544042155,"upper_bound":84158192.18651639},"point_estimate":67828086.39172573,"standard_error":13497017.369380653}}