{"mean":{"confidence_interval":{"confidence_level":0.95,"lower_bound":3667898053.5899997,"upper_bound":3736032198.5},"point_estimate":3701170388.2,"standard_error":17444050.199595578},"median":{"confidence_interval":{"confidence_level":0.95,"lower_bound":3656222694.0,"upper_bound":3759046869.5},"point_estimate":3679526106.5,"standard_error":28925199.826797713},"median_abs_dev":{"confidence_interval":{"confidence_level":0.95,"lower_bound":4074610.233861208,"upper_bound":95558637.31289506},"point_estimate":69726236.42991185,"standard_error":22672026.916979887},"slope":null,"std_dev":{"confidence_interval":{"confidence_level":0.95,"lower_bound":35074871.40502416,"upper_bound":69447035.54988894},"point_estimate":58241440.959756896,"standard_error":8680386.490656408}}