{"mean":{"confidence_interval":{"confidence_level":0.95,"lower_bound":65944023.769999996,"upper_bound":66695888.56916666},"point_estimate":66246474.66678572,"standard_error":201171.3435023884},"median":{"confidence_interval":{"confidence_level":0.95,"lower_bound":65908970.95833333,"upper_bound":66283672.94642857},"point_estimate":66101422.11666667,"standard_error":109386.96907340865},"median_abs_dev":{"confidence_interval":{"confidence_level":0.95,"lower_bound":72521.25416249773,"upper_bound":531145.5177202821},"point_estimate":242336.15479767323,"standard_error":119021.70582028576},"slope":{"confidence_interval":{"confidence_level":0.95,"lower_bound":66052897.975409836,"upper_bound":67117857.23466666},"point_estimate":66456985.77012987,"standard_error":297275.39708582347},"std_dev":{"confidence_interval":{"confidence_level":0.95,"lower_bound":141937.33061064774,"upper_bound":1013003.2292180206},"point_estimate":670348.5661924342,"standard_error":282903.67806308815}}