{"mean":{"confidence_interval":{"confidence_level":0.95,"lower_bound":195647207.37416664,"upper_bound":197385997.81749997},"point_estimate":196456663.33333334,"standard_error":447600.16627722455},"median":{"confidence_interval":{"confidence_level":0.95,"lower_bound":195394648.5,"upper_bound":197433691.66666666},"point_estimate":196002474.83333334,"standard_error":482145.298567979},"median_abs_dev":{"confidence_interval":{"confidence_level":0.95,"lower_bound":123716.79030360264,"upper_bound":2531299.7680604164},"point_estimate":1190840.607458353,"standard_error":603178.112431574},"slope":null,"std_dev":{"confidence_interval":{"confidence_level":0.95,"lower_bound":584760.9366361988,"upper_bound":1898745.7593812207},"point_estimate":1489819.8017383225,"standard_error":330394.4473152024}}