{"mean":{"confidence_interval":{"confidence_level":0.95,"lower_bound":148630020.22641665,"upper_bound":172425746.75722224},"point_estimate":157235327.12817463,"standard_error":7004221.017995152},"median":{"confidence_interval":{"confidence_level":0.95,"lower_bound":148574496.11666667,"upper_bound":153983340.2916667},"point_estimate":149281700.18253967,"standard_error":2031274.0885119108},"median_abs_dev":{"confidence_interval":{"confidence_level":0.95,"lower_bound":222755.1686619449,"upper_bound":6817337.180159748},"point_estimate":1168404.4961866692,"standard_error":2433881.2684422536},"slope":{"confidence_interval":{"confidence_level":0.95,"lower_bound":148825493.65614167,"upper_bound":153799307.76662987},"point_estimate":150131045.9038961,"standard_error":1358364.5034154432},"std_dev":{"confidence_interval":{"confidence_level":0.95,"lower_bound":762541.4373860466,"upper_bound":35932195.49386518},"point_estimate":23397496.913156807,"standard_error":12147225.973482538}}