{"mean":{"confidence_interval":{"confidence_level":0.95,"lower_bound":184077417.8,"upper_bound":186212007.55916667},"point_estimate":185049931.6,"standard_error":547283.5688469912},"median":{"confidence_interval":{"confidence_level":0.95,"lower_bound":183697645.0,"upper_bound":186478444.5},"point_estimate":184436820.3333333,"standard_error":626672.3349293399},"median_abs_dev":{"confidence_interval":{"confidence_level":0.95,"lower_bound":260033.2093834877,"upper_bound":2694282.9715669374},"point_estimate":1162654.8993587273,"standard_error":607192.6885289312},"slope":null,"std_dev":{"confidence_interval":{"confidence_level":0.95,"lower_bound":584879.4405310756,"upper_bound":2290252.9263807894},"point_estimate":1816143.4096361317,"standard_error":446869.7525992786}}