{"mean":{"confidence_interval":{"confidence_level":0.95,"lower_bound":208684352.00916666,"upper_bound":216989837.4},"point_estimate":212770716.49999997,"standard_error":2129309.1813093782},"median":{"confidence_interval":{"confidence_level":0.95,"lower_bound":205594190.66666666,"upper_bound":220503539.33333334},"point_estimate":210465675.5,"standard_error":4326746.3660232145},"median_abs_dev":{"confidence_interval":{"confidence_level":0.95,"lower_bound":885551.5280783324,"upper_bound":10925697.793430127},"point_estimate":7823769.511300318,"standard_error":2841854.1840854385},"slope":null,"std_dev":{"confidence_interval":{"confidence_level":0.95,"lower_bound":4668912.907501049,"upper_bound":8009550.483002391},"point_estimate":7134728.012476536,"standard_error":864331.1120695609}}