{"mean":{"confidence_interval":{"confidence_level":0.95,"lower_bound":197516247.65666664,"upper_bound":198367022.59999996},"point_estimate":197916106.56666666,"standard_error":218281.26166181426},"median":{"confidence_interval":{"confidence_level":0.95,"lower_bound":197350139.6666667,"upper_bound":198419732.6666667},"point_estimate":197687168.3333333,"standard_error":334550.1778903543},"median_abs_dev":{"confidence_interval":{"confidence_level":0.95,"lower_bound":33025.90281365829,"upper_bound":1275408.8512569224},"point_estimate":726204.8952072859,"standard_error":308799.8532173147},"slope":null,"std_dev":{"confidence_interval":{"confidence_level":0.95,"lower_bound":380219.95330806746,"upper_bound":950242.0481835525},"point_estimate":727974.3481557529,"standard_error":156334.0356691825}}