{"mean":{"confidence_interval":{"confidence_level":0.95,"lower_bound":2524935311.435,"upper_bound":2548012035.855},"point_estimate":2536230257.5,"standard_error":5907098.566644765},"median":{"confidence_interval":{"confidence_level":0.95,"lower_bound":2520140962.0,"upper_bound":2555133585.0},"point_estimate":2528700666.0,"standard_error":9437040.272034321},"median_abs_dev":{"confidence_interval":{"confidence_level":0.95,"lower_bound":1957393.7196493149,"upper_bound":32009796.00291252},"point_estimate":23356543.435138464,"standard_error":8514418.829646895},"slope":null,"std_dev":{"confidence_interval":{"confidence_level":0.95,"lower_bound":11598294.21623623,"upper_bound":23448135.238038816},"point_estimate":19587895.295472927,"standard_error":2991828.4834014783}}