{"mean":{"confidence_interval":{"confidence_level":0.95,"lower_bound":2556904470.2,"upper_bound":2593641099.4224997},"point_estimate":2576086564.4,"standard_error":9377215.150077611},"median":{"confidence_interval":{"confidence_level":0.95,"lower_bound":2556923395.5,"upper_bound":2589741536.0},"point_estimate":2583893725.5,"standard_error":7569270.626333898},"median_abs_dev":{"confidence_interval":{"confidence_level":0.95,"lower_bound":2541433.5859805346,"upper_bound":56718036.9906151},"point_estimate":10507918.417847157,"standard_error":14081738.706458414},"slope":null,"std_dev":{"confidence_interval":{"confidence_level":0.95,"lower_bound":9676694.170978613,"upper_bound":42015671.48042946},"point_estimate":31422335.03282726,"standard_error":7664303.771048898}}