{"mean":{"confidence_interval":{"confidence_level":0.95,"lower_bound":2522907098.6,"upper_bound":2552983867.8},"point_estimate":2537934179.6,"standard_error":7685035.575686469},"median":{"confidence_interval":{"confidence_level":0.95,"lower_bound":2518430602.5,"upper_bound":2560711479.5},"point_estimate":2536965997.0,"standard_error":11142448.63460162},"median_abs_dev":{"confidence_interval":{"confidence_level":0.95,"lower_bound":7172487.311562896,"upper_bound":42279000.2576977},"point_estimate":25658637.20086813,"standard_error":8993948.823201347},"slope":null,"std_dev":{"confidence_interval":{"confidence_level":0.95,"lower_bound":14918415.224342614,"upper_bound":31907043.226007637},"point_estimate":25478076.39381881,"standard_error":4358603.43451829}}