{"mean":{"confidence_interval":{"confidence_level":0.95,"lower_bound":3192956219.31,"upper_bound":3226659931.8},"point_estimate":3207738990.1,"standard_error":8705801.550980741},"median":{"confidence_interval":{"confidence_level":0.95,"lower_bound":3189909356.0,"upper_bound":3216502562.5},"point_estimate":3202323340.5,"standard_error":8149091.214868011},"median_abs_dev":{"confidence_interval":{"confidence_level":0.95,"lower_bound":4620170.700475574,"upper_bound":36141481.14666045},"point_estimate":18633277.180293202,"standard_error":7889345.237430378},"slope":null,"std_dev":{"confidence_interval":{"confidence_level":0.95,"lower_bound":10488194.264843555,"upper_bound":41680776.38571406},"point_estimate":28934466.76997357,"standard_error":9494633.130724918}}