{"mean":{"confidence_interval":{"confidence_level":0.95,"lower_bound":2781578866.6,"upper_bound":2837858898.9},"point_estimate":2808341319.3,"standard_error":14530025.725899953},"median":{"confidence_interval":{"confidence_level":0.95,"lower_bound":2764262854.0,"upper_bound":2845310644.0},"point_estimate":2801826860.0,"standard_error":19278148.99698857},"median_abs_dev":{"confidence_interval":{"confidence_level":0.95,"lower_bound":8633654.820021987,"upper_bound":81629422.26998806},"point_estimate":47447721.08763456,"standard_error":18731496.941776317},"slope":null,"std_dev":{"confidence_interval":{"confidence_level":0.95,"lower_bound":24916511.20254241,"upper_bound":62439887.581583165},"point_estimate":48414079.62657652,"standard_error":9905069.856362958}}