{"mean":{"confidence_interval":{"confidence_level":0.95,"lower_bound":11070431.628099997,"upper_bound":11136513.909699999},"point_estimate":11102701.262,"standard_error":16880.024156107993},"median":{"confidence_interval":{"confidence_level":0.95,"lower_bound":11049551.7,"upper_bound":11111213.8},"point_estimate":11078909.6,"standard_error":15750.863353565344},"median_abs_dev":{"confidence_interval":{"confidence_level":0.95,"lower_bound":117640.15663147,"upper_bound":193414.062166214},"point_estimate":161325.11311590645,"standard_error":20103.799352628743},"slope":null,"std_dev":{"confidence_interval":{"confidence_level":0.95,"lower_bound":135545.41993320925,"upper_bound":201384.12857324115},"point_estimate":169195.80534399484,"standard_error":16885.3693925002}}