{"mean":{"confidence_interval":{"confidence_level":0.95,"lower_bound":11645138.531950004,"upper_bound":11679060.729850003},"point_estimate":11661986.048,"standard_error":8705.31606488169},"median":{"confidence_interval":{"confidence_level":0.95,"lower_bound":11635119.3,"upper_bound":11673923.6},"point_estimate":11652937.8,"standard_error":12654.901481731777},"median_abs_dev":{"confidence_interval":{"confidence_level":0.95,"lower_bound":62058.66969823837,"upper_bound":105052.28981494876},"point_estimate":90290.63491702107,"standard_error":10951.249453614064},"slope":null,"std_dev":{"confidence_interval":{"confidence_level":0.95,"lower_bound":73914.29784316597,"upper_bound":101099.4428748455},"point_estimate":87717.34640627532,"standard_error":6953.425642902836}}