{"mean":{"confidence_interval":{"confidence_level":0.95,"lower_bound":12336139.82075,"upper_bound":12393151.967949992},"point_estimate":12360858.269999996,"standard_error":14685.507112051297},"median":{"confidence_interval":{"confidence_level":0.95,"lower_bound":12319707.6,"upper_bound":12357391.3},"point_estimate":12344186.2,"standard_error":9849.041129338146},"median_abs_dev":{"confidence_interval":{"confidence_level":0.95,"lower_bound":62867.27972388323,"upper_bound":107264.77375567042},"point_estimate":82153.82974147797,"standard_error":11624.810147216958},"slope":null,"std_dev":{"confidence_interval":{"confidence_level":0.95,"lower_bound":75337.69573026245,"upper_bound":226175.6437028861},"point_estimate":147767.78324744717,"standard_error":47729.79705358584}}