{"mean":{"confidence_interval":{"confidence_level":0.95,"lower_bound":13843852.19775,"upper_bound":13900135.110875},"point_estimate":13871005.51,"standard_error":14356.003571222149},"median":{"confidence_interval":{"confidence_level":0.95,"lower_bound":13832700.0,"upper_bound":13893409.0},"point_estimate":13868975.75,"standard_error":13451.752018757703},"median_abs_dev":{"confidence_interval":{"confidence_level":0.95,"lower_bound":88285.12193262577,"upper_bound":138478.5440415144},"point_estimate":113082.1624673903,"standard_error":12330.016516555019},"slope":null,"std_dev":{"confidence_interval":{"confidence_level":0.95,"lower_bound":102566.97077977033,"upper_bound":185427.3350401554},"point_estimate":144169.65712475998,"standard_error":21461.467950065256}}