{"mean":{"confidence_interval":{"confidence_level":0.95,"lower_bound":348919.40408464114,"upper_bound":351709.3238460045},"point_estimate":350358.8459789203,"standard_error":709.7267961739279},"median":{"confidence_interval":{"confidence_level":0.95,"lower_bound":350518.83549783553,"upper_bound":352129.8247863248},"point_estimate":351174.8296747968,"standard_error":400.7022592928655},"median_abs_dev":{"confidence_interval":{"confidence_level":0.95,"lower_bound":2803.746703710099,"upper_bound":4851.17102064039},"point_estimate":3758.196560425161,"standard_error":517.2483130810638},"slope":{"confidence_interval":{"confidence_level":0.95,"lower_bound":351609.480129663,"upper_bound":353480.42993373063},"point_estimate":352462.48297522287,"standard_error":478.5671925481278},"std_dev":{"confidence_interval":{"confidence_level":0.95,"lower_bound":5234.626309598547,"upper_bound":8836.651716283153},"point_estimate":7123.689233585812,"standard_error":920.430097688101}}