{"mean":{"confidence_interval":{"confidence_level":0.95,"lower_bound":349560.65470738907,"upper_bound":353857.24192953896},"point_estimate":351770.15770870465,"standard_error":1091.9932008129842},"median":{"confidence_interval":{"confidence_level":0.95,"lower_bound":353932.4146341463,"upper_bound":355251.84523809527},"point_estimate":354390.2616417587,"standard_error":349.03525425415506},"median_abs_dev":{"confidence_interval":{"confidence_level":0.95,"lower_bound":2100.7147036474134,"upper_bound":5126.7330892292275},"point_estimate":3140.204932314732,"standard_error":722.1954460039274},"slope":{"confidence_interval":{"confidence_level":0.95,"lower_bound":354650.74741612206,"upper_bound":356464.1126165954},"point_estimate":355429.19242598885,"standard_error":466.8237775783724},"std_dev":{"confidence_interval":{"confidence_level":0.95,"lower_bound":8095.364642211078,"upper_bound":13584.089661260687},"point_estimate":11003.292944411374,"standard_error":1405.6002258895703}}