{"mean":{"confidence_interval":{"confidence_level":0.95,"lower_bound":369088.6735401324,"upper_bound":371969.7876776107},"point_estimate":370577.918009222,"standard_error":734.9289495471029},"median":{"confidence_interval":{"confidence_level":0.95,"lower_bound":372137.39360974275,"upper_bound":372838.3888888889},"point_estimate":372624.12679012347,"standard_error":215.38104994006986},"median_abs_dev":{"confidence_interval":{"confidence_level":0.95,"lower_bound":1857.5206106934327,"upper_bound":3645.2678438106946},"point_estimate":2633.697469480105,"standard_error":484.16770760948066},"slope":{"confidence_interval":{"confidence_level":0.95,"lower_bound":372098.69989510014,"upper_bound":373031.4168562201},"point_estimate":372551.5277956751,"standard_error":238.210115275291},"std_dev":{"confidence_interval":{"confidence_level":0.95,"lower_bound":5714.2566510268325,"upper_bound":8836.457862499397},"point_estimate":7406.442944594306,"standard_error":796.0021432785886}}