{"mean":{"confidence_interval":{"confidence_level":0.95,"lower_bound":346606.46017273207,"upper_bound":348985.98744843015},"point_estimate":347852.1632435889,"standard_error":607.6326804656683},"median":{"confidence_interval":{"confidence_level":0.95,"lower_bound":348258.42116509227,"upper_bound":350136.96327254304},"point_estimate":349222.79634703195,"standard_error":530.605433444197},"median_abs_dev":{"confidence_interval":{"confidence_level":0.95,"lower_bound":2769.8402800937724,"upper_bound":5058.593867847498},"point_estimate":3673.9012672751883,"standard_error":580.1390236878974},"slope":{"confidence_interval":{"confidence_level":0.95,"lower_bound":350277.8186830083,"upper_bound":351541.0279100605},"point_estimate":350920.4346928723,"standard_error":321.8185043263365},"std_dev":{"confidence_interval":{"confidence_level":0.95,"lower_bound":4486.839556259362,"upper_bound":7578.143063452117},"point_estimate":6089.078137913756,"standard_error":795.7591381313482}}