{"mean":{"confidence_interval":{"confidence_level":0.95,"lower_bound":0.0019007406671055554,"upper_bound":0.005121557486844007},"point_estimate":0.0034178233220851784,"standard_error":0.0008124957999469115},"median":{"confidence_interval":{"confidence_level":0.95,"lower_bound":0.0024272182226821428,"upper_bound":0.0034490101114768024},"point_estimate":0.0028912546824901852,"standard_error":0.00024601888622764783}}