{"mean":{"confidence_interval":{"confidence_level":0.95,"lower_bound":0.00954333159066686,"upper_bound":0.013125966652770483},"point_estimate":0.011280456276829387,"standard_error":0.0009118506371578386},"median":{"confidence_interval":{"confidence_level":0.95,"lower_bound":0.007126720821260424,"upper_bound":0.012358431340161014},"point_estimate":0.009517488732736279,"standard_error":0.0013938847758422463}}