{"mean":{"confidence_interval":{"confidence_level":0.95,"lower_bound":0.003578106228734196,"upper_bound":0.0052189161935339845},"point_estimate":0.004353121329547793,"standard_error":0.0004149727905951754},"median":{"confidence_interval":{"confidence_level":0.95,"lower_bound":0.00422176442582578,"upper_bound":0.0050799348240111505},"point_estimate":0.004643929834962979,"standard_error":0.0002102278538200384}}