{"mean":{"confidence_interval":{"confidence_level":0.95,"lower_bound":0.00696032921251128,"upper_bound":0.00957848201494889},"point_estimate":0.008484663775770507,"standard_error":0.0006803539766717722},"median":{"confidence_interval":{"confidence_level":0.95,"lower_bound":0.008857747519287345,"upper_bound":0.009789540435683586},"point_estimate":0.009288619195136905,"standard_error":0.00023547535994978305}}