{"mean":{"confidence_interval":{"confidence_level":0.95,"lower_bound":0.017645822828116775,"upper_bound":0.01947077515168642},"point_estimate":0.018540664842841448,"standard_error":0.00046348720558607464},"median":{"confidence_interval":{"confidence_level":0.95,"lower_bound":0.018135785578861086,"upper_bound":0.018941879886573254},"point_estimate":0.01852285807798615,"standard_error":0.00022044094123701782}}