{"mean":{"confidence_interval":{"confidence_level":0.95,"lower_bound":-0.025612274235938898,"upper_bound":-0.01476984546823662},"point_estimate":-0.020592152761537252,"standard_error":0.002777996402111388},"median":{"confidence_interval":{"confidence_level":0.95,"lower_bound":-0.01891451541361644,"upper_bound":-0.004884195959741544},"point_estimate":-0.007803748844109615,"standard_error":0.004674829968859228}}