{"mean":{"confidence_interval":{"confidence_level":0.95,"lower_bound":0.011227787424667296,"upper_bound":0.01572323724464327},"point_estimate":0.013485982834237298,"standard_error":0.0011481359995242685},"median":{"confidence_interval":{"confidence_level":0.95,"lower_bound":0.007948648029094008,"upper_bound":0.011562221290785324},"point_estimate":0.009552850102411137,"standard_error":0.0009791741739402337}}