{"mean":{"confidence_interval":{"confidence_level":0.95,"lower_bound":-0.3753950028178095,"upper_bound":-0.29391497438675956},"point_estimate":-0.3413517403778654,"standard_error":0.020948892562568378},"median":{"confidence_interval":{"confidence_level":0.95,"lower_bound":-0.3852779851718634,"upper_bound":-0.29768429028866106},"point_estimate":-0.37469758729197156,"standard_error":0.022356555018774812}}