{"mean":{"confidence_interval":{"confidence_level":0.95,"lower_bound":-0.0005666082893277882,"upper_bound":0.0016286275083556721},"point_estimate":0.00046991787465899826,"standard_error":0.0005601622124556191},"median":{"confidence_interval":{"confidence_level":0.95,"lower_bound":-0.0011335445406829292,"upper_bound":0.0013731244187857872},"point_estimate":-7.766335351488962e-7,"standard_error":0.0006493805556559802}}