{"mean":{"confidence_interval":{"confidence_level":0.95,"lower_bound":0.06874001901485728,"upper_bound":0.11207689557300864},"point_estimate":0.09145480013628182,"standard_error":0.011644534292589772},"median":{"confidence_interval":{"confidence_level":0.95,"lower_bound":0.05049095088978928,"upper_bound":0.1190777534792824},"point_estimate":0.10924562490042433,"standard_error":0.020735298884875752}}