{"mean":{"confidence_interval":{"confidence_level":0.95,"lower_bound":-0.007381762584136453,"upper_bound":0.003140958414792316},"point_estimate":-0.0019345174257378028,"standard_error":0.0026550232511128847},"median":{"confidence_interval":{"confidence_level":0.95,"lower_bound":-0.006318094105320915,"upper_bound":0.004601964235830369},"point_estimate":-0.000019986935600124767,"standard_error":0.0028095638311987827}}