{"mean":{"confidence_interval":{"confidence_level":0.95,"lower_bound":0.03072438965425189,"upper_bound":0.04104073694190345},"point_estimate":0.03596064899452456,"standard_error":0.0026362862501080235},"median":{"confidence_interval":{"confidence_level":0.95,"lower_bound":0.02931438892546301,"upper_bound":0.043238506870155735},"point_estimate":0.03558447723135316,"standard_error":0.004127258573766576}}