{"mean":{"confidence_interval":{"confidence_level":0.95,"lower_bound":-0.18594321418051882,"upper_bound":-0.1680043665658334},"point_estimate":-0.17714811495006666,"standard_error":0.004578269032045251},"median":{"confidence_interval":{"confidence_level":0.95,"lower_bound":-0.1860827176045604,"upper_bound":-0.1676621417807279},"point_estimate":-0.17688794018995235,"standard_error":0.004675584608620015}}