{"mean":{"confidence_interval":{"confidence_level":0.95,"lower_bound":-0.004399615610032103,"upper_bound":0.004874378835987433},"point_estimate":0.0006902964486894536,"standard_error":0.002369901991251845},"median":{"confidence_interval":{"confidence_level":0.95,"lower_bound":-0.003672995197315454,"upper_bound":0.005073636866107956},"point_estimate":0.0005876508381690293,"standard_error":0.002113670638537345}}