{"mean":{"confidence_interval":{"confidence_level":0.95,"lower_bound":-0.0025016964122203432,"upper_bound":0.017887236666042777},"point_estimate":0.0073153994459185245,"standard_error":0.005333969107999981},"median":{"confidence_interval":{"confidence_level":0.95,"lower_bound":-0.006182510310881155,"upper_bound":0.02266726725536916},"point_estimate":0.008535100460693279,"standard_error":0.008280159478813888}}