{"mean":{"confidence_interval":{"confidence_level":0.95,"lower_bound":0.22012460815894355,"upper_bound":0.22415746203712655},"point_estimate":0.22217232697535017,"standard_error":0.0010285767223475561},"median":{"confidence_interval":{"confidence_level":0.95,"lower_bound":0.22133478111128513,"upper_bound":0.22553686967242337},"point_estimate":0.2242974418449526,"standard_error":0.0010320026333663368}}