{"mean":{"confidence_interval":{"confidence_level":0.95,"lower_bound":-0.2759381794448789,"upper_bound":-0.268777693612727},"point_estimate":-0.2725318443471829,"standard_error":0.001846416264669217},"median":{"confidence_interval":{"confidence_level":0.95,"lower_bound":-0.27444319276621076,"upper_bound":-0.27351089998007505},"point_estimate":-0.2740100521277071,"standard_error":0.00023853774417378258}}