{"mean":{"confidence_interval":{"confidence_level":0.95,"lower_bound":-0.3610840771151965,"upper_bound":-0.3569253662362157},"point_estimate":-0.3588661520914044,"standard_error":0.001059915682038109},"median":{"confidence_interval":{"confidence_level":0.95,"lower_bound":-0.36147052912907307,"upper_bound":-0.35964264283730635},"point_estimate":-0.36063828330320424,"standard_error":0.00047417941597087415}}