{"mean":{"confidence_interval":{"confidence_level":0.95,"lower_bound":-0.04535176439736279,"upper_bound":-0.039344985814951515},"point_estimate":-0.04224394718371227,"standard_error":0.0015139286605349313},"median":{"confidence_interval":{"confidence_level":0.95,"lower_bound":-0.0430790758923494,"upper_bound":-0.040780070483248165},"point_estimate":-0.04209008156657268,"standard_error":0.0005840974002404168}}