{"mean":{"confidence_interval":{"confidence_level":0.95,"lower_bound":1598768968.8,"upper_bound":1614816866.8},"point_estimate":1606804568.3,"standard_error":4114041.1806823695},"median":{"confidence_interval":{"confidence_level":0.95,"lower_bound":1592125124.0,"upper_bound":1617417066.0},"point_estimate":1608137660.5,"standard_error":5966657.901537108},"median_abs_dev":{"confidence_interval":{"confidence_level":0.95,"lower_bound":3340474.1700947285,"upper_bound":24064900.05056262},"point_estimate":15427883.435100317,"standard_error":5486358.522109231},"slope":null,"std_dev":{"confidence_interval":{"confidence_level":0.95,"lower_bound":8092040.330562247,"upper_bound":16885745.011062045},"point_estimate":13669888.9443063,"standard_error":2247038.4529163977}}