{"mean":{"confidence_interval":{"confidence_level":0.95,"lower_bound":1677846109.8,"upper_bound":1707219359.5},"point_estimate":1693612420.3,"standard_error":7578775.3452145895},"median":{"confidence_interval":{"confidence_level":0.95,"lower_bound":1680236185.0,"upper_bound":1712535688.0},"point_estimate":1699457594.5,"standard_error":8438202.336308254},"median_abs_dev":{"confidence_interval":{"confidence_level":0.95,"lower_bound":2326929.5391887426,"upper_bound":40388007.00176954},"point_estimate":23901403.373265266,"standard_error":9010504.243284583},"slope":null,"std_dev":{"confidence_interval":{"confidence_level":0.95,"lower_bound":11772133.898886492,"upper_bound":34255891.04616779},"point_estimate":25321798.244027264,"standard_error":6270662.252629872}}