{"mean":{"confidence_interval":{"confidence_level":0.95,"lower_bound":1557207434.3974998,"upper_bound":1567845615.64},"point_estimate":1562404568.3,"standard_error":2722313.5933183883},"median":{"confidence_interval":{"confidence_level":0.95,"lower_bound":1553499442.0,"upper_bound":1569157743.0},"point_estimate":1562587448.5,"standard_error":4030146.370524909},"median_abs_dev":{"confidence_interval":{"confidence_level":0.95,"lower_bound":2452705.9079557657,"upper_bound":16137541.773301363},"point_estimate":10127775.336796045,"standard_error":3509911.345528453},"slope":null,"std_dev":{"confidence_interval":{"confidence_level":0.95,"lower_bound":5344778.604237286,"upper_bound":11375832.96865394},"point_estimate":9044642.418840377,"standard_error":1577518.1534932104}}