{"mean":{"confidence_interval":{"confidence_level":0.95,"lower_bound":1588433866.94,"upper_bound":1602077249.7},"point_estimate":1596277300.2,"standard_error":3556387.451680309},"median":{"confidence_interval":{"confidence_level":0.95,"lower_bound":1593717516.0,"upper_bound":1602559065.0},"point_estimate":1598667629.0,"standard_error":2549118.0053503844},"median_abs_dev":{"confidence_interval":{"confidence_level":0.95,"lower_bound":661202.5232613087,"upper_bound":12232618.071627617},"point_estimate":5826173.8578647375,"standard_error":2914690.8180592284},"slope":null,"std_dev":{"confidence_interval":{"confidence_level":0.95,"lower_bound":3187999.2820398184,"upper_bound":17526207.789422672},"point_estimate":11884851.936966127,"standard_error":4427343.264215485}}