{"mean":{"confidence_interval":{"confidence_level":0.95,"lower_bound":1605084112.405,"upper_bound":1651125979.8},"point_estimate":1622943372.4,"standard_error":12692512.408905365},"median":{"confidence_interval":{"confidence_level":0.95,"lower_bound":1601574252.0,"upper_bound":1623589782.0},"point_estimate":1611010464.0,"standard_error":6833105.550078767},"median_abs_dev":{"confidence_interval":{"confidence_level":0.95,"lower_bound":4107202.2290825844,"upper_bound":26900251.668325067},"point_estimate":15651516.591230035,"standard_error":6179989.858140451},"slope":null,"std_dev":{"confidence_interval":{"confidence_level":0.95,"lower_bound":7870955.661159251,"upper_bound":64949230.90754911},"point_estimate":42552605.145062886,"standard_error":19492394.610479675}}