{"mean":{"confidence_interval":{"confidence_level":0.95,"lower_bound":1552470566.7,"upper_bound":1595996908.1399999},"point_estimate":1574558820.3,"standard_error":10935820.723510273},"median":{"confidence_interval":{"confidence_level":0.95,"lower_bound":1561799825.0,"upper_bound":1587823132.0},"point_estimate":1577140888.5,"standard_error":6935845.821461024},"median_abs_dev":{"confidence_interval":{"confidence_level":0.95,"lower_bound":5051956.445109844,"upper_bound":58830057.696157694},"point_estimate":15615013.497278094,"standard_error":11719663.667320749},"slope":null,"std_dev":{"confidence_interval":{"confidence_level":0.95,"lower_bound":8914151.361508265,"upper_bound":51959096.5159379},"point_estimate":36482402.85726123,"standard_error":11266970.430657268}}