{"mean":{"confidence_interval":{"confidence_level":0.95,"lower_bound":1555372438.0,"upper_bound":1580475687.4},"point_estimate":1568409545.6,"standard_error":6420797.769227126},"median":{"confidence_interval":{"confidence_level":0.95,"lower_bound":1552566352.0,"upper_bound":1584805219.0},"point_estimate":1570397071.5,"standard_error":8895182.847402787},"median_abs_dev":{"confidence_interval":{"confidence_level":0.95,"lower_bound":2528804.7994047403,"upper_bound":36576965.23692906},"point_estimate":21838642.756086588,"standard_error":7977770.111476856},"slope":null,"std_dev":{"confidence_interval":{"confidence_level":0.95,"lower_bound":11318777.182312503,"upper_bound":27986177.14292382},"point_estimate":21452850.12700599,"standard_error":4453312.490311652}}