{"mean":{"confidence_interval":{"confidence_level":0.95,"lower_bound":15511545344.94,"upper_bound":15635146996.789999},"point_estimate":15568864241.2,"standard_error":31705625.174330696},"median":{"confidence_interval":{"confidence_level":0.95,"lower_bound":15493740258.0,"upper_bound":15631552495.5},"point_estimate":15543749414.5,"standard_error":29887656.231423676},"median_abs_dev":{"confidence_interval":{"confidence_level":0.95,"lower_bound":10338257.089859247,"upper_bound":163250986.01881564},"point_estimate":76741616.32876396,"standard_error":41319163.86379263},"slope":null,"std_dev":{"confidence_interval":{"confidence_level":0.95,"lower_bound":45601336.261287406,"upper_bound":143500155.38091183},"point_estimate":105804250.54453614,"standard_error":26821797.518100113}}