{"mean":{"confidence_interval":{"confidence_level":0.95,"lower_bound":16210978372.0025,"upper_bound":16383271813.2875},"point_estimate":16297761528.1,"standard_error":44088927.296110526},"median":{"confidence_interval":{"confidence_level":0.95,"lower_bound":16179771713.0,"upper_bound":16458490507.0},"point_estimate":16284436941.5,"standard_error":67259628.04479703},"median_abs_dev":{"confidence_interval":{"confidence_level":0.95,"lower_bound":29044295.829060674,"upper_bound":258051811.62896454},"point_estimate":160892727.6595831,"standard_error":58789007.75102344},"slope":null,"std_dev":{"confidence_interval":{"confidence_level":0.95,"lower_bound":88517149.03549688,"upper_bound":183923276.0461909},"point_estimate":147257837.15012056,"standard_error":24733415.999857754}}