{"mean":{"confidence_interval":{"confidence_level":0.95,"lower_bound":15363458578.0975,"upper_bound":15497091002.9},"point_estimate":15427764671.7,"standard_error":34241302.752960265},"median":{"confidence_interval":{"confidence_level":0.95,"lower_bound":15348461456.5,"upper_bound":15544460934.0},"point_estimate":15398181347.5,"standard_error":43941110.435907625},"median_abs_dev":{"confidence_interval":{"confidence_level":0.95,"lower_bound":6887585.71152091,"upper_bound":192459319.67416406},"point_estimate":102412564.29851353,"standard_error":51121581.61545003},"slope":null,"std_dev":{"confidence_interval":{"confidence_level":0.95,"lower_bound":57896335.99999135,"upper_bound":141966886.95201892},"point_estimate":113845502.20317614,"standard_error":20807084.64115579}}