{"mean":{"confidence_interval":{"confidence_level":0.95,"lower_bound":15068116457.5775,"upper_bound":15143382817.5175},"point_estimate":15106142328.9,"standard_error":19115336.529690024},"median":{"confidence_interval":{"confidence_level":0.95,"lower_bound":15073463652.0,"upper_bound":15163374377.0},"point_estimate":15100002170.5,"standard_error":19428340.180825934},"median_abs_dev":{"confidence_interval":{"confidence_level":0.95,"lower_bound":3459499.519881606,"upper_bound":112481596.05915248},"point_estimate":44084282.92654753,"standard_error":28720902.981630668},"slope":null,"std_dev":{"confidence_interval":{"confidence_level":0.95,"lower_bound":29170257.915412966,"upper_bound":86129990.62925828},"point_estimate":63911762.22692339,"standard_error":14675317.52372506}}