{"mean":{"confidence_interval":{"confidence_level":0.95,"lower_bound":15074707860.0,"upper_bound":15180529852.9425},"point_estimate":15129439156.7,"standard_error":27029913.944898},"median":{"confidence_interval":{"confidence_level":0.95,"lower_bound":15075122883.0,"upper_bound":15189827300.0},"point_estimate":15133890223.0,"standard_error":30171567.32307838},"median_abs_dev":{"confidence_interval":{"confidence_level":0.95,"lower_bound":20330582.093060017,"upper_bound":150114016.06304348},"point_estimate":85030382.81250894,"standard_error":31914854.211520493},"slope":null,"std_dev":{"confidence_interval":{"confidence_level":0.95,"lower_bound":41629174.229163885,"upper_bound":122693702.18573077},"point_estimate":90044282.49645653,"standard_error":21204422.456449434}}