{"mean":{"confidence_interval":{"confidence_level":0.95,"lower_bound":12177007212.195,"upper_bound":12227898816.6},"point_estimate":12201697799.4,"standard_error":13018118.67504471},"median":{"confidence_interval":{"confidence_level":0.95,"lower_bound":12171645594.5,"upper_bound":12237653968.5},"point_estimate":12196359716.0,"standard_error":13895934.849387487},"median_abs_dev":{"confidence_interval":{"confidence_level":0.95,"lower_bound":9673902.559053898,"upper_bound":77173407.26249814},"point_estimate":27201736.890372634,"standard_error":18270924.15730235},"slope":null,"std_dev":{"confidence_interval":{"confidence_level":0.95,"lower_bound":20435794.522525884,"upper_bound":56113172.88471513},"point_estimate":43539425.23617276,"standard_error":8934992.513580099}}