{"mean":{"confidence_interval":{"confidence_level":0.95,"lower_bound":17455795550.0625,"upper_bound":17683881284.7775},"point_estimate":17567156092.5,"standard_error":58686320.30854629},"median":{"confidence_interval":{"confidence_level":0.95,"lower_bound":17384515764.0,"upper_bound":17779536308.0},"point_estimate":17516425318.5,"standard_error":96205361.41752633},"median_abs_dev":{"confidence_interval":{"confidence_level":0.95,"lower_bound":42542176.57902539,"upper_bound":310845227.05759406},"point_estimate":210635779.6331674,"standard_error":75124758.34687746},"slope":null,"std_dev":{"confidence_interval":{"confidence_level":0.95,"lower_bound":115468221.22570859,"upper_bound":229960376.9502002},"point_estimate":195482963.73137137,"standard_error":28563221.60160367}}