{"mean":{"confidence_interval":{"confidence_level":0.95,"lower_bound":264379494.75,"upper_bound":266536087.85},"point_estimate":265441753.1,"standard_error":552255.9405098613},"median":{"confidence_interval":{"confidence_level":0.95,"lower_bound":263971027.5,"upper_bound":267126496.75},"point_estimate":265145061.75,"standard_error":830387.0472182167},"median_abs_dev":{"confidence_interval":{"confidence_level":0.95,"lower_bound":472129.884468019,"upper_bound":3057888.0205616355},"point_estimate":2238146.263664961,"standard_error":664744.5256048801},"slope":null,"std_dev":{"confidence_interval":{"confidence_level":0.95,"lower_bound":1100926.764667972,"upper_bound":2246968.062126857},"point_estimate":1836584.8216597082,"standard_error":291488.6360423267}}