{"mean":{"confidence_interval":{"confidence_level":0.95,"lower_bound":434575299.8,"upper_bound":436097605.45},"point_estimate":435339070.35,"standard_error":389587.02677135915},"median":{"confidence_interval":{"confidence_level":0.95,"lower_bound":434066165.5,"upper_bound":436568674.0},"point_estimate":435312096.25,"standard_error":534944.2595114453},"median_abs_dev":{"confidence_interval":{"confidence_level":0.95,"lower_bound":149158.82360190153,"upper_bound":2364927.835214138},"point_estimate":1855109.5181152225,"standard_error":638039.4788946422},"slope":null,"std_dev":{"confidence_interval":{"confidence_level":0.95,"lower_bound":774062.302844274,"upper_bound":1585211.7051864334},"point_estimate":1302034.9847496855,"standard_error":206651.1808411786}}