{"mean":{"confidence_interval":{"confidence_level":0.95,"lower_bound":816362.7971800551,"upper_bound":817907.7415156406},"point_estimate":816992.6592603319,"standard_error":410.6342525946369},"median":{"confidence_interval":{"confidence_level":0.95,"lower_bound":816153.8931788931,"upper_bound":817096.2916666666},"point_estimate":816738.0232732733,"standard_error":244.38975722732872},"median_abs_dev":{"confidence_interval":{"confidence_level":0.95,"lower_bound":107.3531496256341,"upper_bound":1183.3510266263934},"point_estimate":698.59998658386,"standard_error":278.3558623510014},"slope":{"confidence_interval":{"confidence_level":0.95,"lower_bound":816058.4211900977,"upper_bound":816867.6391329452},"point_estimate":816368.0597402598,"standard_error":205.29890958142838},"std_dev":{"confidence_interval":{"confidence_level":0.95,"lower_bound":341.2815556918054,"upper_bound":2055.0610250160985},"point_estimate":1368.8097572361473,"standard_error":556.5634077129645}}