{"mean":{"confidence_interval":{"confidence_level":0.95,"lower_bound":90583928.4055625,"upper_bound":91003664.57886805},"point_estimate":90793684.99930555,"standard_error":107754.89076747817},"median":{"confidence_interval":{"confidence_level":0.95,"lower_bound":90489089.21111111,"upper_bound":91133942.3125},"point_estimate":90718991.11458334,"standard_error":182745.24661168575},"median_abs_dev":{"confidence_interval":{"confidence_level":0.95,"lower_bound":54776.18495877832,"upper_bound":591446.704143472},"point_estimate":557951.0384985544,"standard_error":151569.21076820238},"slope":{"confidence_interval":{"confidence_level":0.95,"lower_bound":90387403.80800717,"upper_bound":90830709.48038064},"point_estimate":90546548.44025974,"standard_error":113620.83842612518},"std_dev":{"confidence_interval":{"confidence_level":0.95,"lower_bound":226905.06094700942,"upper_bound":433236.03730594873},"point_estimate":360207.4882683179,"standard_error":53233.17881837696}}