{"mean":{"confidence_interval":{"confidence_level":0.95,"lower_bound":432897748.45,"upper_bound":434027104.96875},"point_estimate":433427312.05,"standard_error":289192.8615046971},"median":{"confidence_interval":{"confidence_level":0.95,"lower_bound":432796717.25,"upper_bound":433973640.0},"point_estimate":433149606.25,"standard_error":297392.3277064459},"median_abs_dev":{"confidence_interval":{"confidence_level":0.95,"lower_bound":96712.59083300829,"upper_bound":1528890.0807067752},"point_estimate":707241.3295939565,"standard_error":397354.96277011954},"slope":null,"std_dev":{"confidence_interval":{"confidence_level":0.95,"lower_bound":427447.61485655565,"upper_bound":1272444.259073733},"point_estimate":962266.7138816166,"standard_error":222319.93777492468}}