{"mean":{"confidence_interval":{"confidence_level":0.95,"lower_bound":831709.5264394841,"upper_bound":835661.4070188493},"point_estimate":833654.3923655201,"standard_error":1010.9482390803425},"median":{"confidence_interval":{"confidence_level":0.95,"lower_bound":830692.7055555555,"upper_bound":835732.7418981481},"point_estimate":833942.7469135802,"standard_error":1064.5242151069228},"median_abs_dev":{"confidence_interval":{"confidence_level":0.95,"lower_bound":397.56035960861004,"upper_bound":6013.1639790783},"point_estimate":2751.391446523422,"standard_error":1579.3483241794822},"slope":{"confidence_interval":{"confidence_level":0.95,"lower_bound":830341.7764191957,"upper_bound":836556.8614896343},"point_estimate":833545.0864838865,"standard_error":1668.3735207301079},"std_dev":{"confidence_interval":{"confidence_level":0.95,"lower_bound":1714.1437428978313,"upper_bound":4458.773548404403},"point_estimate":3375.5967463161905,"standard_error":710.6863079242219}}