{"mean":{"confidence_interval":{"confidence_level":0.95,"lower_bound":451545881.8275,"upper_bound":454280956.2875},"point_estimate":452943216.05,"standard_error":698968.331508905},"median":{"confidence_interval":{"confidence_level":0.95,"lower_bound":450652965.0,"upper_bound":454878209.0},"point_estimate":453522390.5,"standard_error":1188804.8261939725},"median_abs_dev":{"confidence_interval":{"confidence_level":0.95,"lower_bound":587503.9611697197,"upper_bound":3821040.0484129786},"point_estimate":2900232.416510582,"standard_error":872054.8327978502},"slope":null,"std_dev":{"confidence_interval":{"confidence_level":0.95,"lower_bound":1443036.757525847,"upper_bound":2772403.710251371},"point_estimate":2334980.083551338,"standard_error":336211.1240069776}}