{"mean":{"confidence_interval":{"confidence_level":0.95,"lower_bound":13029243.4780625,"upper_bound":13089932.311},"point_estimate":13058741.99,"standard_error":15510.464229572255},"median":{"confidence_interval":{"confidence_level":0.95,"lower_bound":13016510.75,"upper_bound":13067519.75},"point_estimate":13034174.5,"standard_error":13522.910234841887},"median_abs_dev":{"confidence_interval":{"confidence_level":0.95,"lower_bound":104688.60804140568,"upper_bound":156982.13301301003},"point_estimate":126392.75970607996,"standard_error":13249.37450426849},"slope":null,"std_dev":{"confidence_interval":{"confidence_level":0.95,"lower_bound":123449.04988982472,"upper_bound":185889.93526211256},"point_estimate":155955.73421660895,"standard_error":16004.944115633172}}