{"mean":{"confidence_interval":{"confidence_level":0.95,"lower_bound":12810118.86875,"upper_bound":12875226.41975},"point_estimate":12841978.93,"standard_error":16593.65041993045},"median":{"confidence_interval":{"confidence_level":0.95,"lower_bound":12785993.125,"upper_bound":12863506.5},"point_estimate":12816480.25,"standard_error":20540.531090284356},"median_abs_dev":{"confidence_interval":{"confidence_level":0.95,"lower_bound":121126.56459957361,"upper_bound":196616.29278436303},"point_estimate":164596.02517783642,"standard_error":20329.176831057204},"slope":null,"std_dev":{"confidence_interval":{"confidence_level":0.95,"lower_bound":137981.75885991022,"upper_bound":196288.24368317562},"point_estimate":166708.55833163677,"standard_error":15077.837681831134}}