{"mean":{"confidence_interval":{"confidence_level":0.95,"lower_bound":10327325.302399997,"upper_bound":10384418.18925},"point_estimate":10355531.471999995,"standard_error":14538.906581979016},"median":{"confidence_interval":{"confidence_level":0.95,"lower_bound":10311952.3,"upper_bound":10369673.5},"point_estimate":10346180.9,"standard_error":12106.454879182791},"median_abs_dev":{"confidence_interval":{"confidence_level":0.95,"lower_bound":111518.50134015111,"upper_bound":192529.09824192332},"point_estimate":156110.95726847704,"standard_error":21044.756973831947},"slope":null,"std_dev":{"confidence_interval":{"confidence_level":0.95,"lower_bound":122929.36305439504,"upper_bound":168761.14699687512},"point_estimate":146026.8593371533,"standard_error":11771.8129233124}}