{"mean":{"confidence_interval":{"confidence_level":0.95,"lower_bound":10767597.432199994,"upper_bound":10861268.58145},"point_estimate":10814168.154,"standard_error":23962.660468823302},"median":{"confidence_interval":{"confidence_level":0.95,"lower_bound":10777001.2,"upper_bound":10921765.4},"point_estimate":10870670.8,"standard_error":36761.1286412878},"median_abs_dev":{"confidence_interval":{"confidence_level":0.95,"lower_bound":163538.78313660677,"upper_bound":302992.43318081123},"point_estimate":258003.5300195217,"standard_error":35720.78219177636},"slope":null,"std_dev":{"confidence_interval":{"confidence_level":0.95,"lower_bound":204889.23180278373,"upper_bound":281577.5110873038},"point_estimate":241295.10150118129,"standard_error":19896.222166128024}}