{"mean":{"confidence_interval":{"confidence_level":0.95,"lower_bound":10651272.2778,"upper_bound":10699681.511850001},"point_estimate":10674980.959999997,"standard_error":12399.360566328283},"median":{"confidence_interval":{"confidence_level":0.95,"lower_bound":10628829.6,"upper_bound":10687531.7},"point_estimate":10645849.7,"standard_error":15244.353346973223},"median_abs_dev":{"confidence_interval":{"confidence_level":0.95,"lower_bound":88031.00429713671,"upper_bound":152521.5827321984},"point_estimate":117102.56588101332,"standard_error":16607.49382754143},"slope":null,"std_dev":{"confidence_interval":{"confidence_level":0.95,"lower_bound":105476.91973000974,"upper_bound":142186.90929885666},"point_estimate":124808.88944814788,"standard_error":9395.387714002041}}