{"mean":{"confidence_interval":{"confidence_level":0.95,"lower_bound":11037425.363999998,"upper_bound":11155363.715349995},"point_estimate":11094416.095999997,"standard_error":30169.52157269729},"median":{"confidence_interval":{"confidence_level":0.95,"lower_bound":10946366.2,"upper_bound":11049292.434999995},"point_estimate":10973809.4,"standard_error":33401.09604641557},"median_abs_dev":{"confidence_interval":{"confidence_level":0.95,"lower_bound":132932.1375399828,"upper_bound":261676.67145431042},"point_estimate":165714.35033798192,"standard_error":35341.68491528507},"slope":null,"std_dev":{"confidence_interval":{"confidence_level":0.95,"lower_bound":239330.71415857575,"upper_bound":354652.3929452759},"point_estimate":302095.19483613246,"standard_error":29302.152886309093}}