{"mean":{"confidence_interval":{"confidence_level":0.95,"lower_bound":11105047.76385,"upper_bound":11193493.536650006},"point_estimate":11148181.532,"standard_error":22513.35004771112},"median":{"confidence_interval":{"confidence_level":0.95,"lower_bound":11042968.5,"upper_bound":11147792.0},"point_estimate":11099976.2,"standard_error":28161.713532686077},"median_abs_dev":{"confidence_interval":{"confidence_level":0.95,"lower_bound":141080.35873532214,"upper_bound":246481.05954408672},"point_estimate":201144.9314689628,"standard_error":26124.96667729823},"slope":null,"std_dev":{"confidence_interval":{"confidence_level":0.95,"lower_bound":185143.12156130973,"upper_bound":263616.93586875434},"point_estimate":226519.75481535622,"standard_error":20046.623596913254}}