{"mean":{"confidence_interval":{"confidence_level":0.95,"lower_bound":10995763.220300002,"upper_bound":11120083.36975},"point_estimate":11057282.273999998,"standard_error":31743.95692723086},"median":{"confidence_interval":{"confidence_level":0.95,"lower_bound":10902812.9,"upper_bound":11049688.9},"point_estimate":10969472.399999999,"standard_error":41149.1826713247},"median_abs_dev":{"confidence_interval":{"confidence_level":0.95,"lower_bound":226083.30084621714,"upper_bound":430709.37705338},"point_estimate":313812.29952871526,"standard_error":56610.91408480433},"slope":null,"std_dev":{"confidence_interval":{"confidence_level":0.95,"lower_bound":281395.35807370103,"upper_bound":348049.786473542},"point_estimate":317959.95892799116,"standard_error":17002.88859371897}}