{"mean":{"confidence_interval":{"confidence_level":0.95,"lower_bound":0.08226182698195375,"upper_bound":0.08738660482912956},"point_estimate":0.08528018087767109,"standard_error":0.0013376216283919413},"median":{"confidence_interval":{"confidence_level":0.95,"lower_bound":0.08611629165915646,"upper_bound":0.08766963574581554},"point_estimate":0.08690893579585857,"standard_error":0.0006518363578783452}}