{"mean":{"confidence_interval":{"confidence_level":0.95,"lower_bound":-0.24718635395841995,"upper_bound":-0.24208191850544317},"point_estimate":-0.2452329890243381,"standard_error":0.0014048154022703412},"median":{"confidence_interval":{"confidence_level":0.95,"lower_bound":-0.24771165640216652,"upper_bound":-0.24579206767818063},"point_estimate":-0.2465815000614725,"standard_error":0.0006079825167359139}}