{"mean":{"confidence_interval":{"confidence_level":0.95,"lower_bound":0.032664043259140366,"upper_bound":0.03985728796141399},"point_estimate":0.03618776523578626,"standard_error":0.0017997712388809078},"median":{"confidence_interval":{"confidence_level":0.95,"lower_bound":0.03152586570906912,"upper_bound":0.042264412296933784},"point_estimate":0.032466222623017016,"standard_error":0.0031443845153438}}