{"mean":{"confidence_interval":{"confidence_level":0.95,"lower_bound":-0.004505544435234251,"upper_bound":0.0015200262346106409},"point_estimate":-0.001778058890682832,"standard_error":0.0015476028563108071},"median":{"confidence_interval":{"confidence_level":0.95,"lower_bound":-0.005364470964699275,"upper_bound":0.0006858669640341652},"point_estimate":-0.004186601135306223,"standard_error":0.0013245739663504388}}