{"mean":{"confidence_interval":{"confidence_level":0.95,"lower_bound":-0.1375331546980341,"upper_bound":-0.13521025698248343},"point_estimate":-0.1362853986326753,"standard_error":0.0005958585209805088},"median":{"confidence_interval":{"confidence_level":0.95,"lower_bound":-0.13723741109060827,"upper_bound":-0.1345614585366488},"point_estimate":-0.13580578087244344,"standard_error":0.0006392440677800824}}