{"mean":{"confidence_interval":{"confidence_level":0.95,"lower_bound":0.021898623182015596,"upper_bound":0.023766093024386648},"point_estimate":0.022835961809272165,"standard_error":0.00047431913049330535},"median":{"confidence_interval":{"confidence_level":0.95,"lower_bound":0.02200373273821965,"upper_bound":0.0235661705389012},"point_estimate":0.022950544053389033,"standard_error":0.0004253236072925884}}