{"mean":{"confidence_interval":{"confidence_level":0.95,"lower_bound":-0.05917910680838989,"upper_bound":-0.05156151989517548},"point_estimate":-0.055958088790348914,"standard_error":0.0019388716078261202},"median":{"confidence_interval":{"confidence_level":0.95,"lower_bound":-0.05784958238386251,"upper_bound":-0.05614086566841281},"point_estimate":-0.0568239073776855,"standard_error":0.0005756045603829469}}