{"mean":{"confidence_interval":{"confidence_level":0.95,"lower_bound":1596215.9795059524,"upper_bound":1599964.8164096156},"point_estimate":1597676.9816333614,"standard_error":1024.6338819346256},"median":{"confidence_interval":{"confidence_level":0.95,"lower_bound":1595848.892857143,"upper_bound":1597806.6375},"point_estimate":1596842.7449404763,"standard_error":470.77777102825934},"median_abs_dev":{"confidence_interval":{"confidence_level":0.95,"lower_bound":73.75552452379377,"upper_bound":2232.4933776567027},"point_estimate":1451.2760779845908,"standard_error":627.459481750317},"slope":{"confidence_interval":{"confidence_level":0.95,"lower_bound":1595853.6415284888,"upper_bound":1597471.9226190476},"point_estimate":1596734.0519016697,"standard_error":419.757306515976},"std_dev":{"confidence_interval":{"confidence_level":0.95,"lower_bound":638.7101292127891,"upper_bound":5202.719151764754},"point_estimate":3413.644281822661,"standard_error":1535.0841472012537}}