{"mean":{"confidence_interval":{"confidence_level":0.95,"lower_bound":1526634.9756362892,"upper_bound":1558593.4141932474},"point_estimate":1543006.6674322658,"standard_error":8202.742049330634},"median":{"confidence_interval":{"confidence_level":0.95,"lower_bound":1522496.0495689656,"upper_bound":1572934.8310344827},"point_estimate":1541240.264367816,"standard_error":11604.010784530406},"median_abs_dev":{"confidence_interval":{"confidence_level":0.95,"lower_bound":3060.6334804474095,"upper_bound":49189.24340710427},"point_estimate":33781.397173708516,"standard_error":12682.481810267242},"slope":{"confidence_interval":{"confidence_level":0.95,"lower_bound":1533419.7458550432,"upper_bound":1567415.6079868423},"point_estimate":1551400.6336318853,"standard_error":8697.400641699942},"std_dev":{"confidence_interval":{"confidence_level":0.95,"lower_bound":15832.56875680888,"upper_bound":33711.43760548576},"point_estimate":27304.259223611105,"standard_error":4624.370872974374}}