{"mean":{"confidence_interval":{"confidence_level":0.95,"lower_bound":1771159.4241968256,"upper_bound":1796940.1260069443},"point_estimate":1783633.2096039683,"standard_error":6590.409591101625},"median":{"confidence_interval":{"confidence_level":0.95,"lower_bound":1764461.6957142856,"upper_bound":1801889.6555555556},"point_estimate":1777702.065,"standard_error":11648.741964350273},"median_abs_dev":{"confidence_interval":{"confidence_level":0.95,"lower_bound":4322.1866382660555,"upper_bound":35136.4724203696},"point_estimate":26387.686887724805,"standard_error":8546.943253123663},"slope":{"confidence_interval":{"confidence_level":0.95,"lower_bound":1768998.055421295,"upper_bound":1802515.3117464369},"point_estimate":1785656.7732467533,"standard_error":8571.591751611208},"std_dev":{"confidence_interval":{"confidence_level":0.95,"lower_bound":13026.550974279553,"upper_bound":26845.301437145506},"point_estimate":21948.163508252597,"standard_error":3561.920988837484}}