{"mean":{"confidence_interval":{"confidence_level":0.95,"lower_bound":0.1757860018113075,"upper_bound":0.20284954065920305},"point_estimate":0.1869223854361013,"standard_error":0.006782062811282124},"median":{"confidence_interval":{"confidence_level":0.95,"lower_bound":0.17255807264377498,"upper_bound":0.1963119096496373},"point_estimate":0.18692573116137035,"standard_error":0.005559762747058161}}