{"mean":{"confidence_interval":{"confidence_level":0.95,"lower_bound":0.23026765671782715,"upper_bound":0.25669155510073544},"point_estimate":0.24257036192226655,"standard_error":0.006719705896932311},"median":{"confidence_interval":{"confidence_level":0.95,"lower_bound":0.22693195490362483,"upper_bound":0.25362335631621535},"point_estimate":0.2346304924706395,"standard_error":0.0065896866860362825}}