{"mean":{"confidence_interval":{"confidence_level":0.95,"lower_bound":-0.11754235410220779,"upper_bound":-0.07457757578575464},"point_estimate":-0.09791260594533813,"standard_error":0.011077574693877327},"median":{"confidence_interval":{"confidence_level":0.95,"lower_bound":-0.12559922599451467,"upper_bound":-0.07063822151060006},"point_estimate":-0.10960634733953956,"standard_error":0.01385474076562791}}