{"mean":{"confidence_interval":{"confidence_level":0.95,"lower_bound":-0.07043271464652885,"upper_bound":-0.057982409885709664},"point_estimate":-0.06418550148029589,"standard_error":0.00318318869271847},"median":{"confidence_interval":{"confidence_level":0.95,"lower_bound":-0.07308600645355734,"upper_bound":-0.05388243479322086},"point_estimate":-0.0645762396986731,"standard_error":0.005062893498691831}}