{"mean":{"confidence_interval":{"confidence_level":0.95,"lower_bound":-0.00022403048520656339,"upper_bound":0.00996398002798136},"point_estimate":0.0047848524187188435,"standard_error":0.002626542879381409},"median":{"confidence_interval":{"confidence_level":0.95,"lower_bound":-0.003018923144531782,"upper_bound":0.010237455983891808},"point_estimate":0.0036315715894141842,"standard_error":0.0032058572548647334}}