{"mean":{"confidence_interval":{"confidence_level":0.95,"lower_bound":-0.002749388359656385,"upper_bound":0.005125887625257831},"point_estimate":0.0011589823906983376,"standard_error":0.0020110032444831437},"median":{"confidence_interval":{"confidence_level":0.95,"lower_bound":-0.0046280428661502615,"upper_bound":0.007466273088732489},"point_estimate":0.0005636632736487623,"standard_error":0.003110339462673896}}