{"mean":{"confidence_interval":{"confidence_level":0.95,"lower_bound":0.03958989886518015,"upper_bound":0.05003235055607852},"point_estimate":0.04477604900216692,"standard_error":0.0026816062257053555},"median":{"confidence_interval":{"confidence_level":0.95,"lower_bound":0.03903807581192065,"upper_bound":0.0503043623094106},"point_estimate":0.04495075996937148,"standard_error":0.00286165981026321}}