{"mean":{"confidence_interval":{"confidence_level":0.95,"lower_bound":32601011.493182536,"upper_bound":32885810.385494713},"point_estimate":32748026.264312167,"standard_error":72801.07656199098},"median":{"confidence_interval":{"confidence_level":0.95,"lower_bound":32566969.466666665,"upper_bound":32894872.208333336},"point_estimate":32790299.055555556,"standard_error":84025.24892321015},"median_abs_dev":{"confidence_interval":{"confidence_level":0.95,"lower_bound":52235.27114764224,"upper_bound":420625.89693239995},"point_estimate":178304.04157613777,"standard_error":94009.65088209907},"slope":{"confidence_interval":{"confidence_level":0.95,"lower_bound":32632166.1575141,"upper_bound":32923832.91243781},"point_estimate":32748580.333333332,"standard_error":74954.9642800002},"std_dev":{"confidence_interval":{"confidence_level":0.95,"lower_bound":118153.67406624235,"upper_bound":319759.84329505084},"point_estimate":241830.51989022744,"standard_error":52637.31579802358}}