{"mean":{"confidence_interval":{"confidence_level":0.95,"lower_bound":28225836.16055556,"upper_bound":29139859.79338542},"point_estimate":28643008.66319444,"standard_error":235619.86283420693},"median":{"confidence_interval":{"confidence_level":0.95,"lower_bound":28102954.975,"upper_bound":29191522.5},"point_estimate":28427806.2625,"standard_error":239762.32265212055},"median_abs_dev":{"confidence_interval":{"confidence_level":0.95,"lower_bound":36342.97315478325,"upper_bound":1189080.4750654355},"point_estimate":627349.2431773223,"standard_error":320641.3199914763},"slope":{"confidence_interval":{"confidence_level":0.95,"lower_bound":27988409.710099228,"upper_bound":28487448.609022558},"point_estimate":28184642.951298703,"standard_error":124889.53658274967},"std_dev":{"confidence_interval":{"confidence_level":0.95,"lower_bound":297807.97579489206,"upper_bound":1065286.189774473},"point_estimate":785465.5734038425,"standard_error":205085.00573387917}}