{"mean":{"confidence_interval":{"confidence_level":0.95,"lower_bound":0.0820651493632909,"upper_bound":0.08395513029700583},"point_estimate":0.08313131995287648,"standard_error":0.0004801506406355619},"median":{"confidence_interval":{"confidence_level":0.95,"lower_bound":0.08294145726758684,"upper_bound":0.08446771331887737},"point_estimate":0.08351426848929622,"standard_error":0.000401987432720616}}