{"mean":{"confidence_interval":{"confidence_level":0.95,"lower_bound":-0.0799262034541531,"upper_bound":-0.07890721421790711},"point_estimate":-0.07941914108009474,"standard_error":0.00025779454374972585},"median":{"confidence_interval":{"confidence_level":0.95,"lower_bound":-0.07989223697986436,"upper_bound":-0.07891725597238475},"point_estimate":-0.07947242455040304,"standard_error":0.00024572710945096565}}