{"mean":{"confidence_interval":{"confidence_level":0.95,"lower_bound":0.004190081937389762,"upper_bound":0.006505914711249704},"point_estimate":0.005268498138923272,"standard_error":0.0006251344676108688},"median":{"confidence_interval":{"confidence_level":0.95,"lower_bound":0.004034464614889766,"upper_bound":0.005130636159744961},"point_estimate":0.0043581972738606645,"standard_error":0.0002857939007756089}}