{"mean":{"confidence_interval":{"confidence_level":0.95,"lower_bound":-0.26187423431091883,"upper_bound":-0.2578799215810707},"point_estimate":-0.25941139881462305,"standard_error":0.001084967212211213},"median":{"confidence_interval":{"confidence_level":0.95,"lower_bound":-0.2582101376625162,"upper_bound":-0.2575891613998351},"point_estimate":-0.25788954490725235,"standard_error":0.0001611490433824712}}