{"mean":{"confidence_interval":{"confidence_level":0.95,"lower_bound":15815.466681377353,"upper_bound":15829.453254518325},"point_estimate":15821.069131557191,"standard_error":3.671479292717457},"median":{"confidence_interval":{"confidence_level":0.95,"lower_bound":15808.664124635055,"upper_bound":15817.003039513678},"point_estimate":15811.170919361897,"standard_error":2.130221946077403},"median_abs_dev":{"confidence_interval":{"confidence_level":0.95,"lower_bound":5.785129266662211,"upper_bound":15.475848521662002},"point_estimate":9.494947638681596,"standard_error":2.3652710545459144},"slope":{"confidence_interval":{"confidence_level":0.95,"lower_bound":15817.078865833619,"upper_bound":15842.527985368552},"point_estimate":15826.496891825644,"standard_error":6.921893212754969},"std_dev":{"confidence_interval":{"confidence_level":0.95,"lower_bound":13.10531193184071,"upper_bound":59.46195131071827},"point_estimate":36.761402377964956,"standard_error":15.222010868169914}}