{"mean":{"confidence_interval":{"confidence_level":0.95,"lower_bound":0.010254727942690061,"upper_bound":0.011536000884531898},"point_estimate":0.010930484057822598,"standard_error":0.0003277093150432186},"median":{"confidence_interval":{"confidence_level":0.95,"lower_bound":0.010266902909215059,"upper_bound":0.011723564417172849},"point_estimate":0.011204722545315793,"standard_error":0.00038045321930993886}}