{"mean":{"confidence_interval":{"confidence_level":0.95,"lower_bound":-0.02163030722642301,"upper_bound":-0.02052780193830494},"point_estimate":-0.021087687744235972,"standard_error":0.0002843441582784795},"median":{"confidence_interval":{"confidence_level":0.95,"lower_bound":-0.021765479384850184,"upper_bound":-0.02088680179627833},"point_estimate":-0.02138729141020701,"standard_error":0.0002238359964012323}}