{"mean":{"confidence_interval":{"confidence_level":0.95,"lower_bound":-0.22931194812473274,"upper_bound":-0.2276837959532863},"point_estimate":-0.22840995973899347,"standard_error":0.0004170872049225038},"median":{"confidence_interval":{"confidence_level":0.95,"lower_bound":-0.22840308600264603,"upper_bound":-0.2277410490269125},"point_estimate":-0.22809548590886009,"standard_error":0.00017347442462906605}}