{"mean":{"confidence_interval":{"confidence_level":0.95,"lower_bound":-0.24556414213066038,"upper_bound":-0.24029105387738833},"point_estimate":-0.24299661569362774,"standard_error":0.0013422956992950286},"median":{"confidence_interval":{"confidence_level":0.95,"lower_bound":-0.24981156669928392,"upper_bound":-0.24511437138356884},"point_estimate":-0.2478402276289583,"standard_error":0.0015382914162706538}}