{"mean":{"confidence_interval":{"confidence_level":0.95,"lower_bound":-0.002881690267654688,"upper_bound":-0.0017455901096493115},"point_estimate":-0.002275128824342554,"standard_error":0.000289187669632458},"median":{"confidence_interval":{"confidence_level":0.95,"lower_bound":-0.0025919859888688945,"upper_bound":-0.0014401578928727732},"point_estimate":-0.0019387589389799897,"standard_error":0.00031341034564531627}}