{"mean":{"confidence_interval":{"confidence_level":0.95,"lower_bound":-0.09730031694937537,"upper_bound":-0.09559454972224916},"point_estimate":-0.09636664732989919,"standard_error":0.0004377241626305688},"median":{"confidence_interval":{"confidence_level":0.95,"lower_bound":-0.09591745946214505,"upper_bound":-0.09515336095960888},"point_estimate":-0.09543436355993018,"standard_error":0.00019954938017769318}}