{"mean":{"confidence_interval":{"confidence_level":0.95,"lower_bound":31062080.02175,"upper_bound":31318351.29175},"point_estimate":31190311.29,"standard_error":65808.07810268425},"median":{"confidence_interval":{"confidence_level":0.95,"lower_bound":31029015.5,"upper_bound":31384271.0},"point_estimate":31191392.0,"standard_error":96520.27040417898},"median_abs_dev":{"confidence_interval":{"confidence_level":0.95,"lower_bound":577592.0390456915,"upper_bound":861999.933296442},"point_estimate":719115.8434331417,"standard_error":72406.30367579227},"slope":null,"std_dev":{"confidence_interval":{"confidence_level":0.95,"lower_bound":569678.75756554,"upper_bound":749192.0250680618},"point_estimate":662049.1824044111,"standard_error":45750.36133366145}}