{"mean":{"confidence_interval":{"confidence_level":0.95,"lower_bound":34377604.55225,"upper_bound":35176767.01},"point_estimate":34776031.19,"standard_error":204489.53752533338},"median":{"confidence_interval":{"confidence_level":0.95,"lower_bound":34030856.0,"upper_bound":35191439.0},"point_estimate":34593989.5,"standard_error":353908.0732422037},"median_abs_dev":{"confidence_interval":{"confidence_level":0.95,"lower_bound":1796180.2463114262,"upper_bound":2852680.2462548018},"point_estimate":2450330.041497946,"standard_error":272013.6742994205},"slope":null,"std_dev":{"confidence_interval":{"confidence_level":0.95,"lower_bound":1804757.0591381048,"upper_bound":2258293.5677444185},"point_estimate":2045219.7719639556,"standard_error":116221.67565862663}}