{"mean":{"confidence_interval":{"confidence_level":0.95,"lower_bound":33205077.771,"upper_bound":33723717.415},"point_estimate":33466657.97,"standard_error":132516.03023412186},"median":{"confidence_interval":{"confidence_level":0.95,"lower_bound":33257847.5,"upper_bound":33684743.5},"point_estimate":33487412.5,"standard_error":118460.77788949959},"median_abs_dev":{"confidence_interval":{"confidence_level":0.95,"lower_bound":1127932.4079751968,"upper_bound":1743228.4469515085},"point_estimate":1450177.7361541986,"standard_error":159754.96083211075},"slope":null,"std_dev":{"confidence_interval":{"confidence_level":0.95,"lower_bound":1157199.4895006903,"upper_bound":1489314.4402283062},"point_estimate":1331643.0513400927,"standard_error":84697.6287179126}}