{"mean":{"confidence_interval":{"confidence_level":0.95,"lower_bound":51756174.240499996,"upper_bound":52072468.25875},"point_estimate":51911761.59,"standard_error":80691.55754474386},"median":{"confidence_interval":{"confidence_level":0.95,"lower_bound":51742875.0,"upper_bound":52021071.0},"point_estimate":51843897.0,"standard_error":74870.22683144806},"median_abs_dev":{"confidence_interval":{"confidence_level":0.95,"lower_bound":489593.0589079857,"upper_bound":835955.8037938176},"point_estimate":664514.6516025066,"standard_error":85231.42519468116},"slope":null,"std_dev":{"confidence_interval":{"confidence_level":0.95,"lower_bound":675875.184774584,"upper_bound":931475.6350458269},"point_estimate":809852.7834142325,"standard_error":65300.31961293254}}