{"mean":{"confidence_interval":{"confidence_level":0.95,"lower_bound":22220442.7915,"upper_bound":22544045.82175},"point_estimate":22382966.61,"standard_error":82432.14271660014},"median":{"confidence_interval":{"confidence_level":0.95,"lower_bound":22261525.0,"upper_bound":22646106.0},"point_estimate":22459377.0,"standard_error":98680.35593207975},"median_abs_dev":{"confidence_interval":{"confidence_level":0.95,"lower_bound":567204.2023301125,"upper_bound":958660.2624803782},"point_estimate":777073.6416041851,"standard_error":94305.30866745881},"slope":null,"std_dev":{"confidence_interval":{"confidence_level":0.95,"lower_bound":702321.5606245007,"upper_bound":942733.3807011743},"point_estimate":827613.2123303588,"standard_error":61335.9452873944}}