{"mean":{"confidence_interval":{"confidence_level":0.95,"lower_bound":56263304.15,"upper_bound":56774061.518750004},"point_estimate":56516150.23,"standard_error":130704.60687208077},"median":{"confidence_interval":{"confidence_level":0.95,"lower_bound":55991216.0,"upper_bound":56541542.0},"point_estimate":56269251.0,"standard_error":114444.57786359244},"median_abs_dev":{"confidence_interval":{"confidence_level":0.95,"lower_bound":818309.1946721077,"upper_bound":1605451.3950875401},"point_estimate":1235655.1568627357,"standard_error":200420.24405439993},"slope":null,"std_dev":{"confidence_interval":{"confidence_level":0.95,"lower_bound":1119999.9027475342,"upper_bound":1490329.4570932966},"point_estimate":1315578.1073925265,"standard_error":94626.16858422199}}