{"mean":{"confidence_interval":{"confidence_level":0.95,"lower_bound":54375712.91725,"upper_bound":54818703.2335},"point_estimate":54596259.2,"standard_error":112699.2666252467},"median":{"confidence_interval":{"confidence_level":0.95,"lower_bound":54365623.0,"upper_bound":54846553.0},"point_estimate":54597469.5,"standard_error":126182.16067697444},"median_abs_dev":{"confidence_interval":{"confidence_level":0.95,"lower_bound":647220.8642095327,"upper_bound":1229583.168670535},"point_estimate":965538.78505826,"standard_error":146043.21746793765},"slope":null,"std_dev":{"confidence_interval":{"confidence_level":0.95,"lower_bound":922608.5653877945,"upper_bound":1333610.045988538},"point_estimate":1130736.9840410645,"standard_error":104909.21520262532}}