{"mean":{"confidence_interval":{"confidence_level":0.95,"lower_bound":34145959.9795,"upper_bound":35018428.25775},"point_estimate":34565150.75,"standard_error":223312.57932849784},"median":{"confidence_interval":{"confidence_level":0.95,"lower_bound":33682432.5,"upper_bound":34635051.0},"point_estimate":34084536.5,"standard_error":262111.14195912587},"median_abs_dev":{"confidence_interval":{"confidence_level":0.95,"lower_bound":1407162.3218178751,"upper_bound":2420357.8004300594},"point_estimate":1926755.7911932468,"standard_error":263669.68415143824},"slope":null,"std_dev":{"confidence_interval":{"confidence_level":0.95,"lower_bound":1657780.220633482,"upper_bound":2898947.589270162},"point_estimate":2246433.582130858,"standard_error":329831.63298491965}}