{"mean":{"confidence_interval":{"confidence_level":0.95,"lower_bound":31164814.32375,"upper_bound":31574461.48075},"point_estimate":31366931.99,"standard_error":104734.14023543909},"median":{"confidence_interval":{"confidence_level":0.95,"lower_bound":31012761.0,"upper_bound":31578917.0},"point_estimate":31285318.5,"standard_error":136306.19954297892},"median_abs_dev":{"confidence_interval":{"confidence_level":0.95,"lower_bound":898051.5755563974,"upper_bound":1381439.2122745514},"point_estimate":1134167.4821645021,"standard_error":125033.28652720035},"slope":null,"std_dev":{"confidence_interval":{"confidence_level":0.95,"lower_bound":923803.8693395122,"upper_bound":1158888.7090252133},"point_estimate":1049857.684051178,"standard_error":59993.224637424915}}