{"mean":{"confidence_interval":{"confidence_level":0.95,"lower_bound":1929074.5984802432,"upper_bound":1938922.3471209048},"point_estimate":1934260.9761634585,"standard_error":2513.18788420899},"median":{"confidence_interval":{"confidence_level":0.95,"lower_bound":1929719.0578014185,"upper_bound":1940131.706501182},"point_estimate":1934925.2583586625,"standard_error":2393.9190639001713},"median_abs_dev":{"confidence_interval":{"confidence_level":0.95,"lower_bound":230.44365335554798,"upper_bound":14452.805577276673},"point_estimate":6774.544739834159,"standard_error":3966.2248753394642},"slope":{"confidence_interval":{"confidence_level":0.95,"lower_bound":1933161.69943914,"upper_bound":1940960.0560791548},"point_estimate":1937448.0983144515,"standard_error":1992.7381482510407},"std_dev":{"confidence_interval":{"confidence_level":0.95,"lower_bound":3972.6100154027063,"upper_bound":11002.007577259536},"point_estimate":8380.999254045406,"standard_error":1863.6948585421}}