{"mean":{"confidence_interval":{"confidence_level":0.95,"lower_bound":2083844.6272609818,"upper_bound":2128848.825098422},"point_estimate":2108228.62104282,"standard_error":11606.913480891342},"median":{"confidence_interval":{"confidence_level":0.95,"lower_bound":2083187.1447028425,"upper_bound":2134930.1295681065},"point_estimate":2119189.2627906976,"standard_error":12750.831593752739},"median_abs_dev":{"confidence_interval":{"confidence_level":0.95,"lower_bound":5739.517734033414,"upper_bound":58878.50431613184},"point_estimate":24152.616265391527,"standard_error":14066.973187024596},"slope":{"confidence_interval":{"confidence_level":0.95,"lower_bound":2097536.174501072,"upper_bound":2128395.494777876},"point_estimate":2113537.052068861,"standard_error":8024.237021776391},"std_dev":{"confidence_interval":{"confidence_level":0.95,"lower_bound":16029.0002100769,"upper_bound":52428.1460855524},"point_estimate":38642.63053533912,"standard_error":10061.981941735025}}