{"mean":{"confidence_interval":{"confidence_level":0.95,"lower_bound":42033278073.104996,"upper_bound":43156356346.8},"point_estimate":42651610724.5,"standard_error":286484943.76615834},"median":{"confidence_interval":{"confidence_level":0.95,"lower_bound":42375819436.5,"upper_bound":43036936974.5},"point_estimate":42874302116.5,"standard_error":198878344.23510575},"median_abs_dev":{"confidence_interval":{"confidence_level":0.95,"lower_bound":26442404.781353474,"upper_bound":1211278133.9353144},"point_estimate":426980985.7892722,"standard_error":286734503.1698245},"slope":null,"std_dev":{"confidence_interval":{"confidence_level":0.95,"lower_bound":252931159.6993933,"upper_bound":1391201433.4281936},"point_estimate":957557720.7223718,"standard_error":317961684.9182804}}