{"mean":{"confidence_interval":{"confidence_level":0.95,"lower_bound":29947156745.1,"upper_bound":33508893906.6},"point_estimate":31611288788.6,"standard_error":917572280.3893095},"median":{"confidence_interval":{"confidence_level":0.95,"lower_bound":29191538290.5,"upper_bound":34473188927.0},"point_estimate":30128476530.0,"standard_error":1432321081.147078},"median_abs_dev":{"confidence_interval":{"confidence_level":0.95,"lower_bound":278213793.1943178,"upper_bound":5178571801.634672},"point_estimate":1739808970.2179165,"standard_error":1460761067.1883676},"slope":null,"std_dev":{"confidence_interval":{"confidence_level":0.95,"lower_bound":1366329246.6728988,"upper_bound":3744440605.816908},"point_estimate":3071417876.5679274,"standard_error":600649212.3312572}}