{"mean":{"confidence_interval":{"confidence_level":0.95,"lower_bound":39940775340.2,"upper_bound":41007021652.8},"point_estimate":40451636657.7,"standard_error":273719883.18099797},"median":{"confidence_interval":{"confidence_level":0.95,"lower_bound":39773255602.5,"upper_bound":41208839050.0},"point_estimate":40387916582.5,"standard_error":347210783.85783154},"median_abs_dev":{"confidence_interval":{"confidence_level":0.95,"lower_bound":150561373.5552013,"upper_bound":1515053726.0893197},"point_estimate":815328361.4493281,"standard_error":371718337.4789988},"slope":null,"std_dev":{"confidence_interval":{"confidence_level":0.95,"lower_bound":445231799.39443487,"upper_bound":1158025397.9572403},"point_estimate":911160300.4389406,"standard_error":178680933.504298}}