{"mean":{"confidence_interval":{"confidence_level":0.95,"lower_bound":19937.98368639377,"upper_bound":20043.08548377583},"point_estimate":20003.118404801688,"standard_error":29.841952712207565},"median":{"confidence_interval":{"confidence_level":0.95,"lower_bound":20020.275682941006,"upper_bound":20046.385908892764},"point_estimate":20024.446845462975,"standard_error":9.017901942549413},"median_abs_dev":{"confidence_interval":{"confidence_level":0.95,"lower_bound":0.3762224896918844,"upper_bound":58.77473028899984},"point_estimate":3.923967319176771,"standard_error":16.005091745744963},"slope":{"confidence_interval":{"confidence_level":0.95,"lower_bound":20021.603810977747,"upper_bound":20049.9115516369},"point_estimate":20032.703319783966,"standard_error":7.758425805679468},"std_dev":{"confidence_interval":{"confidence_level":0.95,"lower_bound":3.528578444882804,"upper_bound":152.023877449185},"point_estimate":99.08026728430815,"standard_error":48.05675154189714}}