{"mean":{"confidence_interval":{"confidence_level":0.95,"lower_bound":19744.486474041405,"upper_bound":19810.588219534362},"point_estimate":19768.2844383689,"standard_error":19.45254067881669},"median":{"confidence_interval":{"confidence_level":0.95,"lower_bound":19742.86263434964,"upper_bound":19756.63562915844},"point_estimate":19747.65643050377,"standard_error":5.525559446933358},"median_abs_dev":{"confidence_interval":{"confidence_level":0.95,"lower_bound":0.2154469143599013,"upper_bound":18.427372416868703},"point_estimate":7.9922539653718765,"standard_error":6.768541648168447},"slope":{"confidence_interval":{"confidence_level":0.95,"lower_bound":19745.614786492297,"upper_bound":19801.886403989796},"point_estimate":19761.812509578598,"standard_error":15.652412418394551},"std_dev":{"confidence_interval":{"confidence_level":0.95,"lower_bound":3.9712202944077566,"upper_bound":99.60320052788171},"point_estimate":64.8267745871478,"standard_error":33.76799733574894}}