{"mean":{"confidence_interval":{"confidence_level":0.95,"lower_bound":444073.497165714,"upper_bound":444798.4630321313},"point_estimate":444425.09018578625,"standard_error":185.19459892747093},"median":{"confidence_interval":{"confidence_level":0.95,"lower_bound":443852.09465020575,"upper_bound":444473.32575757575},"point_estimate":444098.502585034,"standard_error":153.8531748122491},"median_abs_dev":{"confidence_interval":{"confidence_level":0.95,"lower_bound":1131.5429809375373,"upper_bound":1891.3714449928877},"point_estimate":1580.0702227729237,"standard_error":186.93674620403428},"slope":{"confidence_interval":{"confidence_level":0.95,"lower_bound":443986.879719476,"upper_bound":444618.8640044169},"point_estimate":444291.6175508596,"standard_error":161.1514831061903},"std_dev":{"confidence_interval":{"confidence_level":0.95,"lower_bound":1439.9721818005503,"upper_bound":2267.1929775642475},"point_estimate":1858.5374873255755,"standard_error":213.22723298711182}}