{"mean":{"confidence_interval":{"confidence_level":0.95,"lower_bound":-0.2896842388586947,"upper_bound":-0.2714839096119537},"point_estimate":-0.28105022926243217,"standard_error":0.0046801410874525926},"median":{"confidence_interval":{"confidence_level":0.95,"lower_bound":-0.2948682294838161,"upper_bound":-0.27101552164430953},"point_estimate":-0.2819529515621291,"standard_error":0.00644785633315209}}