{"mean":{"confidence_interval":{"confidence_level":0.95,"lower_bound":-0.29158457832626944,"upper_bound":-0.28473947918186693},"point_estimate":-0.288267374116289,"standard_error":0.0017476430455156714},"median":{"confidence_interval":{"confidence_level":0.95,"lower_bound":-0.2924798488293108,"upper_bound":-0.28649267890135643},"point_estimate":-0.288850037492131,"standard_error":0.0014300957955220499}}