{"mean":{"confidence_interval":{"confidence_level":0.95,"lower_bound":-0.025729788483994653,"upper_bound":0.020864427555111205},"point_estimate":-0.003922591452076185,"standard_error":0.01194463095562722},"median":{"confidence_interval":{"confidence_level":0.95,"lower_bound":-0.037390738587311456,"upper_bound":0.03190686278610877},"point_estimate":-0.01500318980757287,"standard_error":0.019703033431667256}}