{"mean":{"confidence_interval":{"confidence_level":0.95,"lower_bound":-0.2776846008882421,"upper_bound":-0.26407489839588505},"point_estimate":-0.27146677638909167,"standard_error":0.003469992256916955},"median":{"confidence_interval":{"confidence_level":0.95,"lower_bound":-0.28111225164336284,"upper_bound":-0.26207024180701555},"point_estimate":-0.2702822060513087,"standard_error":0.0049423447435596865}}