{"mean":{"confidence_interval":{"confidence_level":0.95,"lower_bound":-0.048020804749585616,"upper_bound":-0.03467248631885744},"point_estimate":-0.041832593564397724,"standard_error":0.003421845310394981},"median":{"confidence_interval":{"confidence_level":0.95,"lower_bound":-0.04898671774555685,"upper_bound":-0.03559528916089916},"point_estimate":-0.04383672734446187,"standard_error":0.003500309282520088}}