{"mean":{"confidence_interval":{"confidence_level":0.95,"lower_bound":-0.38240290056579096,"upper_bound":-0.29466708844273626},"point_estimate":-0.341995619904637,"standard_error":0.022389962300087544},"median":{"confidence_interval":{"confidence_level":0.95,"lower_bound":-0.3883764749242794,"upper_bound":-0.28827873970910634},"point_estimate":-0.3468586971864164,"standard_error":0.024302419857956798}}