{"mean":{"confidence_interval":{"confidence_level":0.95,"lower_bound":-0.12042223587736813,"upper_bound":-0.07099158928988382},"point_estimate":-0.09632668762675745,"standard_error":0.012650368470073014},"median":{"confidence_interval":{"confidence_level":0.95,"lower_bound":-0.1348733028191702,"upper_bound":-0.06644783383632835},"point_estimate":-0.08900955240867003,"standard_error":0.017301258877379492}}