{"mean":{"confidence_interval":{"confidence_level":0.95,"lower_bound":-0.030980763287350797,"upper_bound":-0.010415922394222557},"point_estimate":-0.02082956348540299,"standard_error":0.005254004861970883},"median":{"confidence_interval":{"confidence_level":0.95,"lower_bound":-0.03824373635078393,"upper_bound":-0.008396765955320351},"point_estimate":-0.020787272099784926,"standard_error":0.008395520276178068}}