{"mean":{"confidence_interval":{"confidence_level":0.95,"lower_bound":348465775.74625,"upper_bound":360722335.72775},"point_estimate":354404897.59,"standard_error":3136924.209242385},"median":{"confidence_interval":{"confidence_level":0.95,"lower_bound":338457336.0,"upper_bound":354535956.0},"point_estimate":343780313.5,"standard_error":3939280.587842689},"median_abs_dev":{"confidence_interval":{"confidence_level":0.95,"lower_bound":18705223.309215903,"upper_bound":33431250.73673665},"point_estimate":23276897.423252463,"standard_error":3809844.682700701},"slope":null,"std_dev":{"confidence_interval":{"confidence_level":0.95,"lower_bound":25792185.683776665,"upper_bound":36509466.176557586},"point_estimate":31533881.92551724,"standard_error":2741356.442538082}}