{"mean":{"confidence_interval":{"confidence_level":0.95,"lower_bound":335352665.73675,"upper_bound":343067758.453},"point_estimate":339146593.26,"standard_error":1968613.1950710453},"median":{"confidence_interval":{"confidence_level":0.95,"lower_bound":329157147.5,"upper_bound":340943570.0},"point_estimate":335063162.5,"standard_error":3177947.957631489},"median_abs_dev":{"confidence_interval":{"confidence_level":0.95,"lower_bound":13919104.452386498,"upper_bound":24654510.04499495},"point_estimate":19273279.265230894,"standard_error":2833926.258070728},"slope":null,"std_dev":{"confidence_interval":{"confidence_level":0.95,"lower_bound":16998542.91223448,"upper_bound":22106076.341931984},"point_estimate":19759009.867464807,"standard_error":1301159.4973465367}}