{"mean":{"confidence_interval":{"confidence_level":0.95,"lower_bound":335188753.758,"upper_bound":343800541.41625},"point_estimate":339419563.48,"standard_error":2188714.937490497},"median":{"confidence_interval":{"confidence_level":0.95,"lower_bound":328190880.0,"upper_bound":339722453.0},"point_estimate":336317819.5,"standard_error":2899309.060110946},"median_abs_dev":{"confidence_interval":{"confidence_level":0.95,"lower_bound":15281876.526379962,"upper_bound":28042454.842346907},"point_estimate":23078463.277575374,"standard_error":3331847.250316281},"slope":null,"std_dev":{"confidence_interval":{"confidence_level":0.95,"lower_bound":18741148.604565468,"upper_bound":24849385.3164096},"point_estimate":22018416.717705987,"standard_error":1555284.376124836}}