{"mean":{"confidence_interval":{"confidence_level":0.95,"lower_bound":524251336.7665,"upper_bound":526423728.96825},"point_estimate":525310116.91,"standard_error":552617.2314861737},"median":{"confidence_interval":{"confidence_level":0.95,"lower_bound":522399767.0,"upper_bound":523895843.5},"point_estimate":522933102.5,"standard_error":464249.1358009538},"median_abs_dev":{"confidence_interval":{"confidence_level":0.95,"lower_bound":2112105.250802636,"upper_bound":4504241.760733724},"point_estimate":2886364.9176567793,"standard_error":650514.6011236699},"slope":null,"std_dev":{"confidence_interval":{"confidence_level":0.95,"lower_bound":4694463.865910653,"upper_bound":6218988.682680514},"point_estimate":5540115.576001656,"standard_error":388287.7377253106}}