{"mean":{"confidence_interval":{"confidence_level":0.95,"lower_bound":529225089.453,"upper_bound":530849773.3375},"point_estimate":529983185.93,"standard_error":415756.13703256845},"median":{"confidence_interval":{"confidence_level":0.95,"lower_bound":528370589.0,"upper_bound":529505229.0},"point_estimate":528942637.5,"standard_error":289772.1087250884},"median_abs_dev":{"confidence_interval":{"confidence_level":0.95,"lower_bound":1244203.8283109665,"upper_bound":2184346.843367591},"point_estimate":1561293.415081501,"standard_error":225929.50084499107},"slope":null,"std_dev":{"confidence_interval":{"confidence_level":0.95,"lower_bound":2728311.54971711,"upper_bound":5449567.298996976},"point_estimate":4172669.4977262253,"standard_error":697109.7656984174}}