{"mean":{"confidence_interval":{"confidence_level":0.95,"lower_bound":523471842.1585,"upper_bound":524627232.0},"point_estimate":524034279.39,"standard_error":295296.21024914895},"median":{"confidence_interval":{"confidence_level":0.95,"lower_bound":523185037.0,"upper_bound":524634085.0},"point_estimate":523911327.0,"standard_error":300758.94656627584},"median_abs_dev":{"confidence_interval":{"confidence_level":0.95,"lower_bound":2098063.546451926,"upper_bound":3392185.774576664},"point_estimate":2623754.949519038,"standard_error":328076.58055912645},"slope":null,"std_dev":{"confidence_interval":{"confidence_level":0.95,"lower_bound":2368089.689128262,"upper_bound":3618275.419173634},"point_estimate":2963376.166580816,"standard_error":326132.1749190653}}