{"mean":{"confidence_interval":{"confidence_level":0.95,"lower_bound":261184855.632,"upper_bound":271798940.39},"point_estimate":266366995.07,"standard_error":2717243.6504865885},"median":{"confidence_interval":{"confidence_level":0.95,"lower_bound":253874778.5,"upper_bound":263279466.0},"point_estimate":258822252.0,"standard_error":2311908.1417181916},"median_abs_dev":{"confidence_interval":{"confidence_level":0.95,"lower_bound":16137534.360301495,"upper_bound":30474370.250871778},"point_estimate":24626506.69669211,"standard_error":4028593.825957161},"slope":null,"std_dev":{"confidence_interval":{"confidence_level":0.95,"lower_bound":22947102.76560807,"upper_bound":30955443.5217807},"point_estimate":27252294.525313985,"standard_error":2036468.2382005518}}