{"mean":{"confidence_interval":{"confidence_level":0.95,"lower_bound":258025171.3,"upper_bound":267491584.615},"point_estimate":262633549.3,"standard_error":2431265.5712664467},"median":{"confidence_interval":{"confidence_level":0.95,"lower_bound":255862160.5,"upper_bound":269060267.5},"point_estimate":262360776.0,"standard_error":3871529.409299392},"median_abs_dev":{"confidence_interval":{"confidence_level":0.95,"lower_bound":1648258.281737566,"upper_bound":14143683.507299423},"point_estimate":8810718.028378487,"standard_error":3222020.7228880413},"slope":null,"std_dev":{"confidence_interval":{"confidence_level":0.95,"lower_bound":4743581.5812709145,"upper_bound":9952710.762195366},"point_estimate":8107443.753076853,"standard_error":1336927.7797152558}}