{"mean":{"confidence_interval":{"confidence_level":0.95,"lower_bound":247728823.9,"upper_bound":257251770.1},"point_estimate":252638345.7,"standard_error":2432101.974768778},"median":{"confidence_interval":{"confidence_level":0.95,"lower_bound":246320606.0,"upper_bound":259443372.0},"point_estimate":253914105.5,"standard_error":3061710.245536806},"median_abs_dev":{"confidence_interval":{"confidence_level":0.95,"lower_bound":567833.566018939,"upper_bound":14654072.996038198},"point_estimate":6490003.548279405,"standard_error":3403388.924053384},"slope":null,"std_dev":{"confidence_interval":{"confidence_level":0.95,"lower_bound":4344690.4179146895,"upper_bound":10363711.246218974},"point_estimate":8136189.586570008,"standard_error":1547603.2032532725}}