{"mean":{"confidence_interval":{"confidence_level":0.95,"lower_bound":274709957.015,"upper_bound":280678330.5},"point_estimate":278194920.6,"standard_error":1564604.8065995465},"median":{"confidence_interval":{"confidence_level":0.95,"lower_bound":277191302.5,"upper_bound":281269928.0},"point_estimate":279517867.0,"standard_error":922688.1164950003},"median_abs_dev":{"confidence_interval":{"confidence_level":0.95,"lower_bound":483435.8212172985,"upper_bound":5354006.537747383},"point_estimate":2013995.6801444292,"standard_error":1360547.2337291427},"slope":null,"std_dev":{"confidence_interval":{"confidence_level":0.95,"lower_bound":1384080.7210611992,"upper_bound":7710951.638770463},"point_estimate":5203436.433831657,"standard_error":1964459.1112977357}}