{"mean":{"confidence_interval":{"confidence_level":0.95,"lower_bound":249508609.16500002,"upper_bound":257821892.8},"point_estimate":253335785.4,"standard_error":2138765.1741469963},"median":{"confidence_interval":{"confidence_level":0.95,"lower_bound":247692360.0,"upper_bound":258334340.0},"point_estimate":252185796.0,"standard_error":2548789.679668938},"median_abs_dev":{"confidence_interval":{"confidence_level":0.95,"lower_bound":1040066.8618351221,"upper_bound":11608905.312600732},"point_estimate":5851320.2360183,"standard_error":2683957.8570340443},"slope":null,"std_dev":{"confidence_interval":{"confidence_level":0.95,"lower_bound":2913105.561815372,"upper_bound":9193690.88665542},"point_estimate":7121980.127928456,"standard_error":1637128.6180343968}}