{"mean":{"confidence_interval":{"confidence_level":0.95,"lower_bound":343266865.3,"upper_bound":382349216.6},"point_estimate":362126878.9,"standard_error":9987581.440546067},"median":{"confidence_interval":{"confidence_level":0.95,"lower_bound":333770115.5,"upper_bound":402828057.0},"point_estimate":356899231.5,"standard_error":16157690.36092007},"median_abs_dev":{"confidence_interval":{"confidence_level":0.95,"lower_bound":6022225.465384126,"upper_bound":56093762.28913665},"point_estimate":37275854.71022129,"standard_error":13600764.36299183},"slope":null,"std_dev":{"confidence_interval":{"confidence_level":0.95,"lower_bound":17702771.804226514,"upper_bound":39284747.23123152},"point_estimate":33257424.74319741,"standard_error":5106969.821799523}}