{"mean":{"confidence_interval":{"confidence_level":0.95,"lower_bound":18920.162950584403,"upper_bound":18988.578407633428},"point_estimate":18954.629163391255,"standard_error":16.938125313425058},"median":{"confidence_interval":{"confidence_level":0.95,"lower_bound":18940.999586263963,"upper_bound":18969.175362019032},"point_estimate":18955.514933285063,"standard_error":7.565426629557286},"median_abs_dev":{"confidence_interval":{"confidence_level":0.95,"lower_bound":4.390606291001846,"upper_bound":90.2627147235411},"point_estimate":14.579836461781808,"standard_error":17.96164143402164},"slope":{"confidence_interval":{"confidence_level":0.95,"lower_bound":18951.375266815845,"upper_bound":18985.44166894322},"point_estimate":18963.69585834108,"standard_error":8.81645686243169},"std_dev":{"confidence_interval":{"confidence_level":0.95,"lower_bound":9.979793029787121,"upper_bound":80.25943667051074},"point_estimate":56.381277087218066,"standard_error":18.44138087995199}}