{"mean":{"confidence_interval":{"confidence_level":0.95,"lower_bound":327639.0132103149,"upper_bound":332565.9512371959},"point_estimate":330081.594318662,"standard_error":1259.2941395032735},"median":{"confidence_interval":{"confidence_level":0.95,"lower_bound":328322.4075854701,"upper_bound":331171.8092224231},"point_estimate":329291.75162037037,"standard_error":653.823121211202},"median_abs_dev":{"confidence_interval":{"confidence_level":0.95,"lower_bound":13897.462044567521,"upper_bound":21424.07284296126},"point_estimate":20368.8637061261,"standard_error":1729.8947722283297},"slope":{"confidence_interval":{"confidence_level":0.95,"lower_bound":321082.63097064965,"upper_bound":325241.94969784626},"point_estimate":323062.4648086301,"standard_error":1060.4974072218408},"std_dev":{"confidence_interval":{"confidence_level":0.95,"lower_bound":11246.570440374593,"upper_bound":13967.18443776794},"point_estimate":12652.73548706877,"standard_error":693.2258268586438}}