{"mean":{"confidence_interval":{"confidence_level":0.95,"lower_bound":466184.98498319625,"upper_bound":468143.52882628335},"point_estimate":466949.70186925516,"standard_error":519.7078151422188},"median":{"confidence_interval":{"confidence_level":0.95,"lower_bound":465854.454017094,"upper_bound":466517.96862907684},"point_estimate":466317.3947187042,"standard_error":167.18563873876826},"median_abs_dev":{"confidence_interval":{"confidence_level":0.95,"lower_bound":993.5666187243525,"upper_bound":1501.7290827378122},"point_estimate":1292.4760359014106,"standard_error":129.99123848782168},"slope":{"confidence_interval":{"confidence_level":0.95,"lower_bound":466146.2772127661,"upper_bound":467442.3763100628},"point_estimate":466675.22666371113,"standard_error":339.3357686420014},"std_dev":{"confidence_interval":{"confidence_level":0.95,"lower_bound":1236.2588018045592,"upper_bound":8593.179623549291},"point_estimate":5220.697808647335,"standard_error":2316.431909761813}}