{"mean":{"confidence_interval":{"confidence_level":0.95,"lower_bound":198285.4502077173,"upper_bound":198720.02388736515},"point_estimate":198482.357094875,"standard_error":112.22321675398476},"median":{"confidence_interval":{"confidence_level":0.95,"lower_bound":198193.79193899783,"upper_bound":198698.09513435003},"point_estimate":198301.84114015976,"standard_error":158.57185544458693},"median_abs_dev":{"confidence_interval":{"confidence_level":0.95,"lower_bound":10.414820681145269,"upper_bound":652.7076783903168},"point_estimate":171.6637450623648,"standard_error":162.27414103805157},"slope":{"confidence_interval":{"confidence_level":0.95,"lower_bound":198271.17233640444,"upper_bound":199017.33698470076},"point_estimate":198635.34993067934,"standard_error":206.86639185872036},"std_dev":{"confidence_interval":{"confidence_level":0.95,"lower_bound":155.38707781588977,"upper_bound":513.7288847402476},"point_estimate":373.5875285765634,"standard_error":100.51864851455916}}