{"mean":{"confidence_interval":{"confidence_level":0.95,"lower_bound":18130.862718392178,"upper_bound":18394.249638552545},"point_estimate":18249.704441919846,"standard_error":66.54469466444522},"median":{"confidence_interval":{"confidence_level":0.95,"lower_bound":18127.45708980861,"upper_bound":18337.338906784782},"point_estimate":18132.57138782632,"standard_error":62.106123856283276},"median_abs_dev":{"confidence_interval":{"confidence_level":0.95,"lower_bound":0.5533706646263474,"upper_bound":303.54995727449176},"point_estimate":8.038265173040656,"standard_error":77.21948559983664},"slope":{"confidence_interval":{"confidence_level":0.95,"lower_bound":18129.49912922896,"upper_bound":18463.565455826214},"point_estimate":18238.878428275973,"standard_error":97.52914603244191},"std_dev":{"confidence_interval":{"confidence_level":0.95,"lower_bound":8.513623225914385,"upper_bound":300.8759862028003},"point_estimate":222.30590630739087,"standard_error":69.35415160155137}}