{"mean":{"confidence_interval":{"confidence_level":0.95,"lower_bound":18253.51110583581,"upper_bound":18371.197325420373},"point_estimate":18329.647329596657,"standard_error":35.11652241151866},"median":{"confidence_interval":{"confidence_level":0.95,"lower_bound":18356.271414441147,"upper_bound":18377.923639960434},"point_estimate":18361.98926805143,"standard_error":9.033970653681177},"median_abs_dev":{"confidence_interval":{"confidence_level":0.95,"lower_bound":1.1401795049802286,"upper_bound":26.836657607974786},"point_estimate":8.720267200932735,"standard_error":11.53250666617379},"slope":{"confidence_interval":{"confidence_level":0.95,"lower_bound":18356.7440035968,"upper_bound":18371.666049382715},"point_estimate":18363.977418782997,"standard_error":3.8005773489392602},"std_dev":{"confidence_interval":{"confidence_level":0.95,"lower_bound":6.947610029418129,"upper_bound":180.35219943766},"point_estimate":117.42848366170081,"standard_error":63.09230658447539}}