{"mean":{"confidence_interval":{"confidence_level":0.95,"lower_bound":-0.15850371248017553,"upper_bound":-0.10461743702927791},"point_estimate":-0.13300665592122962,"standard_error":0.013867694181045677},"median":{"confidence_interval":{"confidence_level":0.95,"lower_bound":-0.16987389550339682,"upper_bound":-0.07279372860492972},"point_estimate":-0.15375280838955552,"standard_error":0.029192694453903805}}