{"mean":{"confidence_interval":{"confidence_level":0.95,"lower_bound":0.2440911806665738,"upper_bound":0.27654821392688883},"point_estimate":0.2572511488814635,"standard_error":0.008508659272070094},"median":{"confidence_interval":{"confidence_level":0.95,"lower_bound":0.24018586078002246,"upper_bound":0.2639896610795045},"point_estimate":0.2501045256926664,"standard_error":0.00612005120910418}}