{"mean":{"confidence_interval":{"confidence_level":0.95,"lower_bound":0.17546790814739094,"upper_bound":0.19367587810240572},"point_estimate":0.18405416363010474,"standard_error":0.004673438674021872},"median":{"confidence_interval":{"confidence_level":0.95,"lower_bound":0.17141883013391723,"upper_bound":0.19957034892761838},"point_estimate":0.18113724886784488,"standard_error":0.007426781030420857}}