{"mean":{"confidence_interval":{"confidence_level":0.95,"lower_bound":0.1388698161054456,"upper_bound":0.1566139618679447},"point_estimate":0.1481847281575841,"standard_error":0.004467948523371923},"median":{"confidence_interval":{"confidence_level":0.95,"lower_bound":0.14071163313638024,"upper_bound":0.15939962477783798},"point_estimate":0.14968289242940935,"standard_error":0.0046202591924964925}}