{"mean":{"confidence_interval":{"confidence_level":0.95,"lower_bound":63089568.33833333,"upper_bound":63365737.8399008},"point_estimate":63229318.05936509,"standard_error":70642.21573630562},"median":{"confidence_interval":{"confidence_level":0.95,"lower_bound":63049865.25,"upper_bound":63408118.70833333},"point_estimate":63230231.925,"standard_error":72571.62330841877},"median_abs_dev":{"confidence_interval":{"confidence_level":0.95,"lower_bound":29460.282823641974,"upper_bound":404428.1745199694},"point_estimate":206112.3456157744,"standard_error":104008.8529717661},"slope":{"confidence_interval":{"confidence_level":0.95,"lower_bound":63113706.160792954,"upper_bound":63395705.10304054},"point_estimate":63227855.47922078,"standard_error":72472.0461547032},"std_dev":{"confidence_interval":{"confidence_level":0.95,"lower_bound":115217.88398384038,"upper_bound":309627.72595263825},"point_estimate":235283.6680400613,"standard_error":49731.662595836635}}