{"mean":{"confidence_interval":{"confidence_level":0.95,"lower_bound":71216027.59039684,"upper_bound":72786537.44714287},"point_estimate":72017256.99394841,"standard_error":402375.9321639969},"median":{"confidence_interval":{"confidence_level":0.95,"lower_bound":70754097.05277777,"upper_bound":73295167.0},"point_estimate":71962161.375,"standard_error":706114.8953321283},"median_abs_dev":{"confidence_interval":{"confidence_level":0.95,"lower_bound":122672.8700408712,"upper_bound":2170448.6320435056},"point_estimate":1609426.727461966,"standard_error":540800.6519950947},"slope":{"confidence_interval":{"confidence_level":0.95,"lower_bound":70651139.24781342,"upper_bound":72063199.98368818},"point_estimate":71230453.04805195,"standard_error":358357.44358685863},"std_dev":{"confidence_interval":{"confidence_level":0.95,"lower_bound":839423.3119325557,"upper_bound":1592177.122748879},"point_estimate":1336243.2457443879,"standard_error":192150.90606502394}}