{"mean":{"confidence_interval":{"confidence_level":0.95,"lower_bound":278823850.8,"upper_bound":295482524.5},"point_estimate":287145843.3,"standard_error":4287230.632609874},"median":{"confidence_interval":{"confidence_level":0.95,"lower_bound":274018756.0,"upper_bound":300156329.0},"point_estimate":286151761.5,"standard_error":7992968.603194043},"median_abs_dev":{"confidence_interval":{"confidence_level":0.95,"lower_bound":1900582.7125579119,"upper_bound":22728101.92349553},"point_estimate":18259935.52662134,"standard_error":5479844.419813227},"slope":null,"std_dev":{"confidence_interval":{"confidence_level":0.95,"lower_bound":9318017.475170342,"upper_bound":17010801.995717786},"point_estimate":14292931.621428506,"standard_error":1971497.4621158228}}