{"mean":{"confidence_interval":{"confidence_level":0.95,"lower_bound":-0.07320804141982191,"upper_bound":-0.060973287927380375},"point_estimate":-0.067204460274218,"standard_error":0.0031171322133894484},"median":{"confidence_interval":{"confidence_level":0.95,"lower_bound":-0.07689873579311113,"upper_bound":-0.05928023725790699},"point_estimate":-0.06932742904835476,"standard_error":0.004747542425303907}}