{"mean":{"confidence_interval":{"confidence_level":0.95,"lower_bound":-0.4661999929888688,"upper_bound":-0.4581222226382975},"point_estimate":-0.46234116991966434,"standard_error":0.0020703131894282342},"median":{"confidence_interval":{"confidence_level":0.95,"lower_bound":-0.46638339300920606,"upper_bound":-0.45610315798904055},"point_estimate":-0.46218750909961137,"standard_error":0.002627397560834328}}