{"mean":{"confidence_interval":{"confidence_level":0.95,"lower_bound":0.19020602231367847,"upper_bound":0.21284319080592212},"point_estimate":0.20088422907386994,"standard_error":0.005788725114389865},"median":{"confidence_interval":{"confidence_level":0.95,"lower_bound":0.1869429025641567,"upper_bound":0.20806512192350124},"point_estimate":0.19954642911412201,"standard_error":0.004948117349396084}}