{"mean":{"confidence_interval":{"confidence_level":0.95,"lower_bound":0.5962321212844585,"upper_bound":0.621742293520861},"point_estimate":0.6083331229900788,"standard_error":0.0065584812480949505},"median":{"confidence_interval":{"confidence_level":0.95,"lower_bound":0.5920935218136616,"upper_bound":0.619828931261927},"point_estimate":0.6007121924169427,"standard_error":0.007320658037649721}}