{"mean":{"confidence_interval":{"confidence_level":0.95,"lower_bound":0.028588689278515725,"upper_bound":0.06589574448556977},"point_estimate":0.05009251505963208,"standard_error":0.009935754236512679},"median":{"confidence_interval":{"confidence_level":0.95,"lower_bound":0.046789178785447305,"upper_bound":0.06714937039113655},"point_estimate":0.056850554660767605,"standard_error":0.0056638027436878595}}