{"mean":{"confidence_interval":{"confidence_level":0.95,"lower_bound":0.03227007116325863,"upper_bound":0.053992965477079546},"point_estimate":0.04308218051861501,"standard_error":0.005591470159635168},"median":{"confidence_interval":{"confidence_level":0.95,"lower_bound":0.031194849853232794,"upper_bound":0.06365977468111472},"point_estimate":0.03816434186211648,"standard_error":0.009443289462872696}}