{"mean":{"confidence_interval":{"confidence_level":0.95,"lower_bound":-0.1076821841359326,"upper_bound":-0.0984115862521559},"point_estimate":-0.10285790274692508,"standard_error":0.0023713255405453135},"median":{"confidence_interval":{"confidence_level":0.95,"lower_bound":-0.10823338451743891,"upper_bound":-0.09592392333625954},"point_estimate":-0.10107179643374264,"standard_error":0.0031785766453411323}}