{"mean":{"confidence_interval":{"confidence_level":0.95,"lower_bound":22325742.4,"upper_bound":22926341.6},"point_estimate":22622762.8,"standard_error":153214.81782491243},"median":{"confidence_interval":{"confidence_level":0.95,"lower_bound":22271132.5,"upper_bound":23011258.0},"point_estimate":22613389.0,"standard_error":180064.16938223556},"median_abs_dev":{"confidence_interval":{"confidence_level":0.95,"lower_bound":107011.10090017319,"upper_bound":880909.0133607388},"point_estimate":539564.0910208225,"standard_error":194860.8739772751},"slope":null,"std_dev":{"confidence_interval":{"confidence_level":0.95,"lower_bound":273009.4733033595,"upper_bound":658968.8953414402},"point_estimate":511435.18865417666,"standard_error":99625.07048119439}}