{"mean":{"confidence_interval":{"confidence_level":0.95,"lower_bound":30982040.355,"upper_bound":31766082.169999998},"point_estimate":31381743.3,"standard_error":200002.87159370552},"median":{"confidence_interval":{"confidence_level":0.95,"lower_bound":30863201.5,"upper_bound":31778172.0},"point_estimate":31517234.0,"standard_error":221715.286701484},"median_abs_dev":{"confidence_interval":{"confidence_level":0.95,"lower_bound":39024.996507167816,"upper_bound":1084892.5307393074},"point_estimate":610043.1872695684,"standard_error":271112.1362939663},"slope":null,"std_dev":{"confidence_interval":{"confidence_level":0.95,"lower_bound":333051.9931229457,"upper_bound":862959.704483295},"point_estimate":664888.2753104799,"standard_error":135101.43394731477}}