{"mean":{"confidence_interval":{"confidence_level":0.95,"lower_bound":53089995.0,"upper_bound":54500492.3875},"point_estimate":53748957.7,"standard_error":360195.33121518954},"median":{"confidence_interval":{"confidence_level":0.95,"lower_bound":52700433.0,"upper_bound":54713798.0},"point_estimate":53387980.0,"standard_error":541146.1818317217},"median_abs_dev":{"confidence_interval":{"confidence_level":0.95,"lower_bound":48431.35204017162,"upper_bound":2076276.7398387194},"point_estimate":1052876.525607705,"standard_error":548412.820709829},"slope":null,"std_dev":{"confidence_interval":{"confidence_level":0.95,"lower_bound":547536.6364151489,"upper_bound":1536845.3795445475},"point_estimate":1201332.070525238,"standard_error":252619.29980424012}}