{"mean":{"confidence_interval":{"confidence_level":0.95,"lower_bound":56942192.989999995,"upper_bound":59502819.9375},"point_estimate":58295457.6,"standard_error":658224.0715976018},"median":{"confidence_interval":{"confidence_level":0.95,"lower_bound":56560235.0,"upper_bound":59947799.0},"point_estimate":59165502.5,"standard_error":940381.6208819075},"median_abs_dev":{"confidence_interval":{"confidence_level":0.95,"lower_bound":360749.93209540844,"upper_bound":3685108.9817762375},"point_estimate":1987558.6987137794,"standard_error":881106.7840923829},"slope":null,"std_dev":{"confidence_interval":{"confidence_level":0.95,"lower_bound":1084554.3954357512,"upper_bound":2789376.8671093634},"point_estimate":2184391.4046508954,"standard_error":446219.9251368751}}