{"mean":{"confidence_interval":{"confidence_level":0.95,"lower_bound":39728533.587500006,"upper_bound":40975815.4},"point_estimate":40329890.4,"standard_error":320306.26765694737},"median":{"confidence_interval":{"confidence_level":0.95,"lower_bound":39465460.0,"upper_bound":41220440.0},"point_estimate":40003874.0,"standard_error":498922.26013933984},"median_abs_dev":{"confidence_interval":{"confidence_level":0.95,"lower_bound":287840.1131898165,"upper_bound":1750920.9169149399},"point_estimate":1218414.7430688143,"standard_error":396800.12395505334},"slope":null,"std_dev":{"confidence_interval":{"confidence_level":0.95,"lower_bound":608578.6597251829,"upper_bound":1324458.0094365184},"point_estimate":1072464.477682874,"standard_error":184652.37914225634}}