{"mean":{"confidence_interval":{"confidence_level":0.95,"lower_bound":30652339.2,"upper_bound":31519819.02},"point_estimate":31114653.1,"standard_error":222085.46262649208},"median":{"confidence_interval":{"confidence_level":0.95,"lower_bound":30811945.5,"upper_bound":31632080.0},"point_estimate":31082797.5,"standard_error":225993.84466834046},"median_abs_dev":{"confidence_interval":{"confidence_level":0.95,"lower_bound":106974.77720081806,"upper_bound":1119468.9860254526},"point_estimate":528898.2668101788,"standard_error":262047.26667476504},"slope":null,"std_dev":{"confidence_interval":{"confidence_level":0.95,"lower_bound":307202.4532723164,"upper_bound":1035741.5334522715},"point_estimate":740818.1117487537,"standard_error":199418.96724845335}}