{"mean":{"confidence_interval":{"confidence_level":0.95,"lower_bound":31357009.919999998,"upper_bound":32487098.8},"point_estimate":31920291.7,"standard_error":288761.00821173534},"median":{"confidence_interval":{"confidence_level":0.95,"lower_bound":30863732.0,"upper_bound":32771880.0},"point_estimate":31903942.5,"standard_error":464684.9435876358},"median_abs_dev":{"confidence_interval":{"confidence_level":0.95,"lower_bound":196543.8307106495,"upper_bound":1594082.5960993767},"point_estimate":1329509.6655964851,"standard_error":370060.519274108},"slope":null,"std_dev":{"confidence_interval":{"confidence_level":0.95,"lower_bound":595471.8543024705,"upper_bound":1178158.507339252},"point_estimate":965956.3378576406,"standard_error":149465.9459457944}}