{"mean":{"confidence_interval":{"confidence_level":0.95,"lower_bound":13586600583.2,"upper_bound":13808427277.1075},"point_estimate":13684834440.6,"standard_error":57242268.89390074},"median":{"confidence_interval":{"confidence_level":0.95,"lower_bound":13545216698.0,"upper_bound":13773099748.5},"point_estimate":13635526859.5,"standard_error":58879731.439732164},"median_abs_dev":{"confidence_interval":{"confidence_level":0.95,"lower_bound":27074243.67083609,"upper_bound":263392293.2040495},"point_estimate":150251854.12389636,"standard_error":59463192.52041873},"slope":null,"std_dev":{"confidence_interval":{"confidence_level":0.95,"lower_bound":72200320.28224155,"upper_bound":266182606.16827068},"point_estimate":190644357.74754244,"standard_error":55896715.79271165}}