{"mean":{"confidence_interval":{"confidence_level":0.95,"lower_bound":18895611332.8,"upper_bound":19140806268.165},"point_estimate":19014577259.1,"standard_error":62827672.96763245},"median":{"confidence_interval":{"confidence_level":0.95,"lower_bound":18809025258.0,"upper_bound":19193543277.5},"point_estimate":19006010244.0,"standard_error":77431569.42008533},"median_abs_dev":{"confidence_interval":{"confidence_level":0.95,"lower_bound":39949735.623550415,"upper_bound":393161379.2571902},"point_estimate":211463623.42827022,"standard_error":98117320.83479603},"slope":null,"std_dev":{"confidence_interval":{"confidence_level":0.95,"lower_bound":109270767.79401645,"upper_bound":263264982.74774775},"point_estimate":210404351.9691432,"standard_error":39488675.73699578}}