{"mean":{"confidence_interval":{"confidence_level":0.95,"lower_bound":19179179844.6,"upper_bound":19540056346.5},"point_estimate":19356296101.9,"standard_error":92707644.66675381},"median":{"confidence_interval":{"confidence_level":0.95,"lower_bound":19049527759.5,"upper_bound":19654084498.0},"point_estimate":19346210463.5,"standard_error":177123529.31896982},"median_abs_dev":{"confidence_interval":{"confidence_level":0.95,"lower_bound":33578308.19726586,"upper_bound":527197678.67977023},"point_estimate":432430207.86252916,"standard_error":135799716.02770036},"slope":null,"std_dev":{"confidence_interval":{"confidence_level":0.95,"lower_bound":198743473.9874909,"upper_bound":365771162.368851},"point_estimate":309363937.13274574,"standard_error":42746361.61009593}}