{"mean":{"confidence_interval":{"confidence_level":0.95,"lower_bound":14227151426.5,"upper_bound":14308557471.86},"point_estimate":14265824886.0,"standard_error":20625409.7703566},"median":{"confidence_interval":{"confidence_level":0.95,"lower_bound":14245012029.0,"upper_bound":14289696915.0},"point_estimate":14252277854.5,"standard_error":11710994.014495468},"median_abs_dev":{"confidence_interval":{"confidence_level":0.95,"lower_bound":1826054.6357810497,"upper_bound":100074458.9207232},"point_estimate":21449551.44289434,"standard_error":23799848.204538517},"slope":null,"std_dev":{"confidence_interval":{"confidence_level":0.95,"lower_bound":14106262.110704305,"upper_bound":99463181.47557655},"point_estimate":68726765.45572054,"standard_error":21450391.644528896}}