{"mean":{"confidence_interval":{"confidence_level":0.95,"lower_bound":28248138516.8125,"upper_bound":32228326540.659996},"point_estimate":30277097781.8,"standard_error":1020565467.7166687},"median":{"confidence_interval":{"confidence_level":0.95,"lower_bound":27967179592.0,"upper_bound":32531342316.0},"point_estimate":30569890145.5,"standard_error":1081277624.8211145},"median_abs_dev":{"confidence_interval":{"confidence_level":0.95,"lower_bound":524650717.9610878,"upper_bound":5722367984.65856},"point_estimate":3005458507.8139453,"standard_error":1369154498.2501388},"slope":null,"std_dev":{"confidence_interval":{"confidence_level":0.95,"lower_bound":1632241737.5460346,"upper_bound":4420246095.74296},"point_estimate":3390272228.000862,"standard_error":704179268.691783}}