{"mean":{"confidence_interval":{"confidence_level":0.95,"lower_bound":19150507687.8,"upper_bound":19329934168.7},"point_estimate":19236568385.5,"standard_error":45921301.06419177},"median":{"confidence_interval":{"confidence_level":0.95,"lower_bound":19091264677.0,"upper_bound":19365392069.0},"point_estimate":19218295319.5,"standard_error":73270327.30866644},"median_abs_dev":{"confidence_interval":{"confidence_level":0.95,"lower_bound":27744538.97973597,"upper_bound":261324103.25016975},"point_estimate":194714798.2728213,"standard_error":59773755.99871169},"slope":null,"std_dev":{"confidence_interval":{"confidence_level":0.95,"lower_bound":87534970.13870937,"upper_bound":189698868.88662773},"point_estimate":152868953.95504114,"standard_error":26460487.707065627}}