{"mean":{"confidence_interval":{"confidence_level":0.95,"lower_bound":459568.0703264773,"upper_bound":460556.14054602734},"point_estimate":460017.922248173,"standard_error":252.58352245836787},"median":{"confidence_interval":{"confidence_level":0.95,"lower_bound":459628.82278481015,"upper_bound":459931.51612903224},"point_estimate":459789.4780602637,"standard_error":74.4147407878779},"median_abs_dev":{"confidence_interval":{"confidence_level":0.95,"lower_bound":652.7621576419398,"upper_bound":1061.8792134956773},"point_estimate":837.4244614706673,"standard_error":107.90604345780916},"slope":{"confidence_interval":{"confidence_level":0.95,"lower_bound":458748.3747375711,"upper_bound":460182.47501683264},"point_estimate":459485.8838303532,"standard_error":363.8907849079496},"std_dev":{"confidence_interval":{"confidence_level":0.95,"lower_bound":1260.8321782850178,"upper_bound":3760.262158714293},"point_estimate":2544.403888224185,"standard_error":673.7892196692727}}