{"mean":{"confidence_interval":{"confidence_level":0.95,"lower_bound":413055.003451994,"upper_bound":420446.7056086708},"point_estimate":415851.928426605,"standard_error":1997.1383551904519},"median":{"confidence_interval":{"confidence_level":0.95,"lower_bound":412361.57180851063,"upper_bound":413181.2635658915},"point_estimate":412741.8222222222,"standard_error":197.3300308560021},"median_abs_dev":{"confidence_interval":{"confidence_level":0.95,"lower_bound":1403.608068850249,"upper_bound":2740.1577446857937},"point_estimate":2004.010035009924,"standard_error":351.74692548863135},"slope":{"confidence_interval":{"confidence_level":0.95,"lower_bound":411579.50538233423,"upper_bound":414737.894414254},"point_estimate":412752.7639554702,"standard_error":851.4010590436426},"std_dev":{"confidence_interval":{"confidence_level":0.95,"lower_bound":2946.9038942328907,"upper_bound":33364.22634029352},"point_estimate":20008.859473559725,"standard_error":9500.343550430396}}