{"mean":{"confidence_interval":{"confidence_level":0.95,"lower_bound":472561.04590310133,"upper_bound":474438.48975670524},"point_estimate":473356.97192981537,"standard_error":487.3983477089031},"median":{"confidence_interval":{"confidence_level":0.95,"lower_bound":472172.4705266955,"upper_bound":473030.11188873136},"point_estimate":472599.7692473118,"standard_error":226.77164361882635},"median_abs_dev":{"confidence_interval":{"confidence_level":0.95,"lower_bound":1328.1831532936108,"upper_bound":2473.122270537675},"point_estimate":1827.8360459008354,"standard_error":289.8524442585688},"slope":{"confidence_interval":{"confidence_level":0.95,"lower_bound":471556.3258774985,"upper_bound":472429.04655780323},"point_estimate":471975.8727698143,"standard_error":222.869809658925},"std_dev":{"confidence_interval":{"confidence_level":0.95,"lower_bound":1982.0560233044441,"upper_bound":7689.818926877703},"point_estimate":4896.909937514517,"standard_error":1734.2929282853158}}