{"mean":{"confidence_interval":{"confidence_level":0.95,"lower_bound":397442.49522130506,"upper_bound":398886.2338512366},"point_estimate":398062.9217975709,"standard_error":372.70848487463013},"median":{"confidence_interval":{"confidence_level":0.95,"lower_bound":397031.3765432099,"upper_bound":397567.13827160496},"point_estimate":397313.2164587047,"standard_error":138.67605916006804},"median_abs_dev":{"confidence_interval":{"confidence_level":0.95,"lower_bound":865.8106374152544,"upper_bound":1528.1002020374622},"point_estimate":1105.7220842072156,"standard_error":176.03041432635698},"slope":{"confidence_interval":{"confidence_level":0.95,"lower_bound":396767.3412229745,"upper_bound":397801.9341717853},"point_estimate":397207.28533865325,"standard_error":265.3018901590211},"std_dev":{"confidence_interval":{"confidence_level":0.95,"lower_bound":1570.3490880687727,"upper_bound":5747.105505354419},"point_estimate":3745.8801094810183,"standard_error":1182.4806849726826}}