{"mean":{"confidence_interval":{"confidence_level":0.95,"lower_bound":389211.10614521615,"upper_bound":390605.9089578176},"point_estimate":389780.27171835897,"standard_error":363.8333129786285},"median":{"confidence_interval":{"confidence_level":0.95,"lower_bound":388920.18771929824,"upper_bound":389431.13333333336},"point_estimate":389237.6084337349,"standard_error":158.81279060868138},"median_abs_dev":{"confidence_interval":{"confidence_level":0.95,"lower_bound":840.1174948371703,"upper_bound":1594.573031178207},"point_estimate":1242.9072612843247,"standard_error":186.96277635858965},"slope":{"confidence_interval":{"confidence_level":0.95,"lower_bound":388697.5801588884,"upper_bound":389978.85635670135},"point_estimate":389223.2789438944,"standard_error":337.99178491655385},"std_dev":{"confidence_interval":{"confidence_level":0.95,"lower_bound":1213.3799500207292,"upper_bound":5911.70406746881},"point_estimate":3669.332919871801,"standard_error":1460.291348709791}}