{"mean":{"confidence_interval":{"confidence_level":0.95,"lower_bound":376620.24777484423,"upper_bound":377883.91766213725},"point_estimate":377235.0997560065,"standard_error":323.37455221323364},"median":{"confidence_interval":{"confidence_level":0.95,"lower_bound":376316.25999712315,"upper_bound":377378.04833333334},"point_estimate":376793.360838015,"standard_error":265.0683199315448},"median_abs_dev":{"confidence_interval":{"confidence_level":0.95,"lower_bound":1587.649218327082,"upper_bound":2760.99867350497},"point_estimate":2150.6269448449393,"standard_error":300.0415743149754},"slope":{"confidence_interval":{"confidence_level":0.95,"lower_bound":375831.47688309796,"upper_bound":378118.40313270246},"point_estimate":376893.1136013004,"standard_error":582.0450858654589},"std_dev":{"confidence_interval":{"confidence_level":0.95,"lower_bound":2440.6333872741707,"upper_bound":4049.356282531499},"point_estimate":3259.674580503548,"standard_error":414.3709005629244}}