{"mean":{"confidence_interval":{"confidence_level":0.95,"lower_bound":-0.04387682442350439,"upper_bound":-0.03556023669503004},"point_estimate":-0.03883446955173442,"standard_error":0.0022223118403058395},"median":{"confidence_interval":{"confidence_level":0.95,"lower_bound":-0.03661179974755513,"upper_bound":-0.03442589603339308},"point_estimate":-0.03582757022754024,"standard_error":0.0005500088851352235}}