{"mean":{"confidence_interval":{"confidence_level":0.95,"lower_bound":0.07800708404935174,"upper_bound":0.17456133018904318},"point_estimate":0.1255206128548687,"standard_error":0.025044493591055848},"median":{"confidence_interval":{"confidence_level":0.95,"lower_bound":0.00688823951277584,"upper_bound":0.052334009510002444},"point_estimate":0.026345547913870337,"standard_error":0.012009773387573048}}