{"mean":{"confidence_interval":{"confidence_level":0.95,"lower_bound":-0.03775858249903845,"upper_bound":-0.012342195640752195},"point_estimate":-0.02755317681337832,"standard_error":0.006663532382100983},"median":{"confidence_interval":{"confidence_level":0.95,"lower_bound":-0.04727932230134335,"upper_bound":-0.027137136667965356},"point_estimate":-0.04440937408641954,"standard_error":0.007437994893307621}}