{"mean":{"confidence_interval":{"confidence_level":0.95,"lower_bound":0.018002300488016293,"upper_bound":0.02431860093423138},"point_estimate":0.02118285607065884,"standard_error":0.0016161450114383024},"median":{"confidence_interval":{"confidence_level":0.95,"lower_bound":0.008510274399345708,"upper_bound":0.030231677391107277},"point_estimate":0.011443215399555617,"standard_error":0.007888024574377267}}