{"mean":{"confidence_interval":{"confidence_level":0.95,"lower_bound":-0.037797652010726664,"upper_bound":-0.02845505967309636},"point_estimate":-0.0329748413270069,"standard_error":0.0023748050066011842},"median":{"confidence_interval":{"confidence_level":0.95,"lower_bound":-0.03005925985804714,"upper_bound":-0.026434252652108636},"point_estimate":-0.02849411540444391,"standard_error":0.0008843983770912439}}