{"mean":{"confidence_interval":{"confidence_level":0.95,"lower_bound":-0.02248851672652179,"upper_bound":-0.015460506883176864},"point_estimate":-0.018979188743262987,"standard_error":0.0017824860647253577},"median":{"confidence_interval":{"confidence_level":0.95,"lower_bound":-0.03085350473210635,"upper_bound":-0.009615686002441266},"point_estimate":-0.028249331854798387,"standard_error":0.006759086691266213}}