{"mean":{"confidence_interval":{"confidence_level":0.95,"lower_bound":-0.0028708001097104492,"upper_bound":0.00935855551684848},"point_estimate":0.0017478410859006477,"standard_error":0.003092984771220464},"median":{"confidence_interval":{"confidence_level":0.95,"lower_bound":-0.0013621052529463329,"upper_bound":0.0004831877859892142},"point_estimate":-0.0004043291401123472,"standard_error":0.0004681770904316301}}