{"mean":{"confidence_interval":{"confidence_level":0.95,"lower_bound":93735424.57500891,"upper_bound":94496719.76440476},"point_estimate":94108060.51869048,"standard_error":195177.86593695654},"median":{"confidence_interval":{"confidence_level":0.95,"lower_bound":93612316.14583334,"upper_bound":94567646.5},"point_estimate":94087269.95,"standard_error":273610.1210543105},"median_abs_dev":{"confidence_interval":{"confidence_level":0.95,"lower_bound":159168.78264918923,"upper_bound":1086193.2739412177},"point_estimate":700548.1320127845,"standard_error":237162.03475360977},"slope":{"confidence_interval":{"confidence_level":0.95,"lower_bound":93398586.48111331,"upper_bound":94092847.65532751},"point_estimate":93667089.34805195,"standard_error":178385.3836016943},"std_dev":{"confidence_interval":{"confidence_level":0.95,"lower_bound":360703.94604844035,"upper_bound":823749.0397757257},"point_estimate":650759.8719874363,"standard_error":118421.01405973604}}