{"mean":{"confidence_interval":{"confidence_level":0.95,"lower_bound":212295.94924815034,"upper_bound":212637.59707165108},"point_estimate":212457.50795124978,"standard_error":87.67318904400918},"median":{"confidence_interval":{"confidence_level":0.95,"lower_bound":212240.53115264798,"upper_bound":212686.38428089302},"point_estimate":212378.97678154206,"standard_error":114.42108237881584},"median_abs_dev":{"confidence_interval":{"confidence_level":0.95,"lower_bound":71.80153484676411,"upper_bound":495.4516181354468},"point_estimate":276.7865967838796,"standard_error":108.59312814236051},"slope":{"confidence_interval":{"confidence_level":0.95,"lower_bound":212236.66056805383,"upper_bound":212522.6216573436},"point_estimate":212360.69853744385,"standard_error":74.13921694750957},"std_dev":{"confidence_interval":{"confidence_level":0.95,"lower_bound":142.9747663852523,"upper_bound":378.7864174413699},"point_estimate":293.58924506106683,"standard_error":61.25707915728675}}