{"mean":{"confidence_interval":{"confidence_level":0.95,"lower_bound":1742187.435492424,"upper_bound":1815428.6011733406},"point_estimate":1776396.4349233403,"standard_error":18748.273864832438},"median":{"confidence_interval":{"confidence_level":0.95,"lower_bound":1725149.4147727273,"upper_bound":1820102.5133477633},"point_estimate":1759184.2613636362,"standard_error":24952.22212888542},"median_abs_dev":{"confidence_interval":{"confidence_level":0.95,"lower_bound":12554.48416870437,"upper_bound":105775.1092893891},"point_estimate":64723.23519525101,"standard_error":22973.178837506355},"slope":{"confidence_interval":{"confidence_level":0.95,"lower_bound":1740465.7205333149,"upper_bound":1850484.5403925502},"point_estimate":1795237.3656434475,"standard_error":28328.36033635564},"std_dev":{"confidence_interval":{"confidence_level":0.95,"lower_bound":30186.569443886478,"upper_bound":81510.48404606347},"point_estimate":62480.21793228415,"standard_error":13817.376879955027}}