{"mean":{"confidence_interval":{"confidence_level":0.95,"lower_bound":886895958.3175,"upper_bound":888768580.265},"point_estimate":887913505.5,"standard_error":485172.6601030374},"median":{"confidence_interval":{"confidence_level":0.95,"lower_bound":886863985.0,"upper_bound":889088662.5},"point_estimate":888371496.0,"standard_error":579184.1118270518},"median_abs_dev":{"confidence_interval":{"confidence_level":0.95,"lower_bound":157990.30099511147,"upper_bound":2367270.34317255},"point_estimate":1088942.9938673973,"standard_error":629667.0516540132},"slope":null,"std_dev":{"confidence_interval":{"confidence_level":0.95,"lower_bound":623624.0491150275,"upper_bound":2159530.9928443977},"point_estimate":1619862.4846909586,"standard_error":416205.6460755854}}