{"mean":{"confidence_interval":{"confidence_level":0.95,"lower_bound":870320335.4825001,"upper_bound":872428283.1},"point_estimate":871261554.9,"standard_error":544040.0220239931},"median":{"confidence_interval":{"confidence_level":0.95,"lower_bound":870209838.0,"upper_bound":871917824.0},"point_estimate":870838030.5,"standard_error":414480.374579215},"median_abs_dev":{"confidence_interval":{"confidence_level":0.95,"lower_bound":186860.2289825678,"upper_bound":2581712.8620654345},"point_estimate":1034553.0725330114,"standard_error":653621.2447259837},"slope":null,"std_dev":{"confidence_interval":{"confidence_level":0.95,"lower_bound":643995.1608314223,"upper_bound":2551976.9849078585},"point_estimate":1810320.2442457797,"standard_error":543499.1234384861}}