{"mean":{"confidence_interval":{"confidence_level":0.95,"lower_bound":879373558.7275,"upper_bound":882221121.4725},"point_estimate":880836270.6,"standard_error":729283.8211560972},"median":{"confidence_interval":{"confidence_level":0.95,"lower_bound":878141788.0,"upper_bound":882820993.0},"point_estimate":882110841.0,"standard_error":1455509.6560056226},"median_abs_dev":{"confidence_interval":{"confidence_level":0.95,"lower_bound":230831.92030191422,"upper_bound":3867693.392434716},"point_estimate":1676704.927432537,"standard_error":1006240.9821878327},"slope":null,"std_dev":{"confidence_interval":{"confidence_level":0.95,"lower_bound":1467366.3736925418,"upper_bound":2756238.112646825},"point_estimate":2432999.087198084,"standard_error":318860.942781159}}