{"mean":{"confidence_interval":{"confidence_level":0.95,"lower_bound":18467.59470816888,"upper_bound":18907.407609564816},"point_estimate":18618.70862120617,"standard_error":135.38726081707335},"median":{"confidence_interval":{"confidence_level":0.95,"lower_bound":18463.328347030714,"upper_bound":18502.12003647889},"point_estimate":18471.423448152134,"standard_error":35.9880953960145},"median_abs_dev":{"confidence_interval":{"confidence_level":0.95,"lower_bound":2.745956384092125,"upper_bound":49.193106592860595},"point_estimate":12.17178197563179,"standard_error":42.827639859101424},"slope":{"confidence_interval":{"confidence_level":0.95,"lower_bound":18463.003806410972,"upper_bound":18626.632734189556},"point_estimate":18500.51522141296,"standard_error":46.84152833018841},"std_dev":{"confidence_interval":{"confidence_level":0.95,"lower_bound":7.6448451609542305,"upper_bound":689.2738099577319},"point_estimate":449.4281514532316,"standard_error":249.64176396087}}