{"mean":{"confidence_interval":{"confidence_level":0.95,"lower_bound":3164497558.5874996,"upper_bound":3261450251.5},"point_estimate":3212477502.0,"standard_error":24804517.74329964},"median":{"confidence_interval":{"confidence_level":0.95,"lower_bound":3149502566.0,"upper_bound":3296090322.0},"point_estimate":3186414120.5,"standard_error":44322776.79741216},"median_abs_dev":{"confidence_interval":{"confidence_level":0.95,"lower_bound":9565478.540378809,"upper_bound":144563903.06157768},"point_estimate":113888205.37118018,"standard_error":36802500.19803452},"slope":null,"std_dev":{"confidence_interval":{"confidence_level":0.95,"lower_bound":52817301.72474605,"upper_bound":98660883.83833762},"point_estimate":82350187.86792614,"standard_error":11873139.528520972}}