{"mean":{"confidence_interval":{"confidence_level":0.95,"lower_bound":2587077200.255,"upper_bound":2618853280.7},"point_estimate":2603707731.6,"standard_error":8146316.938069657},"median":{"confidence_interval":{"confidence_level":0.95,"lower_bound":2576758311.0,"upper_bound":2624688442.5},"point_estimate":2616022230.5,"standard_error":13431459.448675022},"median_abs_dev":{"confidence_interval":{"confidence_level":0.95,"lower_bound":3854068.29867661,"upper_bound":42396170.87491751},"point_estimate":23150336.759099364,"standard_error":11200034.669882637},"slope":null,"std_dev":{"confidence_interval":{"confidence_level":0.95,"lower_bound":14639633.581045222,"upper_bound":32165257.696447156},"point_estimate":27189138.650547206,"standard_error":4409954.854965193}}