{"mean":{"confidence_interval":{"confidence_level":0.95,"lower_bound":2554306420.1625,"upper_bound":2584742822.1800003},"point_estimate":2569244375.4,"standard_error":7776519.192847943},"median":{"confidence_interval":{"confidence_level":0.95,"lower_bound":2549982551.0,"upper_bound":2587326119.0},"point_estimate":2565318037.5,"standard_error":9022466.82081415},"median_abs_dev":{"confidence_interval":{"confidence_level":0.95,"lower_bound":4019039.421647787,"upper_bound":43498646.300044656},"point_estimate":26358382.87564516,"standard_error":10079716.807946341},"slope":null,"std_dev":{"confidence_interval":{"confidence_level":0.95,"lower_bound":13612046.35703064,"upper_bound":33494716.343734},"point_estimate":25905653.433713585,"standard_error":5100330.016599141}}