{"mean":{"confidence_interval":{"confidence_level":0.95,"lower_bound":2739120221.8,"upper_bound":2775644898.1575003},"point_estimate":2756165707.5,"standard_error":9370011.268112324},"median":{"confidence_interval":{"confidence_level":0.95,"lower_bound":2736740325.0,"upper_bound":2778155423.5},"point_estimate":2748243626.0,"standard_error":8038690.131008486},"median_abs_dev":{"confidence_interval":{"confidence_level":0.95,"lower_bound":1188274.2269039154,"upper_bound":52852081.90958798},"point_estimate":16891944.97870803,"standard_error":12340983.364744354},"slope":null,"std_dev":{"confidence_interval":{"confidence_level":0.95,"lower_bound":9711503.83390548,"upper_bound":41326574.60673689},"point_estimate":31300056.162831414,"standard_error":7682783.8632490365}}