{"mean":{"confidence_interval":{"confidence_level":0.95,"lower_bound":14575537.77875,"upper_bound":14623699.669375},"point_estimate":14599109.6125,"standard_error":12227.121977462695},"median":{"confidence_interval":{"confidence_level":0.95,"lower_bound":14552802.75,"upper_bound":14609395.5},"point_estimate":14575856.375,"standard_error":11179.08603241516},"median_abs_dev":{"confidence_interval":{"confidence_level":0.95,"lower_bound":82200.53164064884,"upper_bound":141424.84083920717},"point_estimate":106002.0062930882,"standard_error":15957.82596852994},"slope":null,"std_dev":{"confidence_interval":{"confidence_level":0.95,"lower_bound":104263.12070538072,"upper_bound":139164.3798151696},"point_estimate":122918.94750665233,"standard_error":8940.537003237492}}