{"mean":{"confidence_interval":{"confidence_level":0.95,"lower_bound":15150502.507125,"upper_bound":15268436.568124998},"point_estimate":15208438.935,"standard_error":30143.318272236153},"median":{"confidence_interval":{"confidence_level":0.95,"lower_bound":15158418.75,"upper_bound":15304420.0},"point_estimate":15225262.625,"standard_error":44659.406549757565},"median_abs_dev":{"confidence_interval":{"confidence_level":0.95,"lower_bound":206123.78943432154,"upper_bound":334936.166196819},"point_estimate":270258.88672694564,"standard_error":33561.11036806715},"slope":null,"std_dev":{"confidence_interval":{"confidence_level":0.95,"lower_bound":236535.89569907665,"upper_bound":381075.13161849644},"point_estimate":302755.86006425536,"standard_error":38387.38897725277}}