{"mean":{"confidence_interval":{"confidence_level":0.95,"lower_bound":19456592.649000004,"upper_bound":19495013.73958333},"point_estimate":19475213.90333333,"standard_error":9806.17752247896},"median":{"confidence_interval":{"confidence_level":0.95,"lower_bound":19433814.5,"upper_bound":19469122.666666668},"point_estimate":19452596.166666664,"standard_error":9898.322281239705},"median_abs_dev":{"confidence_interval":{"confidence_level":0.95,"lower_bound":57484.10747945032,"upper_bound":98987.8443501181},"point_estimate":81197.79985844997,"standard_error":11049.209797585032},"slope":null,"std_dev":{"confidence_interval":{"confidence_level":0.95,"lower_bound":79114.65467789206,"upper_bound":116471.69731864499},"point_estimate":98640.9083345477,"standard_error":9537.216130261124}}