{"mean":{"confidence_interval":{"confidence_level":0.95,"lower_bound":14436175.503875,"upper_bound":14569339.6985},"point_estimate":14501542.1325,"standard_error":33903.02656193029},"median":{"confidence_interval":{"confidence_level":0.95,"lower_bound":14304006.125,"upper_bound":14405249.0},"point_estimate":14345277.0,"standard_error":27624.155136794427},"median_abs_dev":{"confidence_interval":{"confidence_level":0.95,"lower_bound":149941.0804130137,"upper_bound":344351.87600903213},"point_estimate":228811.69251278043,"standard_error":49741.101768323526},"slope":null,"std_dev":{"confidence_interval":{"confidence_level":0.95,"lower_bound":298721.64570987824,"upper_bound":374849.4892521632},"point_estimate":341036.5533558929,"standard_error":19398.214015568727}}