{"mean":{"confidence_interval":{"confidence_level":0.95,"lower_bound":15717478.0010625,"upper_bound":15896600.6000625},"point_estimate":15795355.46,"standard_error":46129.88606469484},"median":{"confidence_interval":{"confidence_level":0.95,"lower_bound":15662190.25,"upper_bound":15716490.75},"point_estimate":15683917.25,"standard_error":13493.704572962992},"median_abs_dev":{"confidence_interval":{"confidence_level":0.95,"lower_bound":90288.67047205567,"upper_bound":153307.2865882515},"point_estimate":123293.38446110487,"standard_error":16451.147020817003},"slope":null,"std_dev":{"confidence_interval":{"confidence_level":0.95,"lower_bound":174595.5701496637,"upper_bound":694398.5383201991},"point_estimate":462932.48910105275,"standard_error":137965.96519157107}}