{"mean":{"confidence_interval":{"confidence_level":0.95,"lower_bound":19790660.30850001,"upper_bound":19881430.172500003},"point_estimate":19835151.61666667,"standard_error":23185.18432401984},"median":{"confidence_interval":{"confidence_level":0.95,"lower_bound":19726974.333333332,"upper_bound":19827366.333333332},"point_estimate":19761934.5,"standard_error":27045.67145361271},"median_abs_dev":{"confidence_interval":{"confidence_level":0.95,"lower_bound":133567.92582869346,"upper_bound":276603.7350893039},"point_estimate":187490.58107137587,"standard_error":42717.772999955116},"slope":null,"std_dev":{"confidence_interval":{"confidence_level":0.95,"lower_bound":202787.77079832408,"upper_bound":258498.37415633653},"point_estimate":233013.99150827917,"standard_error":14246.545100845868}}