{"mean":{"confidence_interval":{"confidence_level":0.95,"lower_bound":20137561.789250005,"upper_bound":20236061.990583334},"point_estimate":20181267.28999999,"standard_error":25339.13722003447},"median":{"confidence_interval":{"confidence_level":0.95,"lower_bound":20133994.166666664,"upper_bound":20214985.333333332},"point_estimate":20156416.666666664,"standard_error":21149.597927047143},"median_abs_dev":{"confidence_interval":{"confidence_level":0.95,"lower_bound":114299.25349578538,"upper_bound":190720.91931402683},"point_estimate":155013.9815479517,"standard_error":17573.590974642262},"slope":null,"std_dev":{"confidence_interval":{"confidence_level":0.95,"lower_bound":135463.88795847498,"upper_bound":382381.79995703365},"point_estimate":254253.83695289583,"standard_error":75027.91169848306}}