{"mean":{"confidence_interval":{"confidence_level":0.95,"lower_bound":20842872.15258333,"upper_bound":20933920.193666667},"point_estimate":20884888.75666667,"standard_error":23245.35817096261},"median":{"confidence_interval":{"confidence_level":0.95,"lower_bound":20799845.666666668,"upper_bound":20910277.833333336},"point_estimate":20871402.833333336,"standard_error":31182.4537533994},"median_abs_dev":{"confidence_interval":{"confidence_level":0.95,"lower_bound":148024.7581720389,"upper_bound":239468.5593485814},"point_estimate":201592.08362103062,"standard_error":23449.508141845203},"slope":null,"std_dev":{"confidence_interval":{"confidence_level":0.95,"lower_bound":155712.3558352866,"upper_bound":322798.57717559405},"point_estimate":232832.77472509333,"standard_error":48580.27305563066}}