{"mean":{"confidence_interval":{"confidence_level":0.95,"lower_bound":11431.883172152882,"upper_bound":11494.962813546035},"point_estimate":11454.707474714878,"standard_error":18.412378626943983},"median":{"confidence_interval":{"confidence_level":0.95,"lower_bound":11432.161918296064,"upper_bound":11440.226468003422},"point_estimate":11436.141733781635,"standard_error":2.0282249459782937},"median_abs_dev":{"confidence_interval":{"confidence_level":0.95,"lower_bound":13.498211100127676,"upper_bound":23.344991509318966},"point_estimate":16.38052302095039,"standard_error":2.5574694027572304},"slope":{"confidence_interval":{"confidence_level":0.95,"lower_bound":11431.311831812196,"upper_bound":11440.258350150152},"point_estimate":11435.798653030512,"standard_error":2.2752808476582156},"std_dev":{"confidence_interval":{"confidence_level":0.95,"lower_bound":23.681385365756398,"upper_bound":314.7521525117564},"point_estimate":184.96903479860998,"standard_error":101.6532627492428}}