{"mean":{"confidence_interval":{"confidence_level":0.95,"lower_bound":11966.022763043717,"upper_bound":11992.654451061888},"point_estimate":11976.679865138905,"standard_error":6.992964922675387},"median":{"confidence_interval":{"confidence_level":0.95,"lower_bound":11958.751560264045,"upper_bound":11970.958378970427},"point_estimate":11965.2621502961,"standard_error":2.7497820577727095},"median_abs_dev":{"confidence_interval":{"confidence_level":0.95,"lower_bound":18.46201091347461,"upper_bound":31.77595585408353},"point_estimate":25.633681701571966,"standard_error":3.4933554337855335},"slope":{"confidence_interval":{"confidence_level":0.95,"lower_bound":11960.712698187914,"upper_bound":11975.377449385014},"point_estimate":11967.614077388318,"standard_error":3.7364176180385225},"std_dev":{"confidence_interval":{"confidence_level":0.95,"lower_bound":22.70009800075428,"upper_bound":114.43967080007484},"point_estimate":70.28276977388887,"standard_error":29.34280744960585}}