{"mean":{"confidence_interval":{"confidence_level":0.95,"lower_bound":-0.16420806280344605,"upper_bound":-0.14186783731187952},"point_estimate":-0.15259051308927185,"standard_error":0.005711276495099545},"median":{"confidence_interval":{"confidence_level":0.95,"lower_bound":-0.14509463027560832,"upper_bound":-0.12467025994766029},"point_estimate":-0.1317331171209004,"standard_error":0.00473857413442707}}