{"mean":{"confidence_interval":{"confidence_level":0.95,"lower_bound":0.14428512820515793,"upper_bound":0.15975890784562632},"point_estimate":0.15142405328457054,"standard_error":0.0039389291543148195},"median":{"confidence_interval":{"confidence_level":0.95,"lower_bound":0.1476767520252018,"upper_bound":0.15516258486140155},"point_estimate":0.15033958730605868,"standard_error":0.0019847762954601864}}