{"mean":{"confidence_interval":{"confidence_level":0.95,"lower_bound":-0.11868148468508188,"upper_bound":-0.11257959493204062},"point_estimate":-0.11578767390492783,"standard_error":0.0015555931593127228},"median":{"confidence_interval":{"confidence_level":0.95,"lower_bound":-0.11509822859245733,"upper_bound":-0.1121890976275054},"point_estimate":-0.11337381489214049,"standard_error":0.00074380281818211}}