{"mean":{"confidence_interval":{"confidence_level":0.95,"lower_bound":0.0024522137265781956,"upper_bound":0.02154752180714432},"point_estimate":0.011341571728912925,"standard_error":0.004837779135691396},"median":{"confidence_interval":{"confidence_level":0.95,"lower_bound":0.007323326302420163,"upper_bound":0.009727322752742573},"point_estimate":0.008700060693641154,"standard_error":0.000592878052460628}}