{"mean":{"confidence_interval":{"confidence_level":0.95,"lower_bound":-0.026716644728117,"upper_bound":0.0009402344964152318},"point_estimate":-0.012442892037574649,"standard_error":0.007043257877194969},"median":{"confidence_interval":{"confidence_level":0.95,"lower_bound":-0.013068552436764191,"upper_bound":-0.00533964539853672},"point_estimate":-0.009361852866934584,"standard_error":0.0019614722838151516}}