{"mean":{"confidence_interval":{"confidence_level":0.95,"lower_bound":0.011781453659610044,"upper_bound":0.029385996131725933},"point_estimate":0.02052753996051848,"standard_error":0.004559165010568388},"median":{"confidence_interval":{"confidence_level":0.95,"lower_bound":0.01119852006400146,"upper_bound":0.020233472938742114},"point_estimate":0.016231151568442126,"standard_error":0.002284371971952428}}