{"mean":{"confidence_interval":{"confidence_level":0.95,"lower_bound":0.04568992601618995,"upper_bound":0.049991727706288},"point_estimate":0.04790967992914519,"standard_error":0.001096402716421368},"median":{"confidence_interval":{"confidence_level":0.95,"lower_bound":0.04716992309370316,"upper_bound":0.050665064723762976},"point_estimate":0.04897132862553244,"standard_error":0.0009070576447396192}}