{"mean":{"confidence_interval":{"confidence_level":0.95,"lower_bound":-0.08585712461797083,"upper_bound":-0.048932472444246866},"point_estimate":-0.0623326103178502,"standard_error":0.01103919448693975},"median":{"confidence_interval":{"confidence_level":0.95,"lower_bound":-0.052901237143325064,"upper_bound":-0.049960263181659026},"point_estimate":-0.05165346633866119,"standard_error":0.002713459338292612}}