{"mean":{"confidence_interval":{"confidence_level":0.95,"lower_bound":-0.016060505775883853,"upper_bound":-0.012232643246253713},"point_estimate":-0.014131659891310822,"standard_error":0.0009723974790253999},"median":{"confidence_interval":{"confidence_level":0.95,"lower_bound":-0.015731056921484465,"upper_bound":-0.012304116628885753},"point_estimate":-0.014058645039959461,"standard_error":0.0009256431137991331}}