{"mean":{"confidence_interval":{"confidence_level":0.95,"lower_bound":0.012058521837186564,"upper_bound":0.014653615996317636},"point_estimate":0.013377938087825392,"standard_error":0.0006621446883561382},"median":{"confidence_interval":{"confidence_level":0.95,"lower_bound":0.011660087239224293,"upper_bound":0.01522587012320109},"point_estimate":0.013314493908312297,"standard_error":0.0009590700556117718}}