{"mean":{"confidence_interval":{"confidence_level":0.95,"lower_bound":-0.030080706900116366,"upper_bound":-0.026704457859577046},"point_estimate":-0.028299584834081903,"standard_error":0.0008613681223021953},"median":{"confidence_interval":{"confidence_level":0.95,"lower_bound":-0.03084820589652304,"upper_bound":-0.026036923468387263},"point_estimate":-0.027980393861858688,"standard_error":0.0012454918533608957}}