{"mean":{"confidence_interval":{"confidence_level":0.95,"lower_bound":39712939.19975,"upper_bound":40068636.0425},"point_estimate":39889534.52,"standard_error":90903.86998275241},"median":{"confidence_interval":{"confidence_level":0.95,"lower_bound":39478173.0,"upper_bound":40126249.0},"point_estimate":39856918.5,"standard_error":156607.43112189363},"median_abs_dev":{"confidence_interval":{"confidence_level":0.95,"lower_bound":843290.2629286051,"upper_bound":1320029.9213647842},"point_estimate":1060956.6954642534,"standard_error":120892.30466985513},"slope":null,"std_dev":{"confidence_interval":{"confidence_level":0.95,"lower_bound":811677.9033221906,"upper_bound":1007527.0889943249},"point_estimate":915884.1755761467,"standard_error":49998.65142901701}}