{"mean":{"confidence_interval":{"confidence_level":0.95,"lower_bound":33098079.468,"upper_bound":33664055.68225},"point_estimate":33364838.65,"standard_error":144373.47053066108},"median":{"confidence_interval":{"confidence_level":0.95,"lower_bound":32809355.0,"upper_bound":33421341.5},"point_estimate":33128545.5,"standard_error":179284.93563805043},"median_abs_dev":{"confidence_interval":{"confidence_level":0.95,"lower_bound":809681.2041252851,"upper_bound":1284434.9198967218},"point_estimate":1012049.428832531,"standard_error":121757.76889601325},"slope":null,"std_dev":{"confidence_interval":{"confidence_level":0.95,"lower_bound":1016220.5632781178,"upper_bound":1913509.2422480583},"point_estimate":1447675.8253079865,"standard_error":239900.6851029193}}