{"mean":{"confidence_interval":{"confidence_level":0.95,"lower_bound":33737391.642000005,"upper_bound":34698077.45775},"point_estimate":34198867.84,"standard_error":244618.60965637825},"median":{"confidence_interval":{"confidence_level":0.95,"lower_bound":32896292.0,"upper_bound":34548471.0},"point_estimate":33958871.5,"standard_error":365233.7678762159},"median_abs_dev":{"confidence_interval":{"confidence_level":0.95,"lower_bound":1886756.7265033722,"upper_bound":2915177.024245262},"point_estimate":2727377.568179369,"standard_error":260959.30613864958},"slope":null,"std_dev":{"confidence_interval":{"confidence_level":0.95,"lower_bound":1893827.3806074306,"upper_bound":3118592.9561743927},"point_estimate":2462506.7803414045,"standard_error":328374.82357176795}}