{"mean":{"confidence_interval":{"confidence_level":0.95,"lower_bound":29919495.31275,"upper_bound":30192711.41825},"point_estimate":30055228.99,"standard_error":69565.12521234299},"median":{"confidence_interval":{"confidence_level":0.95,"lower_bound":29879330.0,"upper_bound":30276006.0},"point_estimate":30072113.5,"standard_error":91289.69433006077},"median_abs_dev":{"confidence_interval":{"confidence_level":0.95,"lower_bound":597116.3980990648,"upper_bound":931154.3264687061},"point_estimate":790285.089969635,"standard_error":88321.32689283007},"slope":null,"std_dev":{"confidence_interval":{"confidence_level":0.95,"lower_bound":589239.3920774733,"upper_bound":809909.7142708361},"point_estimate":697627.958869695,"standard_error":56972.62437473311}}