{"mean":{"confidence_interval":{"confidence_level":0.95,"lower_bound":31205818.09025,"upper_bound":31582421.9205},"point_estimate":31390206.79,"standard_error":96224.92570474558},"median":{"confidence_interval":{"confidence_level":0.95,"lower_bound":31033967.0,"upper_bound":31591308.0},"point_estimate":31194957.5,"standard_error":158219.45293081558},"median_abs_dev":{"confidence_interval":{"confidence_level":0.95,"lower_bound":698208.9599043131,"upper_bound":1121892.2956824303},"point_estimate":913810.871976614,"standard_error":105344.81733486059},"slope":null,"std_dev":{"confidence_interval":{"confidence_level":0.95,"lower_bound":813178.6137416797,"upper_bound":1108395.1754452176},"point_estimate":967846.7721389909,"standard_error":75544.5163390222}}