{"mean":{"confidence_interval":{"confidence_level":0.95,"lower_bound":30465052.00775,"upper_bound":30797822.0345},"point_estimate":30628384.63,"standard_error":84920.18641317979},"median":{"confidence_interval":{"confidence_level":0.95,"lower_bound":30328029.0,"upper_bound":30695223.0},"point_estimate":30522617.0,"standard_error":83164.32586830128},"median_abs_dev":{"confidence_interval":{"confidence_level":0.95,"lower_bound":545180.179721117,"upper_bound":903686.9380563498},"point_estimate":716434.561380744,"standard_error":93412.99714115322},"slope":null,"std_dev":{"confidence_interval":{"confidence_level":0.95,"lower_bound":710352.3470508931,"upper_bound":979086.0214386673},"point_estimate":853965.4555361615,"standard_error":68477.54693417346}}