{"mean":{"confidence_interval":{"confidence_level":0.95,"lower_bound":56508025.76875,"upper_bound":56975684.6095},"point_estimate":56744728.82,"standard_error":119249.51562428802},"median":{"confidence_interval":{"confidence_level":0.95,"lower_bound":56644032.0,"upper_bound":57128497.0},"point_estimate":56932713.0,"standard_error":123479.73484681924},"median_abs_dev":{"confidence_interval":{"confidence_level":0.95,"lower_bound":795629.8628747463,"upper_bound":1419759.9737942219},"point_estimate":1112411.0688507557,"standard_error":153532.61188221423},"slope":null,"std_dev":{"confidence_interval":{"confidence_level":0.95,"lower_bound":1023279.4630075489,"upper_bound":1356709.4435824251},"point_estimate":1198407.736920678,"standard_error":84984.55145710336}}