{"mean":{"confidence_interval":{"confidence_level":0.95,"lower_bound":31291540.10625,"upper_bound":31636138.57},"point_estimate":31464532.85,"standard_error":88007.39928931136},"median":{"confidence_interval":{"confidence_level":0.95,"lower_bound":31342211.0,"upper_bound":31781716.0},"point_estimate":31531880.5,"standard_error":120036.79094591801},"median_abs_dev":{"confidence_interval":{"confidence_level":0.95,"lower_bound":747779.6900242567,"upper_bound":1267907.4884301417},"point_estimate":1060133.8524788618,"standard_error":137602.35270290734},"slope":null,"std_dev":{"confidence_interval":{"confidence_level":0.95,"lower_bound":791152.3114983654,"upper_bound":970018.4665927085},"point_estimate":887249.6314414548,"standard_error":45594.92752827441}}