{"mean":{"confidence_interval":{"confidence_level":0.95,"lower_bound":30615843.0055,"upper_bound":30950882.379},"point_estimate":30783000.46,"standard_error":85587.54110355444},"median":{"confidence_interval":{"confidence_level":0.95,"lower_bound":30547929.0,"upper_bound":30946310.0},"point_estimate":30765329.0,"standard_error":93072.45418693255},"median_abs_dev":{"confidence_interval":{"confidence_level":0.95,"lower_bound":723582.9171538353,"upper_bound":1130978.4096211195},"point_estimate":945467.3466145992,"standard_error":100352.04069461036},"slope":null,"std_dev":{"confidence_interval":{"confidence_level":0.95,"lower_bound":754854.3151437677,"upper_bound":950172.3226700613},"point_estimate":859276.1443752835,"standard_error":49767.98794936362}}