{"mean":{"confidence_interval":{"confidence_level":0.95,"lower_bound":30435568.63825,"upper_bound":30652439.8145},"point_estimate":30543604.37,"standard_error":55413.49166367365},"median":{"confidence_interval":{"confidence_level":0.95,"lower_bound":30397119.0,"upper_bound":30673882.0},"point_estimate":30558125.5,"standard_error":82856.8928610201},"median_abs_dev":{"confidence_interval":{"confidence_level":0.95,"lower_bound":418855.24896383286,"upper_bound":710626.4759838581},"point_estimate":564996.610969305,"standard_error":78196.26322307957},"slope":null,"std_dev":{"confidence_interval":{"confidence_level":0.95,"lower_bound":483842.9859165443,"upper_bound":618726.6345535667},"point_estimate":556145.0853272277,"standard_error":34364.16774531507}}