{"mean":{"confidence_interval":{"confidence_level":0.95,"lower_bound":1115611.1670278027,"upper_bound":1131179.4224472572},"point_estimate":1121751.838074141,"standard_error":4230.080142527842},"median":{"confidence_interval":{"confidence_level":0.95,"lower_bound":1114488.1592827006,"upper_bound":1122698.9938818566},"point_estimate":1116902.8148734178,"standard_error":2482.705368985133},"median_abs_dev":{"confidence_interval":{"confidence_level":0.95,"lower_bound":1104.909194308088,"upper_bound":10329.771813634987},"point_estimate":5796.9646459440555,"standard_error":2463.4277076698413},"slope":{"confidence_interval":{"confidence_level":0.95,"lower_bound":1114252.5647814812,"upper_bound":1119364.0104627628},"point_estimate":1116858.6456353774,"standard_error":1335.4791034402194},"std_dev":{"confidence_interval":{"confidence_level":0.95,"lower_bound":2931.922225551322,"upper_bound":21438.35586466142},"point_estimate":14121.405187291495,"standard_error":6157.260743743194}}