{"mean":{"confidence_interval":{"confidence_level":0.95,"lower_bound":838276.961195216,"upper_bound":842489.0229436728},"point_estimate":840332.4408891827,"standard_error":1074.9747642234468},"median":{"confidence_interval":{"confidence_level":0.95,"lower_bound":836878.9783950617,"upper_bound":843491.4189814815},"point_estimate":840028.3437757201,"standard_error":1449.8590476168306},"median_abs_dev":{"confidence_interval":{"confidence_level":0.95,"lower_bound":753.5463083811625,"upper_bound":6492.932949233472},"point_estimate":3802.2877899033765,"standard_error":1524.2152808831268},"slope":{"confidence_interval":{"confidence_level":0.95,"lower_bound":837117.6014949189,"upper_bound":840319.2338121118},"point_estimate":838792.8051226551,"standard_error":819.0491902334976},"std_dev":{"confidence_interval":{"confidence_level":0.95,"lower_bound":2003.55063768907,"upper_bound":4430.497839774483},"point_estimate":3576.709983023645,"standard_error":624.4463972388859}}