{"mean":{"confidence_interval":{"confidence_level":0.95,"lower_bound":267226109.65,"upper_bound":269790153.7},"point_estimate":268411635.7,"standard_error":655655.8014257698},"median":{"confidence_interval":{"confidence_level":0.95,"lower_bound":266920147.5,"upper_bound":269163961.5},"point_estimate":268405047.5,"standard_error":605436.1884932973},"median_abs_dev":{"confidence_interval":{"confidence_level":0.95,"lower_bound":203950.5295291543,"upper_bound":3270963.2116287947},"point_estimate":1190639.7151619196,"standard_error":767114.4583053442},"slope":null,"std_dev":{"confidence_interval":{"confidence_level":0.95,"lower_bound":823397.264525285,"upper_bound":3077636.7610484427},"point_estimate":2184176.5229066336,"standard_error":619151.2779828665}}