{"mean":{"confidence_interval":{"confidence_level":0.95,"lower_bound":289517775.7,"upper_bound":292987913.45},"point_estimate":291528904.1,"standard_error":908126.6428337233},"median":{"confidence_interval":{"confidence_level":0.95,"lower_bound":291282396.0,"upper_bound":293087444.0},"point_estimate":292016195.5,"standard_error":474509.71701474814},"median_abs_dev":{"confidence_interval":{"confidence_level":0.95,"lower_bound":218949.99346286058,"upper_bound":2908784.794458747},"point_estimate":1300070.0485691428,"standard_error":671036.457419636},"slope":null,"std_dev":{"confidence_interval":{"confidence_level":0.95,"lower_bound":663907.1812467027,"upper_bound":4517569.604150593},"point_estimate":3030349.2271088054,"standard_error":1190174.641689886}}