{"mean":{"confidence_interval":{"confidence_level":0.95,"lower_bound":304798254.8025,"upper_bound":320450071.8},"point_estimate":314772095.1,"standard_error":4572667.627070177},"median":{"confidence_interval":{"confidence_level":0.95,"lower_bound":316824389.0,"upper_bound":320923719.75},"point_estimate":320160834.0,"standard_error":1498025.1384516533},"median_abs_dev":{"confidence_interval":{"confidence_level":0.95,"lower_bound":177269.289752841,"upper_bound":5085825.700208545},"point_estimate":1443111.6646796465,"standard_error":1721651.6539334285},"slope":null,"std_dev":{"confidence_interval":{"confidence_level":0.95,"lower_bound":828386.912115463,"upper_bound":23423263.16155934},"point_estimate":15242941.734489106,"standard_error":7839480.935386405}}