{"mean":{"confidence_interval":{"confidence_level":0.95,"lower_bound":279725675.6,"upper_bound":287846186.75625},"point_estimate":283426050.95,"standard_error":2078450.8247597218},"median":{"confidence_interval":{"confidence_level":0.95,"lower_bound":278417984.5,"upper_bound":289050643.0},"point_estimate":279717012.75,"standard_error":2482248.451906902},"median_abs_dev":{"confidence_interval":{"confidence_level":0.95,"lower_bound":251018.63089352846,"upper_bound":10065496.130351722},"point_estimate":2195068.5801297426,"standard_error":2661291.9506818503},"slope":null,"std_dev":{"confidence_interval":{"confidence_level":0.95,"lower_bound":2087451.8636421612,"upper_bound":8795902.292108873},"point_estimate":6949331.4609515965,"standard_error":1758527.687735712}}