{"mean":{"confidence_interval":{"confidence_level":0.95,"lower_bound":0.06451176214509825,"upper_bound":0.07263784814024946},"point_estimate":0.06862461984379786,"standard_error":0.0020733235773110464},"median":{"confidence_interval":{"confidence_level":0.95,"lower_bound":0.04923104510818126,"upper_bound":0.08037773642511659},"point_estimate":0.06430009714129792,"standard_error":0.01110311052753973}}