{"mean":{"confidence_interval":{"confidence_level":0.95,"lower_bound":0.29959581199194724,"upper_bound":0.32831300774264355},"point_estimate":0.3145980338413674,"standard_error":0.007343535235986738},"median":{"confidence_interval":{"confidence_level":0.95,"lower_bound":0.31559905889450646,"upper_bound":0.3468823564906838},"point_estimate":0.3377651055433992,"standard_error":0.009834667807244424}}