{"mean":{"confidence_interval":{"confidence_level":0.95,"lower_bound":-0.00006695690371191067,"upper_bound":0.008712084532535613},"point_estimate":0.004315984102791326,"standard_error":0.002237432774256898},"median":{"confidence_interval":{"confidence_level":0.95,"lower_bound":-0.01892605930966973,"upper_bound":0.029211405326377227},"point_estimate":-0.004273173584459555,"standard_error":0.014715246553620475}}