{"mean":{"confidence_interval":{"confidence_level":0.95,"lower_bound":0.0008714623264008574,"upper_bound":0.009277321036376008},"point_estimate":0.005082443347759202,"standard_error":0.00213865158268244},"median":{"confidence_interval":{"confidence_level":0.95,"lower_bound":-0.017937172322234463,"upper_bound":0.027925842717747118},"point_estimate":0.0038190672079525534,"standard_error":0.013685364656182983}}