{"mean":{"confidence_interval":{"confidence_level":0.95,"lower_bound":-0.01271298651034127,"upper_bound":-0.010211566923518703},"point_estimate":-0.011428565210527819,"standard_error":0.0006378063241753929},"median":{"confidence_interval":{"confidence_level":0.95,"lower_bound":-0.0113972351382019,"upper_bound":-0.009527522397003382},"point_estimate":-0.010716989172465441,"standard_error":0.00044209908084634204}}