{"mean":{"confidence_interval":{"confidence_level":0.95,"lower_bound":0.003060103641290102,"upper_bound":0.013150663728010525},"point_estimate":0.007964172103686717,"standard_error":0.002613094795872239},"median":{"confidence_interval":{"confidence_level":0.95,"lower_bound":0.00018414363547147872,"upper_bound":0.018999396726034234},"point_estimate":0.011754704449895792,"standard_error":0.005784131564655195}}