{"mean":{"confidence_interval":{"confidence_level":0.95,"lower_bound":-0.25187785957622694,"upper_bound":-0.24344032060007822},"point_estimate":-0.24771150279597753,"standard_error":0.0021697440331811583},"median":{"confidence_interval":{"confidence_level":0.95,"lower_bound":-0.27064806023480215,"upper_bound":-0.22472313238117203},"point_estimate":-0.2528394598488133,"standard_error":0.01355424712515717}}