{"mean":{"confidence_interval":{"confidence_level":0.95,"lower_bound":-0.2097072857443172,"upper_bound":-0.20543015532873393},"point_estimate":-0.20771742081075284,"standard_error":0.00108523812122128},"median":{"confidence_interval":{"confidence_level":0.95,"lower_bound":-0.2117374752533534,"upper_bound":-0.20942694454454458},"point_estimate":-0.2101553712426979,"standard_error":0.0006207491394607174}}