{"mean":{"confidence_interval":{"confidence_level":0.95,"lower_bound":25704.923418223076,"upper_bound":25714.48763488895},"point_estimate":25709.57413561765,"standard_error":2.4569603815751266},"median":{"confidence_interval":{"confidence_level":0.95,"lower_bound":25702.474319218705,"upper_bound":25717.315464309475},"point_estimate":25707.32891360137,"standard_error":4.071424543654767},"median_abs_dev":{"confidence_interval":{"confidence_level":0.95,"lower_bound":1.71450723004043,"upper_bound":13.076762051607462},"point_estimate":11.456487970260302,"standard_error":3.163265617650693},"slope":{"confidence_interval":{"confidence_level":0.95,"lower_bound":25704.958524428668,"upper_bound":25717.89145353391},"point_estimate":25710.629252070998,"standard_error":3.4135422818937116},"std_dev":{"confidence_interval":{"confidence_level":0.95,"lower_bound":5.011436676828314,"upper_bound":9.862422417488956},"point_estimate":8.193285140260361,"standard_error":1.2376549882668775}}