{"mean":{"confidence_interval":{"confidence_level":0.95,"lower_bound":2465972137.4,"upper_bound":2482333918.7},"point_estimate":2473800962.2,"standard_error":4185547.2513911463},"median":{"confidence_interval":{"confidence_level":0.95,"lower_bound":2463643667.0,"upper_bound":2483575129.0},"point_estimate":2472131110.0,"standard_error":5140623.844058121},"median_abs_dev":{"confidence_interval":{"confidence_level":0.95,"lower_bound":1151026.8677651882,"upper_bound":22484277.238324285},"point_estimate":12604885.581618547,"standard_error":5703572.240176829},"slope":null,"std_dev":{"confidence_interval":{"confidence_level":0.95,"lower_bound":6354082.7386379205,"upper_bound":17565544.144193925},"point_estimate":13931703.385006707,"standard_error":2742448.465645644}}