{"mean":{"confidence_interval":{"confidence_level":0.95,"lower_bound":2865385369.1,"upper_bound":2893307936.6275},"point_estimate":2878513387.5,"standard_error":7179858.851116499},"median":{"confidence_interval":{"confidence_level":0.95,"lower_bound":2863832750.5,"upper_bound":2896037919.5},"point_estimate":2872574666.0,"standard_error":7902944.51717681},"median_abs_dev":{"confidence_interval":{"confidence_level":0.95,"lower_bound":456270.1418995857,"upper_bound":37524195.39491236},"point_estimate":13110735.349237919,"standard_error":9615835.676168554},"slope":null,"std_dev":{"confidence_interval":{"confidence_level":0.95,"lower_bound":9192073.654387403,"upper_bound":30665733.56997344},"point_estimate":23946085.42562672,"standard_error":5343157.933283028}}