{"mean":{"confidence_interval":{"confidence_level":0.95,"lower_bound":2835567791.2,"upper_bound":2863223428.57},"point_estimate":2849370229.8,"standard_error":7070628.591765994},"median":{"confidence_interval":{"confidence_level":0.95,"lower_bound":2830302823.0,"upper_bound":2861841701.5},"point_estimate":2851469768.0,"standard_error":7193795.800272568},"median_abs_dev":{"confidence_interval":{"confidence_level":0.95,"lower_bound":2254014.531183243,"upper_bound":39372047.215506434},"point_estimate":13047191.114366055,"standard_error":10109796.441356156},"slope":null,"std_dev":{"confidence_interval":{"confidence_level":0.95,"lower_bound":9616397.034113077,"upper_bound":31636169.069796424},"point_estimate":23559990.45861743,"standard_error":5289483.257839293}}