{"mean":{"confidence_interval":{"confidence_level":0.95,"lower_bound":2045621980.2,"upper_bound":2064087704.57},"point_estimate":2054287137.8,"standard_error":4743582.679079096},"median":{"confidence_interval":{"confidence_level":0.95,"lower_bound":2043770911.0,"upper_bound":2066870694.0},"point_estimate":2049734516.5,"standard_error":5493320.35268887},"median_abs_dev":{"confidence_interval":{"confidence_level":0.95,"lower_bound":2517057.418513298,"upper_bound":24805221.521419287},"point_estimate":10046826.860833168,"standard_error":6655439.397810007},"slope":null,"std_dev":{"confidence_interval":{"confidence_level":0.95,"lower_bound":6959661.772233554,"upper_bound":20354638.571753632},"point_estimate":15798484.129106268,"standard_error":3373495.187709273}}