{"mean":{"confidence_interval":{"confidence_level":0.95,"lower_bound":2831923303.6,"upper_bound":2861131999.9},"point_estimate":2846731836.2,"standard_error":7484264.949701176},"median":{"confidence_interval":{"confidence_level":0.95,"lower_bound":2827941842.0,"upper_bound":2867497540.0},"point_estimate":2849339198.0,"standard_error":10865163.341603933},"median_abs_dev":{"confidence_interval":{"confidence_level":0.95,"lower_bound":4928187.516707182,"upper_bound":41048420.781844854},"point_estimate":26795531.925684214,"standard_error":9071067.985967703},"slope":null,"std_dev":{"confidence_interval":{"confidence_level":0.95,"lower_bound":14341437.068694314,"upper_bound":31399557.589984234},"point_estimate":24894255.69966751,"standard_error":4384741.107354372}}