{"mean":{"confidence_interval":{"confidence_level":0.95,"lower_bound":2796811424.5,"upper_bound":2817158036.9775},"point_estimate":2808011813.1,"standard_error":5237840.251926926},"median":{"confidence_interval":{"confidence_level":0.95,"lower_bound":2799875613.0,"upper_bound":2821063755.0},"point_estimate":2811264305.5,"standard_error":5811801.6069893995},"median_abs_dev":{"confidence_interval":{"confidence_level":0.95,"lower_bound":3830105.035302043,"upper_bound":25084019.998669624},"point_estimate":15503434.505859017,"standard_error":5230627.949429443},"slope":null,"std_dev":{"confidence_interval":{"confidence_level":0.95,"lower_bound":7387450.913289289,"upper_bound":24494707.893842947},"point_estimate":17479830.494343814,"standard_error":5037766.489714198}}