{"mean":{"confidence_interval":{"confidence_level":0.95,"lower_bound":2832394556.4,"upper_bound":2855784776.3149996},"point_estimate":2844505119.2,"standard_error":5995571.817110748},"median":{"confidence_interval":{"confidence_level":0.95,"lower_bound":2832087399.5,"upper_bound":2861597415.0},"point_estimate":2843469061.0,"standard_error":7102106.029927761},"median_abs_dev":{"confidence_interval":{"confidence_level":0.95,"lower_bound":4522365.062811971,"upper_bound":35252376.32064521},"point_estimate":18643382.581713796,"standard_error":8101340.450892059},"slope":null,"std_dev":{"confidence_interval":{"confidence_level":0.95,"lower_bound":10769324.382025927,"upper_bound":26033541.281550366},"point_estimate":19937474.703246668,"standard_error":4112515.402548854}}