{"mean":{"confidence_interval":{"confidence_level":0.95,"lower_bound":2520049333.0,"upper_bound":2535454776.3},"point_estimate":2527669915.7,"standard_error":3936017.979945185},"median":{"confidence_interval":{"confidence_level":0.95,"lower_bound":2518890813.5,"upper_bound":2538640508.0},"point_estimate":2526265992.5,"standard_error":4816533.801451417},"median_abs_dev":{"confidence_interval":{"confidence_level":0.95,"lower_bound":3002757.9111903906,"upper_bound":23007798.856329918},"point_estimate":11111671.674728394,"standard_error":5212083.056338948},"slope":null,"std_dev":{"confidence_interval":{"confidence_level":0.95,"lower_bound":6887512.9175485885,"upper_bound":17087303.35667828},"point_estimate":13135370.845237078,"standard_error":2613796.724250668}}