{"mean":{"confidence_interval":{"confidence_level":0.95,"lower_bound":2859565892.5,"upper_bound":2885160802.84},"point_estimate":2872220753.6,"standard_error":6570263.297005493},"median":{"confidence_interval":{"confidence_level":0.95,"lower_bound":2853042015.5,"upper_bound":2891874718.5},"point_estimate":2868089756.5,"standard_error":11388291.221366443},"median_abs_dev":{"confidence_interval":{"confidence_level":0.95,"lower_bound":5432238.149258494,"upper_bound":34540720.178979635},"point_estimate":31666170.1005131,"standard_error":7998629.509469845},"slope":null,"std_dev":{"confidence_interval":{"confidence_level":0.95,"lower_bound":13791543.630083939,"upper_bound":26077905.950566433},"point_estimate":21849396.711327568,"standard_error":3142847.181578543}}