{"mean":{"confidence_interval":{"confidence_level":0.95,"lower_bound":3675919740.46,"upper_bound":3773744700.6025},"point_estimate":3722636731.0,"standard_error":25039946.161914725},"median":{"confidence_interval":{"confidence_level":0.95,"lower_bound":3654488861.0,"upper_bound":3794157224.0},"point_estimate":3681741894.5,"standard_error":41779386.71588549},"median_abs_dev":{"confidence_interval":{"confidence_level":0.95,"lower_bound":3034951.8283188343,"upper_bound":134058056.57719374},"point_estimate":62820090.04932046,"standard_error":34961475.926906675},"slope":null,"std_dev":{"confidence_interval":{"confidence_level":0.95,"lower_bound":45912831.14857948,"upper_bound":101246805.18907224},"point_estimate":83001111.89836444,"standard_error":14268915.410818826}}