{"mean":{"confidence_interval":{"confidence_level":0.95,"lower_bound":4233910418.0,"upper_bound":4505997972.6025},"point_estimate":4372603792.8,"standard_error":69317299.18582897},"median":{"confidence_interval":{"confidence_level":0.95,"lower_bound":4151702015.0,"upper_bound":4597721424.0},"point_estimate":4420117321.5,"standard_error":107224873.00544982},"median_abs_dev":{"confidence_interval":{"confidence_level":0.95,"lower_bound":25456033.24276507,"upper_bound":407007274.40547645},"point_estimate":296022492.0059502,"standard_error":94814175.79881512},"slope":null,"std_dev":{"confidence_interval":{"confidence_level":0.95,"lower_bound":137846739.65397358,"upper_bound":274813437.9877993},"point_estimate":229781051.0168736,"standard_error":34630744.45542806}}