{"mean":{"confidence_interval":{"confidence_level":0.95,"lower_bound":3743557983.4300003,"upper_bound":3788995288.8},"point_estimate":3764870992.2,"standard_error":11627440.517873779},"median":{"confidence_interval":{"confidence_level":0.95,"lower_bound":3736173411.0,"upper_bound":3786435437.0},"point_estimate":3758906469.0,"standard_error":13869839.561680432},"median_abs_dev":{"confidence_interval":{"confidence_level":0.95,"lower_bound":10614385.40455699,"upper_bound":61456902.38402188},"point_estimate":32775045.168426633,"standard_error":12827441.7107315},"slope":null,"std_dev":{"confidence_interval":{"confidence_level":0.95,"lower_bound":18451741.73992387,"upper_bound":52902222.587760165},"point_estimate":39065356.41249921,"standard_error":9585300.725277422}}