{"mean":{"confidence_interval":{"confidence_level":0.95,"lower_bound":3515960623.1,"upper_bound":3566874586.035},"point_estimate":3539491084.2,"standard_error":13093765.514450006},"median":{"confidence_interval":{"confidence_level":0.95,"lower_bound":3511058960.5,"upper_bound":3567162264.0},"point_estimate":3528586273.5,"standard_error":13162979.984937666},"median_abs_dev":{"confidence_interval":{"confidence_level":0.95,"lower_bound":5268089.869272709,"upper_bound":69455603.37201655},"point_estimate":29504684.63368714,"standard_error":16236854.648190308},"slope":null,"std_dev":{"confidence_interval":{"confidence_level":0.95,"lower_bound":17669966.4592201,"upper_bound":58405516.74119665},"point_estimate":43769598.350158,"standard_error":10690291.074596606}}