{"mean":{"confidence_interval":{"confidence_level":0.95,"lower_bound":-0.24997829901735188,"upper_bound":-0.24529212204779885},"point_estimate":-0.24755498520627817,"standard_error":0.0011974973307755355},"median":{"confidence_interval":{"confidence_level":0.95,"lower_bound":-0.25176962163422556,"upper_bound":-0.24866426294876898},"point_estimate":-0.25026518954158705,"standard_error":0.0007989130147351846}}