{"mean":{"confidence_interval":{"confidence_level":0.95,"lower_bound":0.0042753893303632716,"upper_bound":0.006900507843217417},"point_estimate":0.005546996016877914,"standard_error":0.0006664802001687538},"median":{"confidence_interval":{"confidence_level":0.95,"lower_bound":0.0048144892015338225,"upper_bound":0.005599492672205164},"point_estimate":0.005246611469297058,"standard_error":0.00020536496427509728}}