{"mean":{"confidence_interval":{"confidence_level":0.95,"lower_bound":16623291.850333335,"upper_bound":16708429.22},"point_estimate":16664404.130000003,"standard_error":21728.47145648468},"median":{"confidence_interval":{"confidence_level":0.95,"lower_bound":16579261.333333334,"upper_bound":16704105.666666668},"point_estimate":16628445.666666668,"standard_error":32175.06166282988},"median_abs_dev":{"confidence_interval":{"confidence_level":0.95,"lower_bound":169125.3680974245,"upper_bound":264816.0768985748},"point_estimate":220865.38907885735,"standard_error":23909.59471187782},"slope":null,"std_dev":{"confidence_interval":{"confidence_level":0.95,"lower_bound":172108.60696716837,"upper_bound":265308.48769342375},"point_estimate":217316.2287889995,"standard_error":24303.60845016144}}