{"mean":{"confidence_interval":{"confidence_level":0.95,"lower_bound":16381143.617375,"upper_bound":16433962.958812501},"point_estimate":16405954.28,"standard_error":13491.510513769932},"median":{"confidence_interval":{"confidence_level":0.95,"lower_bound":16352452.5,"upper_bound":16390654.25},"point_estimate":16372663.75,"standard_error":9517.45534984355},"median_abs_dev":{"confidence_interval":{"confidence_level":0.95,"lower_bound":59130.16410022974,"upper_bound":101031.21923133731},"point_estimate":79061.86749637127,"standard_error":10736.536909710734},"slope":null,"std_dev":{"confidence_interval":{"confidence_level":0.95,"lower_bound":92327.57551224229,"upper_bound":173255.08146636764},"point_estimate":135339.60240344502,"standard_error":20669.498752595162}}