{"mean":{"confidence_interval":{"confidence_level":0.95,"lower_bound":22461715.04675,"upper_bound":22777603.422750007},"point_estimate":22610775.999999996,"standard_error":81222.47361547526},"median":{"confidence_interval":{"confidence_level":0.95,"lower_bound":22321645.5,"upper_bound":22406621.5},"point_estimate":22354134.333333336,"standard_error":25400.260233701363},"median_abs_dev":{"confidence_interval":{"confidence_level":0.95,"lower_bound":209122.950187322,"upper_bound":374713.55284750555},"point_estimate":273153.97205054853,"standard_error":42514.688163701634},"slope":null,"std_dev":{"confidence_interval":{"confidence_level":0.95,"lower_bound":574847.9492637682,"upper_bound":1013928.2766308935},"point_estimate":816904.3555766509,"standard_error":112088.2119140082}}