{"mean":{"confidence_interval":{"confidence_level":0.95,"lower_bound":15687265.588624999,"upper_bound":15820574.01425},"point_estimate":15752984.4725,"standard_error":34021.108304751004},"median":{"confidence_interval":{"confidence_level":0.95,"lower_bound":15556131.25,"upper_bound":15823393.25},"point_estimate":15640377.75,"standard_error":58769.891883622484},"median_abs_dev":{"confidence_interval":{"confidence_level":0.95,"lower_bound":226808.68604896596,"upper_bound":445427.14699208736},"point_estimate":340928.12642231584,"standard_error":51606.038481803815},"slope":null,"std_dev":{"confidence_interval":{"confidence_level":0.95,"lower_bound":298205.1307173659,"upper_bound":379355.5421332187},"point_estimate":342372.5921448605,"standard_error":20676.83035909283}}