{"mean":{"confidence_interval":{"confidence_level":0.95,"lower_bound":20778456.81583333,"upper_bound":20857634.328416664},"point_estimate":20816874.223333333,"standard_error":20193.73715940851},"median":{"confidence_interval":{"confidence_level":0.95,"lower_bound":20719246.666666668,"upper_bound":20817437.0},"point_estimate":20770034.666666664,"standard_error":25015.037085898926},"median_abs_dev":{"confidence_interval":{"confidence_level":0.95,"lower_bound":117562.74020284423,"upper_bound":210985.287256765},"point_estimate":162772.67431020644,"standard_error":24255.79666258254},"slope":null,"std_dev":{"confidence_interval":{"confidence_level":0.95,"lower_bound":164570.72443082064,"upper_bound":235836.76088797444},"point_estimate":202654.30498601514,"standard_error":18207.72844710605}}