{"mean":{"confidence_interval":{"confidence_level":0.95,"lower_bound":16305135.416625,"upper_bound":16362993.54125},"point_estimate":16332862.9275,"standard_error":14733.172655579274},"median":{"confidence_interval":{"confidence_level":0.95,"lower_bound":16282951.5,"upper_bound":16348385.75},"point_estimate":16306643.875,"standard_error":16865.345417462526},"median_abs_dev":{"confidence_interval":{"confidence_level":0.95,"lower_bound":84332.88105279207,"upper_bound":143801.81924700737},"point_estimate":115693.57699602842,"standard_error":15178.709028793894},"slope":null,"std_dev":{"confidence_interval":{"confidence_level":0.95,"lower_bound":109391.90618483981,"upper_bound":190900.63328349753},"point_estimate":148499.1556810177,"standard_error":21561.329635487342}}