{"mean":{"confidence_interval":{"confidence_level":0.95,"lower_bound":2518673836.125,"upper_bound":2531308675.3},"point_estimate":2525532270.6,"standard_error":3260914.201063996},"median":{"confidence_interval":{"confidence_level":0.95,"lower_bound":2516963888.5,"upper_bound":2532585113.0},"point_estimate":2529737137.0,"standard_error":3840149.620392204},"median_abs_dev":{"confidence_interval":{"confidence_level":0.95,"lower_bound":718000.9282529354,"upper_bound":15832259.612721205},"point_estimate":5000206.293028593,"standard_error":3839847.3501421274},"slope":null,"std_dev":{"confidence_interval":{"confidence_level":0.95,"lower_bound":3523596.4968663724,"upper_bound":13593991.156143382},"point_estimate":10861086.690709762,"standard_error":2580583.444086225}}