{"mean":{"confidence_interval":{"confidence_level":0.95,"lower_bound":2585273586.4225,"upper_bound":2613432158.785},"point_estimate":2598777594.3,"standard_error":7176255.931654064},"median":{"confidence_interval":{"confidence_level":0.95,"lower_bound":2578677576.5,"upper_bound":2610636085.0},"point_estimate":2601890732.0,"standard_error":9830265.683660509},"median_abs_dev":{"confidence_interval":{"confidence_level":0.95,"lower_bound":1745794.0862059593,"upper_bound":44202601.07614696},"point_estimate":17563350.013688207,"standard_error":10955044.279980587},"slope":null,"std_dev":{"confidence_interval":{"confidence_level":0.95,"lower_bound":12775001.741719898,"upper_bound":31776172.88263006},"point_estimate":23932402.798244916,"standard_error":5220399.7321925545}}