{"mean":{"confidence_interval":{"confidence_level":0.95,"lower_bound":3042798639.7725,"upper_bound":3183204935.855},"point_estimate":3111587725.2,"standard_error":36115737.72304731},"median":{"confidence_interval":{"confidence_level":0.95,"lower_bound":3005816991.5,"upper_bound":3219216911.5},"point_estimate":3108535287.0,"standard_error":60335428.56945277},"median_abs_dev":{"confidence_interval":{"confidence_level":0.95,"lower_bound":16164570.31212151,"upper_bound":206284992.9001093},"point_estimate":126502759.72852707,"standard_error":47552609.63137624},"slope":null,"std_dev":{"confidence_interval":{"confidence_level":0.95,"lower_bound":74513111.14784317,"upper_bound":145941720.94556886},"point_estimate":120660008.66485003,"standard_error":18393339.28568264}}