{"mean":{"confidence_interval":{"confidence_level":0.95,"lower_bound":2455944111.9,"upper_bound":2483588397.205},"point_estimate":2467743717.5,"standard_error":7199388.18010729},"median":{"confidence_interval":{"confidence_level":0.95,"lower_bound":2451712818.0,"upper_bound":2472776128.0},"point_estimate":2464782433.0,"standard_error":5686160.766164815},"median_abs_dev":{"confidence_interval":{"confidence_level":0.95,"lower_bound":3776386.7317557335,"upper_bound":26458340.507170558},"point_estimate":13309534.95580852,"standard_error":5833753.44500216},"slope":null,"std_dev":{"confidence_interval":{"confidence_level":0.95,"lower_bound":7504652.5269209985,"upper_bound":34869166.21322862},"point_estimate":23805553.270865187,"standard_error":8504184.40547506}}