{"mean":{"confidence_interval":{"confidence_level":0.95,"lower_bound":2558525960.0575,"upper_bound":2599124021.6},"point_estimate":2578062900.1,"standard_error":10375125.48338127},"median":{"confidence_interval":{"confidence_level":0.95,"lower_bound":2552087875.0,"upper_bound":2600267349.0},"point_estimate":2573189617.5,"standard_error":12877174.446532479},"median_abs_dev":{"confidence_interval":{"confidence_level":0.95,"lower_bound":6703848.579382896,"upper_bound":59218709.41845775},"point_estimate":34934391.24349058,"standard_error":13078782.186260378},"slope":null,"std_dev":{"confidence_interval":{"confidence_level":0.95,"lower_bound":17272443.001532998,"upper_bound":46028650.33025498},"point_estimate":34632174.0947509,"standard_error":7591234.615155001}}