{"mean":{"confidence_interval":{"confidence_level":0.95,"lower_bound":2656481175.29,"upper_bound":2707981203.4},"point_estimate":2681343577.3,"standard_error":13144026.85842616},"median":{"confidence_interval":{"confidence_level":0.95,"lower_bound":2636038492.0,"upper_bound":2709260614.0},"point_estimate":2685174040.0,"standard_error":20187140.701367978},"median_abs_dev":{"confidence_interval":{"confidence_level":0.95,"lower_bound":3543139.656096697,"upper_bound":82101708.9394033},"point_estimate":45901615.426683426,"standard_error":18695107.81426102},"slope":null,"std_dev":{"confidence_interval":{"confidence_level":0.95,"lower_bound":25496369.909479536,"upper_bound":56158607.31943937},"point_estimate":43823198.72385187,"standard_error":8377623.4149241615}}