{"mean":{"confidence_interval":{"confidence_level":0.95,"lower_bound":2495050009.475,"upper_bound":2512590467.5},"point_estimate":2503485544.3,"standard_error":4500691.351795547},"median":{"confidence_interval":{"confidence_level":0.95,"lower_bound":2490820648.0,"upper_bound":2513693424.0},"point_estimate":2503158491.0,"standard_error":6666783.7762434995},"median_abs_dev":{"confidence_interval":{"confidence_level":0.95,"lower_bound":813139.3685638905,"upper_bound":26387335.829231143},"point_estimate":17947292.25717187,"standard_error":6128305.123600529},"slope":null,"std_dev":{"confidence_interval":{"confidence_level":0.95,"lower_bound":8345014.906261564,"upper_bound":19172907.79117498},"point_estimate":15063334.831433583,"standard_error":2823591.2154062325}}