{"mean":{"confidence_interval":{"confidence_level":0.95,"lower_bound":2573294294.1,"upper_bound":2594687470.245},"point_estimate":2584797944.5,"standard_error":5512038.641035317},"median":{"confidence_interval":{"confidence_level":0.95,"lower_bound":2571718651.5,"upper_bound":2598819131.0},"point_estimate":2592849155.0,"standard_error":7835828.722082862},"median_abs_dev":{"confidence_interval":{"confidence_level":0.95,"lower_bound":2274652.3228168488,"upper_bound":31802717.5580889},"point_estimate":13628834.357839823,"standard_error":7449409.5213783},"slope":null,"std_dev":{"confidence_interval":{"confidence_level":0.95,"lower_bound":8411411.950247513,"upper_bound":24089321.53912698},"point_estimate":18309961.25602544,"standard_error":4199890.747078949}}