{"mean":{"confidence_interval":{"confidence_level":0.95,"lower_bound":0.08409689447862392,"upper_bound":0.0924575757694738},"point_estimate":0.08842518708926583,"standard_error":0.0021311906504951164},"median":{"confidence_interval":{"confidence_level":0.95,"lower_bound":0.08876327160317388,"upper_bound":0.09711053556701399},"point_estimate":0.09288063624345644,"standard_error":0.002206288214810888}}