{"mean":{"confidence_interval":{"confidence_level":0.95,"lower_bound":-0.01848391583295174,"upper_bound":-0.01357916526371823},"point_estimate":-0.015890787733679135,"standard_error":0.0012484036533076664},"median":{"confidence_interval":{"confidence_level":0.95,"lower_bound":-0.01661150248141441,"upper_bound":-0.012607305048763728},"point_estimate":-0.014670606205319903,"standard_error":0.000994830471542938}}