{"mean":{"confidence_interval":{"confidence_level":0.95,"lower_bound":14412237855.53,"upper_bound":15019340548.5525},"point_estimate":14690292174.1,"standard_error":155962883.07985532},"median":{"confidence_interval":{"confidence_level":0.95,"lower_bound":14307200094.0,"upper_bound":15117087193.0},"point_estimate":14524738272.0,"standard_error":182971063.88538226},"median_abs_dev":{"confidence_interval":{"confidence_level":0.95,"lower_bound":83574795.06905079,"upper_bound":780845939.3252134},"point_estimate":378817826.4474392,"standard_error":173142084.44390884},"slope":null,"std_dev":{"confidence_interval":{"confidence_level":0.95,"lower_bound":178655076.44077072,"upper_bound":647980973.9258609},"point_estimate":518547120.8646672,"standard_error":121081212.19612749}}