{"mean":{"confidence_interval":{"confidence_level":0.95,"lower_bound":14315096165.8825,"upper_bound":14967102973.6},"point_estimate":14651778420.5,"standard_error":167472700.81600463},"median":{"confidence_interval":{"confidence_level":0.95,"lower_bound":14104139042.0,"upper_bound":15052422365.5},"point_estimate":14950010254.0,"standard_error":308704875.7659847},"median_abs_dev":{"confidence_interval":{"confidence_level":0.95,"lower_bound":52370647.59833515,"upper_bound":858186142.0499504},"point_estimate":383778679.34806645,"standard_error":240957630.3831809},"slope":null,"std_dev":{"confidence_interval":{"confidence_level":0.95,"lower_bound":334139407.5212784,"upper_bound":646520669.4699724},"point_estimate":556160827.7202249,"standard_error":80524967.29121655}}