{"mean":{"confidence_interval":{"confidence_level":0.95,"lower_bound":19012248744.465,"upper_bound":19462268738.482502},"point_estimate":19192290170.9,"standard_error":121791519.87808934},"median":{"confidence_interval":{"confidence_level":0.95,"lower_bound":18944277504.0,"upper_bound":19222839860.0},"point_estimate":19102368597.5,"standard_error":70143317.93217966},"median_abs_dev":{"confidence_interval":{"confidence_level":0.95,"lower_bound":37540753.071418405,"upper_bound":313310506.1546266},"point_estimate":206201716.00088775,"standard_error":74363353.9474699},"slope":null,"std_dev":{"confidence_interval":{"confidence_level":0.95,"lower_bound":90443685.64794154,"upper_bound":614299056.2378731},"point_estimate":405573626.2509277,"standard_error":173977390.6169833}}