{"mean":{"confidence_interval":{"confidence_level":0.95,"lower_bound":19100591330.5,"upper_bound":19361688959.9},"point_estimate":19224493243.8,"standard_error":67192875.5257548},"median":{"confidence_interval":{"confidence_level":0.95,"lower_bound":19065691388.0,"upper_bound":19411341790.5},"point_estimate":19177240078.0,"standard_error":79045482.75299186},"median_abs_dev":{"confidence_interval":{"confidence_level":0.95,"lower_bound":47953977.08764672,"upper_bound":382914362.85231113},"point_estimate":175134597.09143937,"standard_error":86223782.42728205},"slope":null,"std_dev":{"confidence_interval":{"confidence_level":0.95,"lower_bound":96616699.99674879,"upper_bound":282768932.570059},"point_estimate":224287336.5917404,"standard_error":46504313.7257643}}