{"mean":{"confidence_interval":{"confidence_level":0.95,"lower_bound":19514563937.237503,"upper_bound":19752079164.245},"point_estimate":19608611914.9,"standard_error":64548778.04723205},"median":{"confidence_interval":{"confidence_level":0.95,"lower_bound":19491793275.0,"upper_bound":19619210141.5},"point_estimate":19545244195.0,"standard_error":34152298.270940274},"median_abs_dev":{"confidence_interval":{"confidence_level":0.95,"lower_bound":18442790.511775017,"upper_bound":158426661.30196452},"point_estimate":79617518.53840649,"standard_error":41147591.04498111},"slope":null,"std_dev":{"confidence_interval":{"confidence_level":0.95,"lower_bound":39971622.71618897,"upper_bound":324641580.0056903},"point_estimate":214498298.0746319,"standard_error":92441260.69478245}}