{"mean":{"confidence_interval":{"confidence_level":0.95,"lower_bound":19597702385.07,"upper_bound":19860453897.925},"point_estimate":19725065989.3,"standard_error":67431163.09346019},"median":{"confidence_interval":{"confidence_level":0.95,"lower_bound":19549659195.0,"upper_bound":19944489940.0},"point_estimate":19681977202.0,"standard_error":92643796.57573673},"median_abs_dev":{"confidence_interval":{"confidence_level":0.95,"lower_bound":47901777.70777345,"upper_bound":384482716.4084673},"point_estimate":235869557.79647827,"standard_error":95746979.27522638},"slope":null,"std_dev":{"confidence_interval":{"confidence_level":0.95,"lower_bound":120674437.59930679,"upper_bound":274262479.8339489},"point_estimate":225697155.77267456,"standard_error":37570652.97119227}}