{"mean":{"confidence_interval":{"confidence_level":0.95,"lower_bound":14210736100.9425,"upper_bound":14279358089.3125},"point_estimate":14246221331.2,"standard_error":17532485.261114463},"median":{"confidence_interval":{"confidence_level":0.95,"lower_bound":14202380382.5,"upper_bound":14293269533.0},"point_estimate":14250915676.0,"standard_error":23055691.84439461},"median_abs_dev":{"confidence_interval":{"confidence_level":0.95,"lower_bound":9459271.00866437,"upper_bound":97591601.37710273},"point_estimate":60386087.14003265,"standard_error":22275052.914358273},"slope":null,"std_dev":{"confidence_interval":{"confidence_level":0.95,"lower_bound":30594561.331609555,"upper_bound":74104652.31168},"point_estimate":58490645.83642448,"standard_error":11016815.241296036}}