{"mean":{"confidence_interval":{"confidence_level":0.95,"lower_bound":14253716037.0,"upper_bound":14575970768.8175},"point_estimate":14412255665.2,"standard_error":82502576.1560312},"median":{"confidence_interval":{"confidence_level":0.95,"lower_bound":14218393357.0,"upper_bound":14665547337.5},"point_estimate":14314555765.5,"standard_error":143985386.03036776},"median_abs_dev":{"confidence_interval":{"confidence_level":0.95,"lower_bound":21212677.1863997,"upper_bound":438518732.23353624},"point_estimate":276677188.033998,"standard_error":121196421.80742167},"slope":null,"std_dev":{"confidence_interval":{"confidence_level":0.95,"lower_bound":167601082.83112314,"upper_bound":331777767.4825463},"point_estimate":274856988.4088319,"standard_error":41769767.06316369}}