{"mean":{"confidence_interval":{"confidence_level":0.95,"lower_bound":18004591507.5,"upper_bound":18202901709.3},"point_estimate":18096950664.6,"standard_error":50664861.443758674},"median":{"confidence_interval":{"confidence_level":0.95,"lower_bound":17978002439.0,"upper_bound":18165666692.0},"point_estimate":18098202000.0,"standard_error":52684749.82480818},"median_abs_dev":{"confidence_interval":{"confidence_level":0.95,"lower_bound":22865185.340961814,"upper_bound":261791800.53136647},"point_estimate":119944859.03185308,"standard_error":59707882.40810047},"slope":null,"std_dev":{"confidence_interval":{"confidence_level":0.95,"lower_bound":71119458.48782319,"upper_bound":235556457.1724429},"point_estimate":169274479.82978576,"standard_error":44897386.01568125}}