{"mean":{"confidence_interval":{"confidence_level":0.95,"lower_bound":-0.009500049380582104,"upper_bound":-0.005571044955705981},"point_estimate":-0.007556848580423159,"standard_error":0.0010007062610217564},"median":{"confidence_interval":{"confidence_level":0.95,"lower_bound":-0.010830489412973376,"upper_bound":-0.004957048117365526},"point_estimate":-0.007844468976319408,"standard_error":0.0015581674693671962}}