{"mean":{"confidence_interval":{"confidence_level":0.95,"lower_bound":-0.0037218007428481133,"upper_bound":0.006293815829185991},"point_estimate":0.0010291028270856817,"standard_error":0.0025180202816208986},"median":{"confidence_interval":{"confidence_level":0.95,"lower_bound":0.0009523918867153271,"upper_bound":0.0036219950236162646},"point_estimate":0.002315718538200784,"standard_error":0.0007297598373229436}}