{"mean":{"confidence_interval":{"confidence_level":0.95,"lower_bound":-0.022463791926793562,"upper_bound":-0.020039892878968558},"point_estimate":-0.021266795910128033,"standard_error":0.0006180513114933485},"median":{"confidence_interval":{"confidence_level":0.95,"lower_bound":-0.021708436969223383,"upper_bound":-0.020078621353629478},"point_estimate":-0.020650774235261737,"standard_error":0.0003968748531797367}}