{"mean":{"confidence_interval":{"confidence_level":0.95,"lower_bound":0.025351477303496045,"upper_bound":0.02885333061825805},"point_estimate":0.027172530424944163,"standard_error":0.0009049677365560355},"median":{"confidence_interval":{"confidence_level":0.95,"lower_bound":0.02341976442361826,"upper_bound":0.031512641492962956},"point_estimate":0.03015344637795514,"standard_error":0.0027004333623083672}}