{"mean":{"confidence_interval":{"confidence_level":0.95,"lower_bound":32435982.14825,"upper_bound":32888342.00225},"point_estimate":32663018.72,"standard_error":115487.01940672728},"median":{"confidence_interval":{"confidence_level":0.95,"lower_bound":32411001.0,"upper_bound":33102671.0},"point_estimate":32822409.5,"standard_error":193194.52486097315},"median_abs_dev":{"confidence_interval":{"confidence_level":0.95,"lower_bound":967397.9654252529,"upper_bound":1564920.5959171057},"point_estimate":1239721.1872905493,"standard_error":151135.7016905468},"slope":null,"std_dev":{"confidence_interval":{"confidence_level":0.95,"lower_bound":1018299.3878813504,"upper_bound":1291178.98164811},"point_estimate":1163616.4316986299,"standard_error":69905.0458522295}}