{"mean":{"confidence_interval":{"confidence_level":0.95,"lower_bound":30544333.36475,"upper_bound":30913088.57825},"point_estimate":30728139.6,"standard_error":93776.0139051616},"median":{"confidence_interval":{"confidence_level":0.95,"lower_bound":30283961.5,"upper_bound":31085014.5},"point_estimate":30558732.0,"standard_error":227287.04402283917},"median_abs_dev":{"confidence_interval":{"confidence_level":0.95,"lower_bound":941996.5800762177,"upper_bound":1347936.1593693495},"point_estimate":1123419.3736553192,"standard_error":99140.13783189857},"slope":null,"std_dev":{"confidence_interval":{"confidence_level":0.95,"lower_bound":845269.6899400271,"upper_bound":1035287.0076140158},"point_estimate":945768.7918742792,"standard_error":48375.8735761391}}