{"mean":{"confidence_interval":{"confidence_level":0.95,"lower_bound":30256211.9755,"upper_bound":30647073.07675},"point_estimate":30441179.51,"standard_error":99840.68831103729},"median":{"confidence_interval":{"confidence_level":0.95,"lower_bound":30104660.5,"upper_bound":30431940.0},"point_estimate":30272472.0,"standard_error":86162.38948059198},"median_abs_dev":{"confidence_interval":{"confidence_level":0.95,"lower_bound":595667.156624794,"upper_bound":1055206.431466341},"point_estimate":822034.968405962,"standard_error":118501.63658547058},"slope":null,"std_dev":{"confidence_interval":{"confidence_level":0.95,"lower_bound":723315.1729992938,"upper_bound":1334126.8728660587},"point_estimate":1003629.88412372,"standard_error":172130.6130367267}}