{"mean":{"confidence_interval":{"confidence_level":0.95,"lower_bound":-0.12306790377795702,"upper_bound":-0.12134678934210474},"point_estimate":-0.12212956488062121,"standard_error":0.0004422304370087573},"median":{"confidence_interval":{"confidence_level":0.95,"lower_bound":-0.12310154246811567,"upper_bound":-0.12121476602921066},"point_estimate":-0.12164399774561685,"standard_error":0.00043013472034298387}}