{"mean":{"confidence_interval":{"confidence_level":0.95,"lower_bound":-0.0017613941623966314,"upper_bound":0.00858331655298729},"point_estimate":0.0031834633074554475,"standard_error":0.0026379021616842985},"median":{"confidence_interval":{"confidence_level":0.95,"lower_bound":-0.00042259264070143576,"upper_bound":0.006828503480803105},"point_estimate":0.004572707331440995,"standard_error":0.001708925094637611}}