{"mean":{"confidence_interval":{"confidence_level":0.95,"lower_bound":-0.055730980440660036,"upper_bound":-0.04909973930851151},"point_estimate":-0.053192355746489284,"standard_error":0.0018370259175999662},"median":{"confidence_interval":{"confidence_level":0.95,"lower_bound":-0.055551584179837854,"upper_bound":-0.05422878533798814},"point_estimate":-0.054807054009299194,"standard_error":0.0005611489013025626}}