{"mean":{"confidence_interval":{"confidence_level":0.95,"lower_bound":19473.281622004903,"upper_bound":19486.868682459008},"point_estimate":19479.625439482865,"standard_error":3.4837847724396873},"median":{"confidence_interval":{"confidence_level":0.95,"lower_bound":19472.63355418406,"upper_bound":19486.03593110264},"point_estimate":19477.720369193845,"standard_error":3.244258517540057},"median_abs_dev":{"confidence_interval":{"confidence_level":0.95,"lower_bound":1.611681201796928,"upper_bound":18.60681570111228},"point_estimate":9.75774439050885,"standard_error":4.527969244411482},"slope":{"confidence_interval":{"confidence_level":0.95,"lower_bound":19469.69072571067,"upper_bound":19492.478591122705},"point_estimate":19479.46736249773,"standard_error":6.154562329231286},"std_dev":{"confidence_interval":{"confidence_level":0.95,"lower_bound":5.039596532626549,"upper_bound":15.79394378114021},"point_estimate":11.60376107848204,"standard_error":2.9024123771258963}}