{"mean":{"confidence_interval":{"confidence_level":0.95,"lower_bound":19776.671055003768,"upper_bound":19815.929367709403},"point_estimate":19800.780707091802,"standard_error":10.863194701581165},"median":{"confidence_interval":{"confidence_level":0.95,"lower_bound":19802.996058046352,"upper_bound":19816.827413183164},"point_estimate":19809.477528698288,"standard_error":4.288052971406545},"median_abs_dev":{"confidence_interval":{"confidence_level":0.95,"lower_bound":1.3916969321907837,"upper_bound":21.310434536109497},"point_estimate":9.879643329040446,"standard_error":5.5796731644859925},"slope":{"confidence_interval":{"confidence_level":0.95,"lower_bound":19805.00968785219,"upper_bound":19817.154505499333},"point_estimate":19810.799693397355,"standard_error":3.1836876490499613},"std_dev":{"confidence_interval":{"confidence_level":0.95,"lower_bound":5.362590986445605,"upper_bound":55.49649340911796},"point_estimate":36.21615920993874,"standard_error":16.903573182713895}}