{"mean":{"confidence_interval":{"confidence_level":0.95,"lower_bound":0.018127840881024076,"upper_bound":0.02381173397610712},"point_estimate":0.020168299940086953,"standard_error":0.0016507822738594945},"median":{"confidence_interval":{"confidence_level":0.95,"lower_bound":0.018012862680189867,"upper_bound":0.019000118064240734},"point_estimate":0.018501625599465887,"standard_error":0.0004601683741465126}}