{"mean":{"confidence_interval":{"confidence_level":0.95,"lower_bound":-0.024969602088818647,"upper_bound":-0.016585865037632038},"point_estimate":-0.020063717183394503,"standard_error":0.0021907885297273804},"median":{"confidence_interval":{"confidence_level":0.95,"lower_bound":-0.021053748592633093,"upper_bound":-0.017327532528249145},"point_estimate":-0.018235594909852604,"standard_error":0.0010316885240316763}}