{"mean":{"confidence_interval":{"confidence_level":0.95,"lower_bound":-0.011105005383869439,"upper_bound":-0.007600901922565557},"point_estimate":-0.008912775630042447,"standard_error":0.0009878972830361925},"median":{"confidence_interval":{"confidence_level":0.95,"lower_bound":-0.00845560598047601,"upper_bound":-0.007485965630774416},"point_estimate":-0.007897117083671912,"standard_error":0.00033927442199774207}}