{"mean":{"confidence_interval":{"confidence_level":0.95,"lower_bound":0.3095906070401794,"upper_bound":0.31733700158175526},"point_estimate":0.31451099946944927,"standard_error":0.002233117927175081},"median":{"confidence_interval":{"confidence_level":0.95,"lower_bound":0.3158239699167067,"upper_bound":0.3173671071648083},"point_estimate":0.3164928462424532,"standard_error":0.0006458826055661178}}