{"mean":{"confidence_interval":{"confidence_level":0.95,"lower_bound":0.00017023644515689094,"upper_bound":0.005895288151912042},"point_estimate":0.003853255688581525,"standard_error":0.0017028435437985996},"median":{"confidence_interval":{"confidence_level":0.95,"lower_bound":0.00506637809712096,"upper_bound":0.006122346921835886},"point_estimate":0.005599627873260404,"standard_error":0.0005072660476280958}}