{"mean":{"confidence_interval":{"confidence_level":0.95,"lower_bound":-0.025424534381457507,"upper_bound":-0.01550238086922411},"point_estimate":-0.020621357873322643,"standard_error":0.0025491976066346175},"median":{"confidence_interval":{"confidence_level":0.95,"lower_bound":-0.026702908325769936,"upper_bound":-0.014283209466193436},"point_estimate":-0.02033833895460735,"standard_error":0.0032167346101314304}}