{"mean":{"confidence_interval":{"confidence_level":0.95,"lower_bound":0.7563229790456969,"upper_bound":0.7929539109417505},"point_estimate":0.7744191436525152,"standard_error":0.009226303325864185},"median":{"confidence_interval":{"confidence_level":0.95,"lower_bound":0.7556275327313897,"upper_bound":0.7967762458728596},"point_estimate":0.7769870730354946,"standard_error":0.009935217703379821}}