{"mean":{"confidence_interval":{"confidence_level":0.95,"lower_bound":0.15357751347546567,"upper_bound":0.16154410271140965},"point_estimate":0.15781238785990848,"standard_error":0.0020321721136734978},"median":{"confidence_interval":{"confidence_level":0.95,"lower_bound":0.1538790275614006,"upper_bound":0.16331292844347778},"point_estimate":0.15949939377304911,"standard_error":0.002427208318757209}}