{"mean":{"confidence_interval":{"confidence_level":0.95,"lower_bound":0.1356539380095837,"upper_bound":0.27301535796553106},"point_estimate":0.20184477771192189,"standard_error":0.034599648398753145},"median":{"confidence_interval":{"confidence_level":0.95,"lower_bound":0.10805402280738585,"upper_bound":0.27653023496423157},"point_estimate":0.15720632595223938,"standard_error":0.04098134760492076}}