{"mean":{"confidence_interval":{"confidence_level":0.95,"lower_bound":-0.04272415509328434,"upper_bound":-0.03284830362333842},"point_estimate":-0.037837926779648146,"standard_error":0.0025270479005842584},"median":{"confidence_interval":{"confidence_level":0.95,"lower_bound":-0.04553993038826354,"upper_bound":-0.032028009737484986},"point_estimate":-0.0375118827879416,"standard_error":0.0034824646152441245}}