{"mean":{"confidence_interval":{"confidence_level":0.95,"lower_bound":-0.09744562178442798,"upper_bound":-0.06061734527713334},"point_estimate":-0.08258636299736233,"standard_error":0.009713352344625656},"median":{"confidence_interval":{"confidence_level":0.95,"lower_bound":-0.1014965369975388,"upper_bound":-0.08053499327752223},"point_estimate":-0.09587636235433772,"standard_error":0.0053654753548854055}}