{"mean":{"confidence_interval":{"confidence_level":0.95,"lower_bound":0.09145607654313877,"upper_bound":0.10766071630009647},"point_estimate":0.10004327952375136,"standard_error":0.004167229814686198},"median":{"confidence_interval":{"confidence_level":0.95,"lower_bound":0.08940468430147219,"upper_bound":0.11190929192055732},"point_estimate":0.10260727607745745,"standard_error":0.006087636913304144}}