{"mean":{"confidence_interval":{"confidence_level":0.95,"lower_bound":0.11111314850132568,"upper_bound":0.12254278718720253},"point_estimate":0.11675583238885201,"standard_error":0.0029128497516581592},"median":{"confidence_interval":{"confidence_level":0.95,"lower_bound":0.10746984638932289,"upper_bound":0.12356943297012268},"point_estimate":0.11901656771979297,"standard_error":0.004267905127185109}}