{"mean":{"confidence_interval":{"confidence_level":0.95,"lower_bound":0.04038021892269675,"upper_bound":0.0557067065228338},"point_estimate":0.047955155778480085,"standard_error":0.003915280893063505},"median":{"confidence_interval":{"confidence_level":0.95,"lower_bound":0.03736824237133041,"upper_bound":0.06243167607208511},"point_estimate":0.045683115167182375,"standard_error":0.005613584308563135}}