{"mean":{"confidence_interval":{"confidence_level":0.95,"lower_bound":90399654320.5,"upper_bound":91307742985.8575},"point_estimate":90826134027.5,"standard_error":232845887.74593857},"median":{"confidence_interval":{"confidence_level":0.95,"lower_bound":90162301561.0,"upper_bound":91372240619.0},"point_estimate":90537270131.5,"standard_error":339675129.3537003},"median_abs_dev":{"confidence_interval":{"confidence_level":0.95,"lower_bound":105470873.74811769,"upper_bound":1382025716.9633389},"point_estimate":735214864.293927,"standard_error":305333660.9938733},"slope":null,"std_dev":{"confidence_interval":{"confidence_level":0.95,"lower_bound":393861357.9690858,"upper_bound":1017932950.4768304},"point_estimate":780346369.231394,"standard_error":169933574.2086409}}