{"mean":{"confidence_interval":{"confidence_level":0.95,"lower_bound":98358597625.8,"upper_bound":99642107147.8125},"point_estimate":98991198853.8,"standard_error":327280453.897112},"median":{"confidence_interval":{"confidence_level":0.95,"lower_bound":98477198004.0,"upper_bound":99613468141.5},"point_estimate":98753382427.5,"standard_error":354457348.36463916},"median_abs_dev":{"confidence_interval":{"confidence_level":0.95,"lower_bound":47166229.46753204,"upper_bound":1903000518.0624871},"point_estimate":712439256.1607748,"standard_error":459325325.9668706},"slope":null,"std_dev":{"confidence_interval":{"confidence_level":0.95,"lower_bound":457067827.5816258,"upper_bound":1500178614.9566708},"point_estimate":1095582124.7932494,"standard_error":274925922.01928145}}