{"mean":{"confidence_interval":{"confidence_level":0.95,"lower_bound":93674057275.0,"upper_bound":94218249955.0},"point_estimate":93950609946.7,"standard_error":138867779.7395748},"median":{"confidence_interval":{"confidence_level":0.95,"lower_bound":93718853864.0,"upper_bound":94249666425.0},"point_estimate":93911310375.0,"standard_error":134515556.13003367},"median_abs_dev":{"confidence_interval":{"confidence_level":0.95,"lower_bound":83627655.68851233,"upper_bound":802291080.0331861},"point_estimate":341930396.621722,"standard_error":177161225.0311593},"slope":null,"std_dev":{"confidence_interval":{"confidence_level":0.95,"lower_bound":207568420.3931997,"upper_bound":626910779.5170618},"point_estimate":462461178.4051385,"standard_error":107054973.49545915}}