{"mean":{"confidence_interval":{"confidence_level":0.95,"lower_bound":99603261455.2,"upper_bound":103632017944.0675},"point_estimate":101562760811.3,"standard_error":1030683275.4371945},"median":{"confidence_interval":{"confidence_level":0.95,"lower_bound":98971097535.5,"upper_bound":104849332986.0},"point_estimate":100755200800.0,"standard_error":1264166151.3132954},"median_abs_dev":{"confidence_interval":{"confidence_level":0.95,"lower_bound":18020485.252672434,"upper_bound":5533648436.685902},"point_estimate":2910266036.3708496,"standard_error":1919871400.0660734},"slope":null,"std_dev":{"confidence_interval":{"confidence_level":0.95,"lower_bound":1770597469.0761945,"upper_bound":4201756858.69707},"point_estimate":3424411127.825702,"standard_error":602131095.3468773}}