{"mean":{"confidence_interval":{"confidence_level":0.95,"lower_bound":97672994610.6,"upper_bound":98605882316.1},"point_estimate":98087109848.8,"standard_error":239170184.82022},"median":{"confidence_interval":{"confidence_level":0.95,"lower_bound":97624310244.0,"upper_bound":98671054019.0},"point_estimate":97810269755.0,"standard_error":219580908.68784615},"median_abs_dev":{"confidence_interval":{"confidence_level":0.95,"lower_bound":75521803.49391997,"upper_bound":1065174151.2403786},"point_estimate":299590698.7211019,"standard_error":231884873.1399681},"slope":null,"std_dev":{"confidence_interval":{"confidence_level":0.95,"lower_bound":175727867.67640403,"upper_bound":1015762023.2206824},"point_estimate":797468957.6532552,"standard_error":221153234.8587885}}