{"mean":{"confidence_interval":{"confidence_level":0.95,"lower_bound":30768020.389,"upper_bound":31014912.0455},"point_estimate":30891408.71,"standard_error":62925.000472789725},"median":{"confidence_interval":{"confidence_level":0.95,"lower_bound":30813401.0,"upper_bound":31085385.0},"point_estimate":30930819.5,"standard_error":66059.99561331385},"median_abs_dev":{"confidence_interval":{"confidence_level":0.95,"lower_bound":460520.75602412224,"upper_bound":759974.0748077631},"point_estimate":610378.9961636066,"standard_error":74743.79894351985},"slope":null,"std_dev":{"confidence_interval":{"confidence_level":0.95,"lower_bound":539195.3128007277,"upper_bound":722772.8868849679},"point_estimate":635270.3867063744,"standard_error":46926.77620769642}}