{"mean":{"confidence_interval":{"confidence_level":0.95,"lower_bound":56959092.37325,"upper_bound":57690640.06425},"point_estimate":57328388.88,"standard_error":186404.35008797148},"median":{"confidence_interval":{"confidence_level":0.95,"lower_bound":56905500.0,"upper_bound":57798592.0},"point_estimate":57291438.0,"standard_error":214917.02758072212},"median_abs_dev":{"confidence_interval":{"confidence_level":0.95,"lower_bound":1279538.6334836483,"upper_bound":2282311.4342808723},"point_estimate":1740885.9389930964,"standard_error":262479.5457405792},"slope":null,"std_dev":{"confidence_interval":{"confidence_level":0.95,"lower_bound":1587655.9539944937,"upper_bound":2132388.106772986},"point_estimate":1872421.7203082608,"standard_error":139306.14822022832}}