{"mean":{"confidence_interval":{"confidence_level":0.95,"lower_bound":30134913.45,"upper_bound":30444664.67875},"point_estimate":30288635.47,"standard_error":79148.90822239502},"median":{"confidence_interval":{"confidence_level":0.95,"lower_bound":30107900.5,"upper_bound":30413797.5},"point_estimate":30275048.5,"standard_error":83457.61741283072},"median_abs_dev":{"confidence_interval":{"confidence_level":0.95,"lower_bound":603415.2240872383,"upper_bound":999139.6895617247},"point_estimate":755962.9005789757,"standard_error":99834.64393921968},"slope":null,"std_dev":{"confidence_interval":{"confidence_level":0.95,"lower_bound":686883.7064101906,"upper_bound":892218.1841937474},"point_estimate":795802.1102895888,"standard_error":52151.82957039792}}