{"mean":{"confidence_interval":{"confidence_level":0.95,"lower_bound":33382812.811,"upper_bound":34674066.793249995},"point_estimate":34023818.76,"standard_error":330432.02748196514},"median":{"confidence_interval":{"confidence_level":0.95,"lower_bound":31857917.0,"upper_bound":34589620.0},"point_estimate":33501776.5,"standard_error":756245.0585289837},"median_abs_dev":{"confidence_interval":{"confidence_level":0.95,"lower_bound":2351182.650858164,"upper_bound":4638210.235655308},"point_estimate":3558574.263122678,"standard_error":606732.9245969242},"slope":null,"std_dev":{"confidence_interval":{"confidence_level":0.95,"lower_bound":2936645.576476374,"upper_bound":3649665.5124179167},"point_estimate":3323018.1882725777,"standard_error":181619.94745666743}}