{"mean":{"confidence_interval":{"confidence_level":0.95,"lower_bound":30215070.91575,"upper_bound":30540267.33525},"point_estimate":30376395.64,"standard_error":82823.68224361438},"median":{"confidence_interval":{"confidence_level":0.95,"lower_bound":29946547.5,"upper_bound":30515244.0},"point_estimate":30244373.5,"standard_error":145343.02582163573},"median_abs_dev":{"confidence_interval":{"confidence_level":0.95,"lower_bound":710592.9692244531,"upper_bound":1192051.1503368616},"point_estimate":990306.3589185476,"standard_error":124814.52585065151},"slope":null,"std_dev":{"confidence_interval":{"confidence_level":0.95,"lower_bound":746357.0820256716,"upper_bound":905438.8491858644},"point_estimate":832970.7463716962,"standard_error":40710.314435614724}}