{"mean":{"confidence_interval":{"confidence_level":0.95,"lower_bound":38464623.43825,"upper_bound":39868983.53},"point_estimate":39167159.17,"standard_error":356570.13279564184},"median":{"confidence_interval":{"confidence_level":0.95,"lower_bound":37287281.0,"upper_bound":40449458.5},"point_estimate":38926640.5,"standard_error":779402.6942263385},"median_abs_dev":{"confidence_interval":{"confidence_level":0.95,"lower_bound":3651001.0280817747,"upper_bound":5399519.391739368},"point_estimate":4506883.753886819,"standard_error":439562.19780697196},"slope":null,"std_dev":{"confidence_interval":{"confidence_level":0.95,"lower_bound":3248199.1070397533,"upper_bound":3859875.0909751435},"point_estimate":3578139.160849984,"standard_error":156192.18507557004}}