{"mean":{"confidence_interval":{"confidence_level":0.95,"lower_bound":21886622.5715,"upper_bound":22155528.48175},"point_estimate":22022101.44,"standard_error":68437.70489028397},"median":{"confidence_interval":{"confidence_level":0.95,"lower_bound":21892196.0,"upper_bound":22189244.0},"point_estimate":22045794.0,"standard_error":69105.25051731731},"median_abs_dev":{"confidence_interval":{"confidence_level":0.95,"lower_bound":517222.79201745987,"upper_bound":858509.614970907},"point_estimate":689941.2411510944,"standard_error":89486.68934224642},"slope":null,"std_dev":{"confidence_interval":{"confidence_level":0.95,"lower_bound":587284.6730167504,"upper_bound":779019.0651694457},"point_estimate":687342.2244286845,"standard_error":48854.62270240304}}