{"mean":{"confidence_interval":{"confidence_level":0.95,"lower_bound":1311039.3356841574,"upper_bound":1322024.4335384616},"point_estimate":1316378.270992674,"standard_error":2820.6924754320135},"median":{"confidence_interval":{"confidence_level":0.95,"lower_bound":1309840.9604395605,"upper_bound":1325643.3399999999},"point_estimate":1311526.6346153845,"standard_error":5347.607097028958},"median_abs_dev":{"confidence_interval":{"confidence_level":0.95,"lower_bound":193.2760500298901,"upper_bound":13334.64101864737},"point_estimate":7152.026158410506,"standard_error":4279.3958613873},"slope":{"confidence_interval":{"confidence_level":0.95,"lower_bound":1311347.3782491526,"upper_bound":1324074.1511418147},"point_estimate":1318900.9513286713,"standard_error":3150.3923996511726},"std_dev":{"confidence_interval":{"confidence_level":0.95,"lower_bound":5866.882009045283,"upper_bound":11122.355533586437},"point_estimate":9452.276101692954,"standard_error":1339.1778705099089}}