{"mean":{"confidence_interval":{"confidence_level":0.95,"lower_bound":0.015274013077721532,"upper_bound":0.01600054307620377},"point_estimate":0.015643969466010654,"standard_error":0.00018421702960474859},"median":{"confidence_interval":{"confidence_level":0.95,"lower_bound":0.0154709847352823,"upper_bound":0.01616549540415857},"point_estimate":0.01587105383636711,"standard_error":0.00017866728786126014}}