{"mean":{"confidence_interval":{"confidence_level":0.95,"lower_bound":0.0013424540450115376,"upper_bound":0.015053810579631106},"point_estimate":0.006955981549538137,"standard_error":0.0035390922788986956},"median":{"confidence_interval":{"confidence_level":0.95,"lower_bound":0.0020101576574960145,"upper_bound":0.003693144259751202},"point_estimate":0.0027507868735014984,"standard_error":0.0004280437685816898}}