{"mean":{"confidence_interval":{"confidence_level":0.95,"lower_bound":0.019134545864503468,"upper_bound":0.03410627871180088},"point_estimate":0.024825609542910243,"standard_error":0.003628892559330301},"median":{"confidence_interval":{"confidence_level":0.95,"lower_bound":0.013607397860264174,"upper_bound":0.01707022385572743},"point_estimate":0.015365995636114071,"standard_error":0.0009289689528811364}}