{"mean":{"confidence_interval":{"confidence_level":0.95,"lower_bound":-0.0014480401201846136,"upper_bound":0.008391824115268247},"point_estimate":0.004248192148621266,"standard_error":0.0025538738960485248},"median":{"confidence_interval":{"confidence_level":0.95,"lower_bound":0.005362374756453292,"upper_bound":0.00635023085479669},"point_estimate":0.005833183305258949,"standard_error":0.0002646054022577984}}