{"mean":{"confidence_interval":{"confidence_level":0.95,"lower_bound":-0.1894980525944759,"upper_bound":-0.1882530332886508},"point_estimate":-0.18886337176945633,"standard_error":0.00031658273111326356},"median":{"confidence_interval":{"confidence_level":0.95,"lower_bound":-0.18907408600436404,"upper_bound":-0.18833628973287908},"point_estimate":-0.1887693664979354,"standard_error":0.00019160851156712738}}