{"mean":{"confidence_interval":{"confidence_level":0.95,"lower_bound":6168438.1525,"upper_bound":6546082.0},"point_estimate":6343495.8,"standard_error":96957.35248003514},"median":{"confidence_interval":{"confidence_level":0.95,"lower_bound":6075890.0,"upper_bound":6569845.0},"point_estimate":6216186.0,"standard_error":152348.14527894152},"median_abs_dev":{"confidence_interval":{"confidence_level":0.95,"lower_bound":45480.97809255123,"upper_bound":583512.8020405769},"point_estimate":253789.98089432716,"standard_error":140083.16835877002},"slope":null,"std_dev":{"confidence_interval":{"confidence_level":0.95,"lower_bound":165085.46519131638,"upper_bound":416772.7173678379},"point_estimate":322739.6354747895,"standard_error":67926.31639901636}}