{"mean":{"confidence_interval":{"confidence_level":0.95,"lower_bound":7228090.330115994,"upper_bound":7266231.79047619},"point_estimate":7245493.8104731385,"standard_error":9797.262453785579},"median":{"confidence_interval":{"confidence_level":0.95,"lower_bound":7219958.166666666,"upper_bound":7262580.15982906},"point_estimate":7237686.186126374,"standard_error":10962.592513694226},"median_abs_dev":{"confidence_interval":{"confidence_level":0.95,"lower_bound":5242.096068473057,"upper_bound":49011.05670814994},"point_estimate":25260.747436148125,"standard_error":10912.367079269688},"slope":{"confidence_interval":{"confidence_level":0.95,"lower_bound":7222700.692954104,"upper_bound":7252384.6921388805},"point_estimate":7236406.17022977,"standard_error":7844.863763019912},"std_dev":{"confidence_interval":{"confidence_level":0.95,"lower_bound":13785.101378957363,"upper_bound":44450.15359824515},"point_estimate":32653.045282072984,"standard_error":8565.96051358888}}