{"mean":{"confidence_interval":{"confidence_level":0.95,"lower_bound":6930029.323384614,"upper_bound":6986115.382692307},"point_estimate":6951639.458519538,"standard_error":15607.944302322787},"median":{"confidence_interval":{"confidence_level":0.95,"lower_bound":6926664.002747253,"upper_bound":6957593.931623932},"point_estimate":6930609.533653846,"standard_error":8379.978732967671},"median_abs_dev":{"confidence_interval":{"confidence_level":0.95,"lower_bound":459.1029668495889,"upper_bound":35645.53658511398},"point_estimate":10075.725186311802,"standard_error":9116.852289707509},"slope":{"confidence_interval":{"confidence_level":0.95,"lower_bound":6929524.834700542,"upper_bound":6950141.630643342},"point_estimate":6938637.454945055,"standard_error":5458.9951602218325},"std_dev":{"confidence_interval":{"confidence_level":0.95,"lower_bound":5503.385167270568,"upper_bound":79407.19711830265},"point_estimate":52062.137645065784,"standard_error":24056.172482471422}}