{"mean":{"confidence_interval":{"confidence_level":0.95,"lower_bound":43029693.736408725,"upper_bound":43539983.58986772},"point_estimate":43267219.22335978,"standard_error":130748.8366324917},"median":{"confidence_interval":{"confidence_level":0.95,"lower_bound":42904682.0,"upper_bound":43613641.891666666},"point_estimate":43096717.53333333,"standard_error":199771.88164723146},"median_abs_dev":{"confidence_interval":{"confidence_level":0.95,"lower_bound":38939.58227534966,"upper_bound":713184.9975817676},"point_estimate":320149.39306954003,"standard_error":199536.75016366475},"slope":{"confidence_interval":{"confidence_level":0.95,"lower_bound":43193908.6962963,"upper_bound":43813375.4365942},"point_estimate":43539538.657142855,"standard_error":158300.54037280625},"std_dev":{"confidence_interval":{"confidence_level":0.95,"lower_bound":202813.12376488448,"upper_bound":543671.5776163163},"point_estimate":435219.15208258934,"standard_error":87161.10065934429}}