{"mean":{"confidence_interval":{"confidence_level":0.95,"lower_bound":46770580.026250005,"upper_bound":47317134.20361805},"point_estimate":47011355.43819444,"standard_error":140828.7776335961},"median":{"confidence_interval":{"confidence_level":0.95,"lower_bound":46695741.875,"upper_bound":47334435.67222223},"point_estimate":46827052.53125,"standard_error":128997.19049715514},"median_abs_dev":{"confidence_interval":{"confidence_level":0.95,"lower_bound":24619.313862919807,"upper_bound":581669.2260383047},"point_estimate":196985.41384655982,"standard_error":131388.16955081045},"slope":{"confidence_interval":{"confidence_level":0.95,"lower_bound":46853982.3785489,"upper_bound":47368949.79854369},"point_estimate":47042948.33376624,"standard_error":132234.49653962074},"std_dev":{"confidence_interval":{"confidence_level":0.95,"lower_bound":89724.37607733093,"upper_bound":605373.772852515},"point_estimate":470141.88981977093,"standard_error":138408.79616742587}}