{"mean":{"confidence_interval":{"confidence_level":0.95,"lower_bound":34148242.002433866,"upper_bound":35897316.30639419},"point_estimate":35124211.373267196,"standard_error":451534.4656603644},"median":{"confidence_interval":{"confidence_level":0.95,"lower_bound":34663991.85416667,"upper_bound":35955095.051851854},"point_estimate":35341520.38888889,"standard_error":369403.96576053614},"median_abs_dev":{"confidence_interval":{"confidence_level":0.95,"lower_bound":165649.65955912697,"upper_bound":1890345.8759040914},"point_estimate":793335.645315476,"standard_error":413722.8587650236},"slope":{"confidence_interval":{"confidence_level":0.95,"lower_bound":35017212.387923904,"upper_bound":35709865.9463857},"point_estimate":35337805.69610389,"standard_error":176080.9368699692},"std_dev":{"confidence_interval":{"confidence_level":0.95,"lower_bound":501800.0874809609,"upper_bound":2163580.8882592674},"point_estimate":1504272.0385422308,"standard_error":488960.116275656}}