{"mean":{"confidence_interval":{"confidence_level":0.95,"lower_bound":47515400.205052085,"upper_bound":48115289.75123512},"point_estimate":47805913.70089286,"standard_error":154033.23387132454},"median":{"confidence_interval":{"confidence_level":0.95,"lower_bound":47371909.65625,"upper_bound":48289825.8125},"point_estimate":47640330.83333333,"standard_error":231423.20457395728},"median_abs_dev":{"confidence_interval":{"confidence_level":0.95,"lower_bound":92363.44558521737,"upper_bound":881837.052550503},"point_estimate":614986.0365880653,"standard_error":203346.73882082148},"slope":{"confidence_interval":{"confidence_level":0.95,"lower_bound":47349010.87625418,"upper_bound":48130564.45026947},"point_estimate":47683833.04285714,"standard_error":210622.56762310915},"std_dev":{"confidence_interval":{"confidence_level":0.95,"lower_bound":276969.77708885155,"upper_bound":626193.5204693045},"point_estimate":514245.3698955674,"standard_error":87404.17746397357}}