{"mean":{"confidence_interval":{"confidence_level":0.95,"lower_bound":43977561.145687506,"upper_bound":44324808.736575395},"point_estimate":44123936.112023816,"standard_error":90912.38207231769},"median":{"confidence_interval":{"confidence_level":0.95,"lower_bound":43913581.11111111,"upper_bound":44213710.580952376},"point_estimate":44045502.80555555,"standard_error":65421.65578881978},"median_abs_dev":{"confidence_interval":{"confidence_level":0.95,"lower_bound":20624.436467177093,"upper_bound":329602.20340172277},"point_estimate":170615.99882096236,"standard_error":82095.05230324359},"slope":{"confidence_interval":{"confidence_level":0.95,"lower_bound":43922738.40334856,"upper_bound":44118405.42089497},"point_estimate":43992793.22164502,"standard_error":50345.311792370805},"std_dev":{"confidence_interval":{"confidence_level":0.95,"lower_bound":75016.4170734155,"upper_bound":439678.6607876309},"point_estimate":303102.4382902298,"standard_error":107727.07494447545}}