{"mean":{"confidence_interval":{"confidence_level":0.95,"lower_bound":45883607.55119048,"upper_bound":45961380.96374999},"point_estimate":45924443.991607144,"standard_error":19876.381115858567},"median":{"confidence_interval":{"confidence_level":0.95,"lower_bound":45877337.08333333,"upper_bound":45973649.0},"point_estimate":45944820.56875,"standard_error":25949.0947645048},"median_abs_dev":{"confidence_interval":{"confidence_level":0.95,"lower_bound":8900.881604477763,"upper_bound":112749.70177829191},"point_estimate":66253.31567376852,"standard_error":25624.151027468295},"slope":{"confidence_interval":{"confidence_level":0.95,"lower_bound":45838628.79536826,"upper_bound":45966277.35294118},"point_estimate":45894079.08051948,"standard_error":33362.82226813792},"std_dev":{"confidence_interval":{"confidence_level":0.95,"lower_bound":33538.95355146992,"upper_bound":86365.48083090309},"point_estimate":66509.5872532161,"standard_error":13926.898029636455}}