{"mean":{"confidence_interval":{"confidence_level":0.95,"lower_bound":-0.07694989072144116,"upper_bound":-0.05213623607418939},"point_estimate":-0.06393087084300697,"standard_error":0.00634962137241786},"median":{"confidence_interval":{"confidence_level":0.95,"lower_bound":-0.07760597357143822,"upper_bound":-0.04916877790161023},"point_estimate":-0.0565999047781276,"standard_error":0.007400402377706203}}