{"mean":{"confidence_interval":{"confidence_level":0.95,"lower_bound":0.23137512831800916,"upper_bound":0.2643131227347302},"point_estimate":0.245694946257502,"standard_error":0.008298096197864948},"median":{"confidence_interval":{"confidence_level":0.95,"lower_bound":0.2268188240389255,"upper_bound":0.2570532053144685},"point_estimate":0.23909391076090003,"standard_error":0.008122799602843034}}