{"mean":{"confidence_interval":{"confidence_level":0.95,"lower_bound":-0.19727597003059094,"upper_bound":-0.18557723787150684},"point_estimate":-0.1915275026291774,"standard_error":0.0029899862897214335},"median":{"confidence_interval":{"confidence_level":0.95,"lower_bound":-0.19908258332729745,"upper_bound":-0.18505626783224371},"point_estimate":-0.19223644143481733,"standard_error":0.0035694363787893224}}