{"mean":{"confidence_interval":{"confidence_level":0.95,"lower_bound":-0.007074830707460017,"upper_bound":0.0037649016371887603},"point_estimate":-0.001795385620110057,"standard_error":0.002769063984402377},"median":{"confidence_interval":{"confidence_level":0.95,"lower_bound":-0.009384076938496855,"upper_bound":0.0057173267278052275},"point_estimate":-0.001731231847597714,"standard_error":0.004416978129791488}}