{"mean":{"confidence_interval":{"confidence_level":0.95,"lower_bound":-0.014118747140064178,"upper_bound":0.0010228692424816808},"point_estimate":-0.006868136685517223,"standard_error":0.0038839913122576566},"median":{"confidence_interval":{"confidence_level":0.95,"lower_bound":-0.01933028357542177,"upper_bound":0.003640941654536878},"point_estimate":-0.009507097356050709,"standard_error":0.006196320382753249}}