{"mean":{"confidence_interval":{"confidence_level":0.95,"lower_bound":-0.21652379743832378,"upper_bound":-0.20182595246943769},"point_estimate":-0.20847792689212064,"standard_error":0.003776493417636906},"median":{"confidence_interval":{"confidence_level":0.95,"lower_bound":-0.21252633823772404,"upper_bound":-0.20009667898705363},"point_estimate":-0.20691348278710808,"standard_error":0.0031770628115220328}}