{"mean":{"confidence_interval":{"confidence_level":0.95,"lower_bound":33233.51556833607,"upper_bound":33912.88448467012},"point_estimate":33572.184784128476,"standard_error":173.37523982755408},"median":{"confidence_interval":{"confidence_level":0.95,"lower_bound":31875.384765625,"upper_bound":35271.25793650794},"point_estimate":32526.263169642858,"standard_error":1534.0451999665713},"median_abs_dev":{"confidence_interval":{"confidence_level":0.95,"lower_bound":90.14431765601721,"upper_bound":2586.005227509368},"point_estimate":1128.723294698608,"standard_error":651.7226244209016},"slope":{"confidence_interval":{"confidence_level":0.95,"lower_bound":33372.83767440881,"upper_bound":34281.7231845818},"point_estimate":33838.26789613196,"standard_error":232.34867029279758},"std_dev":{"confidence_interval":{"confidence_level":0.95,"lower_bound":1697.2280396903022,"upper_bound":1766.0081300500117},"point_estimate":1747.117132867588,"standard_error":17.360752095299343}}