{"mean":{"confidence_interval":{"confidence_level":0.95,"lower_bound":34074.49540450547,"upper_bound":34120.84433195027},"point_estimate":34094.8464794389,"standard_error":11.921582794532249},"median":{"confidence_interval":{"confidence_level":0.95,"lower_bound":34062.69133095663,"upper_bound":34088.145809523805},"point_estimate":34073.118247779945,"standard_error":6.319738132554773},"median_abs_dev":{"confidence_interval":{"confidence_level":0.95,"lower_bound":41.826944778706995,"upper_bound":67.01039489457278},"point_estimate":53.68852332034326,"standard_error":6.658629919599803},"slope":{"confidence_interval":{"confidence_level":0.95,"lower_bound":34061.73077185305,"upper_bound":34085.72310426846},"point_estimate":34073.27541007832,"standard_error":6.139984111843842},"std_dev":{"confidence_interval":{"confidence_level":0.95,"lower_bound":58.54579816041529,"upper_bound":181.27546028528025},"point_estimate":120.31799317812087,"standard_error":35.483198853832235}}