{"mean":{"confidence_interval":{"confidence_level":0.95,"lower_bound":-0.10134295266539288,"upper_bound":-0.07882461813819473},"point_estimate":-0.0900042939868625,"standard_error":0.0057419915431929786},"median":{"confidence_interval":{"confidence_level":0.95,"lower_bound":-0.11085835196934601,"upper_bound":-0.08329454648648504},"point_estimate":-0.10059637259100507,"standard_error":0.007421387790485787}}