{"mean":{"confidence_interval":{"confidence_level":0.95,"lower_bound":0.28887669491365403,"upper_bound":0.30703571794493734},"point_estimate":0.29799690759889397,"standard_error":0.00461478761455476},"median":{"confidence_interval":{"confidence_level":0.95,"lower_bound":0.28513952316145796,"upper_bound":0.3145652872228356},"point_estimate":0.30433387882817753,"standard_error":0.007937524553746321}}