{"mean":{"confidence_interval":{"confidence_level":0.95,"lower_bound":-0.08612443608927817,"upper_bound":-0.07116655077466337},"point_estimate":-0.07849364747462961,"standard_error":0.003812914794126939},"median":{"confidence_interval":{"confidence_level":0.95,"lower_bound":-0.08643574257671416,"upper_bound":-0.07283226489155138},"point_estimate":-0.07971562410663913,"standard_error":0.0034320325672892826}}