{"mean":{"confidence_interval":{"confidence_level":0.95,"lower_bound":-0.1131241096218238,"upper_bound":-0.10060831817239266},"point_estimate":-0.10672907674473397,"standard_error":0.0031778922809770184},"median":{"confidence_interval":{"confidence_level":0.95,"lower_bound":-0.11908122301987167,"upper_bound":-0.09989619626637929},"point_estimate":-0.10708192134490091,"standard_error":0.004717497945030366}}