{"mean":{"confidence_interval":{"confidence_level":0.95,"lower_bound":3303308265.9525,"upper_bound":3381830993.7325},"point_estimate":3349320189.7,"standard_error":20679238.82339045},"median":{"confidence_interval":{"confidence_level":0.95,"lower_bound":3345224521.0,"upper_bound":3382318264.5},"point_estimate":3362971078.0,"standard_error":9510138.711304985},"median_abs_dev":{"confidence_interval":{"confidence_level":0.95,"lower_bound":2566692.6417320967,"upper_bound":59372427.6076287},"point_estimate":21229152.5786072,"standard_error":15042208.505549736},"slope":null,"std_dev":{"confidence_interval":{"confidence_level":0.95,"lower_bound":11359795.884742673,"upper_bound":103467879.67917924},"point_estimate":69120272.17286842,"standard_error":28130359.619908437}}