{"mean":{"confidence_interval":{"confidence_level":0.95,"lower_bound":3156538564.38,"upper_bound":3192886994.4},"point_estimate":3178803014.4,"standard_error":10047425.314425208},"median":{"confidence_interval":{"confidence_level":0.95,"lower_bound":3180500846.5,"upper_bound":3194751328.0},"point_estimate":3185421777.5,"standard_error":4547350.144129843},"median_abs_dev":{"confidence_interval":{"confidence_level":0.95,"lower_bound":822267.7366018295,"upper_bound":19896935.68545878},"point_estimate":9530798.303094506,"standard_error":5144836.750070576},"slope":null,"std_dev":{"confidence_interval":{"confidence_level":0.95,"lower_bound":5474960.499556256,"upper_bound":51253488.786787316},"point_estimate":33506779.670483973,"standard_error":15476780.31170833}}