{"mean":{"confidence_interval":{"confidence_level":0.95,"lower_bound":3113211428.8,"upper_bound":3158856659.7125},"point_estimate":3134363825.5,"standard_error":11692081.194511464},"median":{"confidence_interval":{"confidence_level":0.95,"lower_bound":3111097046.5,"upper_bound":3151996799.0},"point_estimate":3127353729.0,"standard_error":9991233.195661584},"median_abs_dev":{"confidence_interval":{"confidence_level":0.95,"lower_bound":4061455.8655947447,"upper_bound":60782503.97969484},"point_estimate":28975432.02548325,"standard_error":15034606.83472748},"slope":null,"std_dev":{"confidence_interval":{"confidence_level":0.95,"lower_bound":16076764.243946472,"upper_bound":53475278.395038046},"point_estimate":38959440.080695614,"standard_error":10286658.103306415}}