{"mean":{"confidence_interval":{"confidence_level":0.95,"lower_bound":3191589533.7599998,"upper_bound":3236544608.0},"point_estimate":3220983104.5,"standard_error":13755714.612608094},"median":{"confidence_interval":{"confidence_level":0.95,"lower_bound":3232534444.0,"upper_bound":3237656418.0},"point_estimate":3234874105.0,"standard_error":3860248.529170274},"median_abs_dev":{"confidence_interval":{"confidence_level":0.95,"lower_bound":196972.3021030426,"upper_bound":6717936.985632777},"point_estimate":3429107.7030211687,"standard_error":4437572.054748049},"slope":null,"std_dev":{"confidence_interval":{"confidence_level":0.95,"lower_bound":1871767.4082723095,"upper_bound":70104581.59191762},"point_estimate":45704818.72863034,"standard_error":25231554.32318784}}