{"mean":{"confidence_interval":{"confidence_level":0.95,"lower_bound":3148402992.665,"upper_bound":3176502877.3},"point_estimate":3166571599.1,"standard_error":8398477.75021093},"median":{"confidence_interval":{"confidence_level":0.95,"lower_bound":3172713979.0,"upper_bound":3177779087.0},"point_estimate":3174179220.0,"standard_error":2519197.678711585},"median_abs_dev":{"confidence_interval":{"confidence_level":0.95,"lower_bound":399944.68629956245,"upper_bound":6630069.956892729},"point_estimate":3550414.032867551,"standard_error":2755888.537226033},"slope":null,"std_dev":{"confidence_interval":{"confidence_level":0.95,"lower_bound":1903351.6497213978,"upper_bound":43011362.62479423},"point_estimate":27999236.882690374,"standard_error":15020839.987260569}}