{"mean":{"confidence_interval":{"confidence_level":0.95,"lower_bound":3073578112.5,"upper_bound":3147154292.3349996},"point_estimate":3106799124.0,"standard_error":18848067.575631205},"median":{"confidence_interval":{"confidence_level":0.95,"lower_bound":3060423833.0,"upper_bound":3155450787.5},"point_estimate":3083976956.5,"standard_error":19473911.14263911},"median_abs_dev":{"confidence_interval":{"confidence_level":0.95,"lower_bound":4648584.728971124,"upper_bound":92293566.69486165},"point_estimate":38905003.76089811,"standard_error":19930460.626822833},"slope":null,"std_dev":{"confidence_interval":{"confidence_level":0.95,"lower_bound":18751458.380195584,"upper_bound":79766119.9941901},"point_estimate":62953456.34895187,"standard_error":15913226.899985772}}