{"mean":{"confidence_interval":{"confidence_level":0.95,"lower_bound":20135.275583484614,"upper_bound":20197.64912895616},"point_estimate":20167.222684880333,"standard_error":15.901003075600425},"median":{"confidence_interval":{"confidence_level":0.95,"lower_bound":20179.056641791045,"upper_bound":20252.15107142857},"point_estimate":20214.102652552927,"standard_error":18.00021139116174},"median_abs_dev":{"confidence_interval":{"confidence_level":0.95,"lower_bound":69.54243456312854,"upper_bound":127.87917534110244},"point_estimate":94.05142193611894,"standard_error":14.244179397401744},"slope":{"confidence_interval":{"confidence_level":0.95,"lower_bound":20146.04583851518,"upper_bound":20227.218005769468},"point_estimate":20189.672396512487,"standard_error":20.780443401365112},"std_dev":{"confidence_interval":{"confidence_level":0.95,"lower_bound":132.35861036309112,"upper_bound":181.67158912740652},"point_estimate":159.25668462512502,"standard_error":12.542017289382628}}