{"mean":{"confidence_interval":{"confidence_level":0.95,"lower_bound":1887116.995993915,"upper_bound":2432942.1211967594},"point_estimate":2114373.1565229273,"standard_error":143955.48706440945},"median":{"confidence_interval":{"confidence_level":0.95,"lower_bound":1839834.3444444444,"upper_bound":2263896.1669444446},"point_estimate":1898415.6915343916,"standard_error":115724.3736513003},"median_abs_dev":{"confidence_interval":{"confidence_level":0.95,"lower_bound":12341.186890900042,"upper_bound":491584.4545205203},"point_estimate":137417.85970123438,"standard_error":137766.61025293526},"slope":{"confidence_interval":{"confidence_level":0.95,"lower_bound":1954941.3026213276,"upper_bound":2829598.2341293693},"point_estimate":2356571.9923232323,"standard_error":236541.34748902672},"std_dev":{"confidence_interval":{"confidence_level":0.95,"lower_bound":106834.21046369449,"upper_bound":701946.6999866436},"point_estimate":479733.13390310336,"standard_error":177778.31554285504}}