{"mean":{"confidence_interval":{"confidence_level":0.95,"lower_bound":1617794.0063888892,"upper_bound":1624125.0016040956},"point_estimate":1620573.8250566893,"standard_error":1639.193858153015},"median":{"confidence_interval":{"confidence_level":0.95,"lower_bound":1616887.3357142857,"upper_bound":1623311.427614796},"point_estimate":1619289.7566964286,"standard_error":1395.7743517523595},"median_abs_dev":{"confidence_interval":{"confidence_level":0.95,"lower_bound":352.65550356047845,"upper_bound":6655.973290583027},"point_estimate":3206.1144270385566,"standard_error":1662.3887164575215},"slope":{"confidence_interval":{"confidence_level":0.95,"lower_bound":1616769.535352773,"upper_bound":1620218.4797705412},"point_estimate":1618136.3076994433,"standard_error":893.7279694117241},"std_dev":{"confidence_interval":{"confidence_level":0.95,"lower_bound":1479.5816597323676,"upper_bound":7582.469104411825},"point_estimate":5498.167270950976,"standard_error":1680.568173936917}}