{"mean":{"confidence_interval":{"confidence_level":0.95,"lower_bound":41575.145045135694,"upper_bound":41593.01447541553},"point_estimate":41583.75553526489,"standard_error":4.559526003665466},"median":{"confidence_interval":{"confidence_level":0.95,"lower_bound":41568.905623778104,"upper_bound":41587.422011058865},"point_estimate":41580.27085963805,"standard_error":5.0041822456280185},"median_abs_dev":{"confidence_interval":{"confidence_level":0.95,"lower_bound":28.52286841783572,"upper_bound":46.32415017821698},"point_estimate":41.57238666944558,"standard_error":4.638108242974263},"slope":{"confidence_interval":{"confidence_level":0.95,"lower_bound":41578.2565707386,"upper_bound":41594.314656604336},"point_estimate":41585.84752955519,"standard_error":4.106508252658636},"std_dev":{"confidence_interval":{"confidence_level":0.95,"lower_bound":33.8962910789124,"upper_bound":59.45423712507254},"point_estimate":45.85818032040133,"standard_error":6.861987001509405}}