{"mean":{"confidence_interval":{"confidence_level":0.95,"lower_bound":3507505.5227714283,"upper_bound":3583479.8722669045},"point_estimate":3540055.5102634924,"standard_error":19799.81866560631},"median":{"confidence_interval":{"confidence_level":0.95,"lower_bound":3503125.4311111113,"upper_bound":3568623.62},"point_estimate":3508497.1066666665,"standard_error":15939.959788819422},"median_abs_dev":{"confidence_interval":{"confidence_level":0.95,"lower_bound":1357.6191021643035,"upper_bound":85004.10446927538},"point_estimate":11074.429116389283,"standard_error":18643.821491061415},"slope":{"confidence_interval":{"confidence_level":0.95,"lower_bound":3504138.874422658,"upper_bound":3515334.7253112034},"point_estimate":3507823.905974026,"standard_error":2939.6452247621505},"std_dev":{"confidence_interval":{"confidence_level":0.95,"lower_bound":7164.9048990281,"upper_bound":91498.09144097367},"point_estimate":65929.12712034363,"standard_error":22429.29640192228}}