{"mean":{"confidence_interval":{"confidence_level":0.95,"lower_bound":-0.018422628974602125,"upper_bound":-0.00911354771702091},"point_estimate":-0.013600341773883695,"standard_error":0.0023677302209300535},"median":{"confidence_interval":{"confidence_level":0.95,"lower_bound":-0.012238723486284972,"upper_bound":-0.004083561332186837},"point_estimate":-0.008440322652399468,"standard_error":0.0019840544281599713}}