{"mean":{"confidence_interval":{"confidence_level":0.95,"lower_bound":-0.03493788042590037,"upper_bound":-0.025237973331178255},"point_estimate":-0.02990324091114449,"standard_error":0.0024724343889314855},"median":{"confidence_interval":{"confidence_level":0.95,"lower_bound":-0.031060161826681476,"upper_bound":-0.019921122298631966},"point_estimate":-0.025848510280998216,"standard_error":0.002647417210967851}}