{"mean":{"confidence_interval":{"confidence_level":0.95,"lower_bound":-0.014491739280386669,"upper_bound":-0.004798396428543262},"point_estimate":-0.009978694270934563,"standard_error":0.002466517227259631},"median":{"confidence_interval":{"confidence_level":0.95,"lower_bound":-0.012226903592066704,"upper_bound":-0.004078507821103194},"point_estimate":-0.008194916639677197,"standard_error":0.0020117629447469697}}