{"mean":{"confidence_interval":{"confidence_level":0.95,"lower_bound":0.11470342493969989,"upper_bound":0.1373280842238883},"point_estimate":0.12546461874105264,"standard_error":0.005729354765143535},"median":{"confidence_interval":{"confidence_level":0.95,"lower_bound":0.115924944802414,"upper_bound":0.13881488246856266},"point_estimate":0.12852467915644872,"standard_error":0.006494982352768334}}