{"mean":{"confidence_interval":{"confidence_level":0.95,"lower_bound":-0.012280381034214635,"upper_bound":0.030133727995172464},"point_estimate":0.005528060812335589,"standard_error":0.010914183089487486},"median":{"confidence_interval":{"confidence_level":0.95,"lower_bound":-0.027696771549226118,"upper_bound":0.004738946932794752},"point_estimate":-0.009408590708928188,"standard_error":0.008252946962409956}}