{"mean":{"confidence_interval":{"confidence_level":0.95,"lower_bound":-0.09497558634709574,"upper_bound":-0.03641260443358552},"point_estimate":-0.06435792356615078,"standard_error":0.015082015387307472},"median":{"confidence_interval":{"confidence_level":0.95,"lower_bound":-0.09663247625841043,"upper_bound":-0.02278080615585376},"point_estimate":-0.0413589039539225,"standard_error":0.02287199910403143}}