{"mean":{"confidence_interval":{"confidence_level":0.95,"lower_bound":-0.06308770066188281,"upper_bound":-0.04325957828778638},"point_estimate":-0.05271056265289176,"standard_error":0.005113581434226882},"median":{"confidence_interval":{"confidence_level":0.95,"lower_bound":-0.056270259209965645,"upper_bound":-0.039134018740082266},"point_estimate":-0.046880737825469865,"standard_error":0.003970507198614394}}