{"mean":{"confidence_interval":{"confidence_level":0.95,"lower_bound":-0.24066483470708933,"upper_bound":-0.2327424523964905},"point_estimate":-0.23660941273563263,"standard_error":0.002020074816424657},"median":{"confidence_interval":{"confidence_level":0.95,"lower_bound":-0.241385129566701,"upper_bound":-0.2316579540866277},"point_estimate":-0.2358346237121527,"standard_error":0.002571611892502082}}