{"mean":{"confidence_interval":{"confidence_level":0.95,"lower_bound":0.12034480603235688,"upper_bound":0.15018879889758135},"point_estimate":0.13593410593120914,"standard_error":0.007594096201065287},"median":{"confidence_interval":{"confidence_level":0.95,"lower_bound":0.11249478487855047,"upper_bound":0.1609080332127959},"point_estimate":0.1418416395183808,"standard_error":0.013783616170825373}}