{"mean":{"confidence_interval":{"confidence_level":0.95,"lower_bound":0.0029054793474572183,"upper_bound":0.022271610701031844},"point_estimate":0.012635280372607971,"standard_error":0.004983523747820942},"median":{"confidence_interval":{"confidence_level":0.95,"lower_bound":-0.0017971557700562357,"upper_bound":0.03144885501147954},"point_estimate":0.01201749315844558,"standard_error":0.008121722774587817}}