{"mean":{"confidence_interval":{"confidence_level":0.95,"lower_bound":0.0011616459093519054,"upper_bound":0.019545470808208343},"point_estimate":0.010266158853039498,"standard_error":0.004697654470441239},"median":{"confidence_interval":{"confidence_level":0.95,"lower_bound":-0.0038653927135032795,"upper_bound":0.023919534312411228},"point_estimate":0.007742789562930952,"standard_error":0.007646188198028246}}