{"mean":{"confidence_interval":{"confidence_level":0.95,"lower_bound":0.170325222592776,"upper_bound":0.2215311599524001},"point_estimate":0.19275049305463932,"standard_error":0.013049810483542411},"median":{"confidence_interval":{"confidence_level":0.95,"lower_bound":0.16167383843096705,"upper_bound":0.2040714706668163},"point_estimate":0.18691973176616172,"standard_error":0.011329987402859626}}