{"mean":{"confidence_interval":{"confidence_level":0.95,"lower_bound":-0.015859591020065615,"upper_bound":0.026655965633163275},"point_estimate":0.006389911342256749,"standard_error":0.010906482741066236},"median":{"confidence_interval":{"confidence_level":0.95,"lower_bound":-0.029945792370971946,"upper_bound":0.03698418055030328},"point_estimate":0.023431369095895604,"standard_error":0.015852148970885063}}