{"mean":{"confidence_interval":{"confidence_level":0.95,"lower_bound":-0.11714270194804871,"upper_bound":-0.05375392001456382},"point_estimate":-0.08605438275666155,"standard_error":0.016260556968620495},"median":{"confidence_interval":{"confidence_level":0.95,"lower_bound":-0.13580119690078818,"upper_bound":-0.04051774102137817},"point_estimate":-0.07077327267284861,"standard_error":0.02714225444318486}}