{"mean":{"confidence_interval":{"confidence_level":0.95,"lower_bound":-0.022032557206294625,"upper_bound":0.018359417681196328},"point_estimate":-0.0038642110350710634,"standard_error":0.010487986232634411},"median":{"confidence_interval":{"confidence_level":0.95,"lower_bound":-0.028944334351485468,"upper_bound":-0.0002601195273290724},"point_estimate":-0.015478796665023387,"standard_error":0.008393868646968557}}