{"mean":{"confidence_interval":{"confidence_level":0.95,"lower_bound":-0.007576208771755749,"upper_bound":-0.00201792312614836},"point_estimate":-0.005052811898259568,"standard_error":0.0014375523745728278},"median":{"confidence_interval":{"confidence_level":0.95,"lower_bound":-0.007711689905293473,"upper_bound":-0.005197316403971475},"point_estimate":-0.0062457915260527574,"standard_error":0.0007380384847722104}}