{"mean":{"confidence_interval":{"confidence_level":0.95,"lower_bound":0.12709042304415213,"upper_bound":0.12938358147072027},"point_estimate":0.12815805601018604,"standard_error":0.0005700887942026472},"median":{"confidence_interval":{"confidence_level":0.95,"lower_bound":0.12696461642328338,"upper_bound":0.12903498061860352},"point_estimate":0.12806048469240094,"standard_error":0.00045305416993999463}}