{"mean":{"confidence_interval":{"confidence_level":0.95,"lower_bound":-0.1381379124556701,"upper_bound":-0.13634207748208174},"point_estimate":-0.13718295790150914,"standard_error":0.00045625920191099865},"median":{"confidence_interval":{"confidence_level":0.95,"lower_bound":-0.13810514350352143,"upper_bound":-0.1360565320397157},"point_estimate":-0.13656637871669441,"standard_error":0.0005672619297245335}}