{"mean":{"confidence_interval":{"confidence_level":0.95,"lower_bound":0.06418865467729087,"upper_bound":0.06622647952384621},"point_estimate":0.06507222946928648,"standard_error":0.0005272635704935487},"median":{"confidence_interval":{"confidence_level":0.95,"lower_bound":0.06390983228663494,"upper_bound":0.06543527473858912},"point_estimate":0.06468176457253727,"standard_error":0.00037444620729442415}}