{"mean":{"confidence_interval":{"confidence_level":0.95,"lower_bound":-0.09191545372945496,"upper_bound":-0.09033554762634925},"point_estimate":-0.09117656155290066,"standard_error":0.0004010815976483185},"median":{"confidence_interval":{"confidence_level":0.95,"lower_bound":-0.09230388597470995,"upper_bound":-0.08998894251622247},"point_estimate":-0.09143984511000436,"standard_error":0.0004879157111230624}}