{"mean":{"confidence_interval":{"confidence_level":0.95,"lower_bound":0.05324912364978702,"upper_bound":0.055749312654463215},"point_estimate":0.05424412138022383,"standard_error":0.0006439468283786456},"median":{"confidence_interval":{"confidence_level":0.95,"lower_bound":0.05263580039259175,"upper_bound":0.05562999915417022},"point_estimate":0.05388308678533882,"standard_error":0.0007041640813477778}}