{"mean":{"confidence_interval":{"confidence_level":0.95,"lower_bound":0.011864171530960343,"upper_bound":0.015353054537661524},"point_estimate":0.01376221662287569,"standard_error":0.0008925439749563151},"median":{"confidence_interval":{"confidence_level":0.95,"lower_bound":0.012455236817197735,"upper_bound":0.016327757141944677},"point_estimate":0.013796460654878606,"standard_error":0.0008944794479412982}}