{"mean":{"confidence_interval":{"confidence_level":0.95,"lower_bound":84852869.513,"upper_bound":85072427.753},"point_estimate":84958016.6,"standard_error":55947.69109320379},"median":{"confidence_interval":{"confidence_level":0.95,"lower_bound":84782864.0,"upper_bound":84940097.5},"point_estimate":84858631.0,"standard_error":37408.62846772366},"median_abs_dev":{"confidence_interval":{"confidence_level":0.95,"lower_bound":254606.15217983723,"upper_bound":474574.3211746216},"point_estimate":340418.2973563671,"standard_error":54426.96915486441},"slope":null,"std_dev":{"confidence_interval":{"confidence_level":0.95,"lower_bound":417472.36814018345,"upper_bound":704406.2450981082},"point_estimate":563687.158124885,"standard_error":73799.3674705549}}