{"mean":{"confidence_interval":{"confidence_level":0.95,"lower_bound":86304182.47675,"upper_bound":87049340.90275},"point_estimate":86627222.12,"standard_error":192788.64517653908},"median":{"confidence_interval":{"confidence_level":0.95,"lower_bound":86085141.0,"upper_bound":86398318.0},"point_estimate":86182345.0,"standard_error":91515.51496799345},"median_abs_dev":{"confidence_interval":{"confidence_level":0.95,"lower_bound":411816.60558879375,"upper_bound":712298.1074541807},"point_estimate":566578.5451412201,"standard_error":72598.21203841433},"slope":null,"std_dev":{"confidence_interval":{"confidence_level":0.95,"lower_bound":636751.9857088648,"upper_bound":2919536.3656864665},"point_estimate":1944286.694107601,"standard_error":596587.7529139871}}