{"mean":{"confidence_interval":{"confidence_level":0.95,"lower_bound":94093776.296,"upper_bound":94474900.774},"point_estimate":94271647.82,"standard_error":97692.72853449915},"median":{"confidence_interval":{"confidence_level":0.95,"lower_bound":94025397.5,"upper_bound":94261829.0},"point_estimate":94131070.0,"standard_error":68833.11011928893},"median_abs_dev":{"confidence_interval":{"confidence_level":0.95,"lower_bound":423067.48228155106,"upper_bound":786286.5178406239},"point_estimate":592566.2987798452,"standard_error":96846.38228124047},"slope":null,"std_dev":{"confidence_interval":{"confidence_level":0.95,"lower_bound":600989.8496803537,"upper_bound":1315344.1565415908},"point_estimate":982650.192099549,"standard_error":182577.79495752006}}