{"mean":{"confidence_interval":{"confidence_level":0.95,"lower_bound":99862482.699,"upper_bound":100058971.971},"point_estimate":99951841.26,"standard_error":50230.21923058512},"median":{"confidence_interval":{"confidence_level":0.95,"lower_bound":99830364.5,"upper_bound":99918881.0},"point_estimate":99869714.0,"standard_error":23320.13157359193},"median_abs_dev":{"confidence_interval":{"confidence_level":0.95,"lower_bound":183184.86364781857,"upper_bound":354041.90851449966},"point_estimate":274432.22032785416,"standard_error":44274.620959341315},"slope":null,"std_dev":{"confidence_interval":{"confidence_level":0.95,"lower_bound":290620.52498604136,"upper_bound":719124.3144643799},"point_estimate":502776.03660948266,"standard_error":115702.78370353793}}