{"mean":{"confidence_interval":{"confidence_level":0.95,"lower_bound":100228223.13725,"upper_bound":100702777.8245},"point_estimate":100464359.13,"standard_error":121132.42730105811},"median":{"confidence_interval":{"confidence_level":0.95,"lower_bound":100189579.5,"upper_bound":100583171.0},"point_estimate":100403133.5,"standard_error":93365.5386326689},"median_abs_dev":{"confidence_interval":{"confidence_level":0.95,"lower_bound":841246.4988648891,"upper_bound":1323300.5369067192},"point_estimate":1127899.049475789,"standard_error":123063.65734962633},"slope":null,"std_dev":{"confidence_interval":{"confidence_level":0.95,"lower_bound":1009689.692520917,"upper_bound":1401388.1141612227},"point_estimate":1214939.9882786965,"standard_error":100194.43645577866}}