{"mean":{"confidence_interval":{"confidence_level":0.95,"lower_bound":86261502.253,"upper_bound":87185632.47025001},"point_estimate":86710264.76,"standard_error":236062.39238170855},"median":{"confidence_interval":{"confidence_level":0.95,"lower_bound":85429306.5,"upper_bound":86051284.0},"point_estimate":85689697.5,"standard_error":168518.66760055328},"median_abs_dev":{"confidence_interval":{"confidence_level":0.95,"lower_bound":958989.3996745348,"upper_bound":2288458.293771744},"point_estimate":1484115.9321516752,"standard_error":349259.8259154806},"slope":null,"std_dev":{"confidence_interval":{"confidence_level":0.95,"lower_bound":1987650.7661335375,"upper_bound":2750733.9163443926},"point_estimate":2366587.834195201,"standard_error":196315.58663856424}}