{"mean":{"confidence_interval":{"confidence_level":0.95,"lower_bound":1591546936.4675002,"upper_bound":1604159618.8325},"point_estimate":1599353371.4,"standard_error":3531034.733263088},"median":{"confidence_interval":{"confidence_level":0.95,"lower_bound":1600148722.0,"upper_bound":1603978231.5},"point_estimate":1603170022.0,"standard_error":1481407.9230553675},"median_abs_dev":{"confidence_interval":{"confidence_level":0.95,"lower_bound":321530.7149916887,"upper_bound":5981479.911607504},"point_estimate":2569743.0911779404,"standard_error":1804159.9472296864},"slope":null,"std_dev":{"confidence_interval":{"confidence_level":0.95,"lower_bound":1545120.7442279605,"upper_bound":18071759.059190873},"point_estimate":11781791.069919465,"standard_error":5642929.7204126315}}