{"mean":{"confidence_interval":{"confidence_level":0.95,"lower_bound":1549768996.7,"upper_bound":1582259702.5},"point_estimate":1565754191.9,"standard_error":8346635.297337169},"median":{"confidence_interval":{"confidence_level":0.95,"lower_bound":1541662502.0,"upper_bound":1591147563.0},"point_estimate":1561058514.5,"standard_error":15043089.905041836},"median_abs_dev":{"confidence_interval":{"confidence_level":0.95,"lower_bound":4795609.720560908,"upper_bound":45043052.16012597},"point_estimate":30157580.890595913,"standard_error":11220004.57720965},"slope":null,"std_dev":{"confidence_interval":{"confidence_level":0.95,"lower_bound":17245147.649106033,"upper_bound":33155147.760724586},"point_estimate":27806707.92168528,"standard_error":4058879.8208244955}}