{"mean":{"confidence_interval":{"confidence_level":0.95,"lower_bound":1622292346.26,"upper_bound":1666390945.4425},"point_estimate":1646194895.1,"standard_error":11568587.41856058},"median":{"confidence_interval":{"confidence_level":0.95,"lower_bound":1640189273.0,"upper_bound":1672214546.5},"point_estimate":1646382005.5,"standard_error":6617066.846804708},"median_abs_dev":{"confidence_interval":{"confidence_level":0.95,"lower_bound":679574.9021351337,"upper_bound":69825807.10284412},"point_estimate":6501614.5299732685,"standard_error":15521091.559450641},"slope":null,"std_dev":{"confidence_interval":{"confidence_level":0.95,"lower_bound":4200437.978729951,"upper_bound":54649471.255551115},"point_estimate":38603970.59468591,"standard_error":12185971.73648456}}