{"mean":{"confidence_interval":{"confidence_level":0.95,"lower_bound":1617246333.64,"upper_bound":1640390330.4299998},"point_estimate":1628477684.7,"standard_error":5922646.234504389},"median":{"confidence_interval":{"confidence_level":0.95,"lower_bound":1606881618.0,"upper_bound":1645796365.0},"point_estimate":1628764590.0,"standard_error":8732828.119988022},"median_abs_dev":{"confidence_interval":{"confidence_level":0.95,"lower_bound":1214577.0330369473,"upper_bound":36188923.604518175},"point_estimate":23374177.479225397,"standard_error":9324841.778719317},"slope":null,"std_dev":{"confidence_interval":{"confidence_level":0.95,"lower_bound":11366485.875626298,"upper_bound":24404624.31409116},"point_estimate":19773315.773283437,"standard_error":3370881.475939178}}