{"mean":{"confidence_interval":{"confidence_level":0.95,"lower_bound":1553897330.5975,"upper_bound":1563058785.51},"point_estimate":1558257349.4,"standard_error":2339836.7130514863},"median":{"confidence_interval":{"confidence_level":0.95,"lower_bound":1552735649.0,"upper_bound":1562758580.0},"point_estimate":1558463117.0,"standard_error":2172420.701525119},"median_abs_dev":{"confidence_interval":{"confidence_level":0.95,"lower_bound":554652.5109529495,"upper_bound":12816377.726563811},"point_estimate":5820762.367960811,"standard_error":3620669.5981647833},"slope":null,"std_dev":{"confidence_interval":{"confidence_level":0.95,"lower_bound":3640602.3774571936,"upper_bound":10457009.787551995},"point_estimate":7808933.046083358,"standard_error":1822189.7992776833}}