{"mean":{"confidence_interval":{"confidence_level":0.95,"lower_bound":1520469689.2,"upper_bound":1527300410.7},"point_estimate":1524017719.6,"standard_error":1751471.3662011838},"median":{"confidence_interval":{"confidence_level":0.95,"lower_bound":1518863023.5,"upper_bound":1528493489.5},"point_estimate":1525996944.5,"standard_error":2645034.4802352022},"median_abs_dev":{"confidence_interval":{"confidence_level":0.95,"lower_bound":1225227.2899478674,"upper_bound":9492310.749077797},"point_estimate":5979319.763445854,"standard_error":2232653.0326656443},"slope":null,"std_dev":{"confidence_interval":{"confidence_level":0.95,"lower_bound":3127795.595546467,"upper_bound":7044587.17886387},"point_estimate":5811691.334206691,"standard_error":975012.4508869759}}