{"mean":{"confidence_interval":{"confidence_level":0.95,"lower_bound":1618407098.7,"upper_bound":1636474172.8375},"point_estimate":1627290401.8,"standard_error":4649805.663154898},"median":{"confidence_interval":{"confidence_level":0.95,"lower_bound":1614940811.5,"upper_bound":1640927264.0},"point_estimate":1624586485.0,"standard_error":8611112.94698019},"median_abs_dev":{"confidence_interval":{"confidence_level":0.95,"lower_bound":1759388.0453646183,"upper_bound":25728359.429830313},"point_estimate":16065540.04687965,"standard_error":6535256.842913274},"slope":null,"std_dev":{"confidence_interval":{"confidence_level":0.95,"lower_bound":9889319.042153873,"upper_bound":18477509.79515218},"point_estimate":15471205.025471041,"standard_error":2201466.953458842}}