{"mean":{"confidence_interval":{"confidence_level":0.95,"lower_bound":1608333046.7375002,"upper_bound":1638636997.3},"point_estimate":1619781106.9,"standard_error":8520502.320551956},"median":{"confidence_interval":{"confidence_level":0.95,"lower_bound":1606680020.0,"upper_bound":1618596339.0},"point_estimate":1608551137.5,"standard_error":3870641.026072133},"median_abs_dev":{"confidence_interval":{"confidence_level":0.95,"lower_bound":466072.3516255617,"upper_bound":14981063.385432959},"point_estimate":3309243.942949176,"standard_error":4547870.015955936},"slope":null,"std_dev":{"confidence_interval":{"confidence_level":0.95,"lower_bound":2402896.796421206,"upper_bound":43498061.31806506},"point_estimate":28421829.21414056,"standard_error":13574607.204398625}}