{"mean":{"confidence_interval":{"confidence_level":0.95,"lower_bound":1727731946.3975,"upper_bound":1754194343.6},"point_estimate":1738923196.8,"standard_error":6913015.05981532},"median":{"confidence_interval":{"confidence_level":0.95,"lower_bound":1727682044.0,"upper_bound":1742158614.0},"point_estimate":1733784338.0,"standard_error":3921316.623857212},"median_abs_dev":{"confidence_interval":{"confidence_level":0.95,"lower_bound":1771387.468251586,"upper_bound":23729562.62331605},"point_estimate":10623861.442288756,"standard_error":5474713.401485999},"slope":null,"std_dev":{"confidence_interval":{"confidence_level":0.95,"lower_bound":5798738.421795007,"upper_bound":34134232.46550174},"point_estimate":23127600.567088738,"standard_error":8700872.190381804}}