{"mean":{"confidence_interval":{"confidence_level":0.95,"lower_bound":1673806442.705,"upper_bound":1685712432.4},"point_estimate":1679678450.5,"standard_error":3051493.929935973},"median":{"confidence_interval":{"confidence_level":0.95,"lower_bound":1670441510.5,"upper_bound":1688083900.0},"point_estimate":1678682475.0,"standard_error":4792099.193282101},"median_abs_dev":{"confidence_interval":{"confidence_level":0.95,"lower_bound":2084381.3725948334,"upper_bound":16335724.618282914},"point_estimate":12035321.821430326,"standard_error":3754821.101650155},"slope":null,"std_dev":{"confidence_interval":{"confidence_level":0.95,"lower_bound":6107161.815094763,"upper_bound":12658600.437087769},"point_estimate":10195116.314208062,"standard_error":1686271.9766846588}}