{"mean":{"confidence_interval":{"confidence_level":0.95,"lower_bound":137762101.1475,"upper_bound":154372737.52749997},"point_estimate":145899562.5,"standard_error":4246522.768443618},"median":{"confidence_interval":{"confidence_level":0.95,"lower_bound":133409598.5,"upper_bound":157517579.0},"point_estimate":145514796.0,"standard_error":6619575.515381373},"median_abs_dev":{"confidence_interval":{"confidence_level":0.95,"lower_bound":1552041.2499457598,"upper_bound":23960859.338709712},"point_estimate":17485459.40017104,"standard_error":5940406.131022276},"slope":null,"std_dev":{"confidence_interval":{"confidence_level":0.95,"lower_bound":8179811.850481705,"upper_bound":17214114.58539927},"point_estimate":14212736.289582502,"standard_error":2265237.6121488614}}