{"mean":{"confidence_interval":{"confidence_level":0.95,"lower_bound":3287152595.8975,"upper_bound":3313122713.1075},"point_estimate":3299669745.2,"standard_error":6631970.534624957},"median":{"confidence_interval":{"confidence_level":0.95,"lower_bound":3281623112.0,"upper_bound":3311103943.5},"point_estimate":3302089642.0,"standard_error":6923417.713670712},"median_abs_dev":{"confidence_interval":{"confidence_level":0.95,"lower_bound":1628152.7434945107,"upper_bound":37346445.00146806},"point_estimate":18641071.20835483,"standard_error":9052748.088249449},"slope":null,"std_dev":{"confidence_interval":{"confidence_level":0.95,"lower_bound":10353238.325554142,"upper_bound":29775396.54822579},"point_estimate":22106148.38116519,"standard_error":5135611.884705022}}