{"mean":{"confidence_interval":{"confidence_level":0.95,"lower_bound":2894920400.07,"upper_bound":2927748461.475},"point_estimate":2910314847.0,"standard_error":8398968.386288865},"median":{"confidence_interval":{"confidence_level":0.95,"lower_bound":2890446346.0,"upper_bound":2932592749.0},"point_estimate":2900560522.5,"standard_error":10349321.016151002},"median_abs_dev":{"confidence_interval":{"confidence_level":0.95,"lower_bound":1071010.9471857548,"upper_bound":47466773.97989631},"point_estimate":28645302.230644226,"standard_error":11223822.574981637},"slope":null,"std_dev":{"confidence_interval":{"confidence_level":0.95,"lower_bound":13320437.066073053,"upper_bound":35961341.64010929},"point_estimate":28059369.47559758,"standard_error":5863035.82453072}}