{"mean":{"confidence_interval":{"confidence_level":0.95,"lower_bound":2881394442.4325,"upper_bound":2907367229.1},"point_estimate":2894130302.2,"standard_error":6658983.035579345},"median":{"confidence_interval":{"confidence_level":0.95,"lower_bound":2879200083.0,"upper_bound":2913189514.0},"point_estimate":2888306917.0,"standard_error":8528361.138928045},"median_abs_dev":{"confidence_interval":{"confidence_level":0.95,"lower_bound":1542628.2227128744,"upper_bound":36753121.835401654},"point_estimate":24570877.321779728,"standard_error":9217647.002656173},"slope":null,"std_dev":{"confidence_interval":{"confidence_level":0.95,"lower_bound":12043886.92545211,"upper_bound":28158694.048624113},"point_estimate":22149656.667102467,"standard_error":4096886.887649723}}