{"mean":{"confidence_interval":{"confidence_level":0.95,"lower_bound":2021429720.1,"upper_bound":2049440207.3},"point_estimate":2034902599.1,"standard_error":7170055.197046061},"median":{"confidence_interval":{"confidence_level":0.95,"lower_bound":2009584908.0,"upper_bound":2051047217.0},"point_estimate":2035396112.5,"standard_error":10996199.121785022},"median_abs_dev":{"confidence_interval":{"confidence_level":0.95,"lower_bound":2600018.523940444,"upper_bound":43770460.99011898},"point_estimate":24601005.23584485,"standard_error":10106590.922181888},"slope":null,"std_dev":{"confidence_interval":{"confidence_level":0.95,"lower_bound":13834488.51872381,"upper_bound":30726116.909603033},"point_estimate":23929234.657865662,"standard_error":4603355.402350532}}