{"mean":{"confidence_interval":{"confidence_level":0.95,"lower_bound":3102803307.7275,"upper_bound":3128481688.2799997},"point_estimate":3114478914.3,"standard_error":6657657.698662415},"median":{"confidence_interval":{"confidence_level":0.95,"lower_bound":3097095833.0,"upper_bound":3127768561.5},"point_estimate":3104771531.5,"standard_error":8952605.687112357},"median_abs_dev":{"confidence_interval":{"confidence_level":0.95,"lower_bound":3048184.0330839157,"upper_bound":36309453.79327834},"point_estimate":14481140.311208367,"standard_error":8539842.18860723},"slope":null,"std_dev":{"confidence_interval":{"confidence_level":0.95,"lower_bound":9710360.743032033,"upper_bound":30455608.66405717},"point_estimate":22267183.756858557,"standard_error":5862124.844951235}}