{"mean":{"confidence_interval":{"confidence_level":0.95,"lower_bound":2498989078.0125003,"upper_bound":2523115538.3975},"point_estimate":2511342851.6,"standard_error":6173260.956486511},"median":{"confidence_interval":{"confidence_level":0.95,"lower_bound":2499701472.5,"upper_bound":2529805674.0},"point_estimate":2508001642.5,"standard_error":8244325.81071038},"median_abs_dev":{"confidence_interval":{"confidence_level":0.95,"lower_bound":4216105.127549171,"upper_bound":37935038.673618436},"point_estimate":18961252.016070485,"standard_error":8641593.525362957},"slope":null,"std_dev":{"confidence_interval":{"confidence_level":0.95,"lower_bound":11402692.17048552,"upper_bound":26760381.00262342},"point_estimate":20519087.671653446,"standard_error":4077480.785899271}}