{"mean":{"confidence_interval":{"confidence_level":0.95,"lower_bound":3031382492.2549996,"upper_bound":3071169406.2},"point_estimate":3051642112.9,"standard_error":10118249.036836497},"median":{"confidence_interval":{"confidence_level":0.95,"lower_bound":3030680890.0,"upper_bound":3068676630.0},"point_estimate":3059062730.5,"standard_error":10694513.090138974},"median_abs_dev":{"confidence_interval":{"confidence_level":0.95,"lower_bound":3352425.4084825516,"upper_bound":57532108.87750089},"point_estimate":28689187.9311651,"standard_error":13672175.290298257},"slope":null,"std_dev":{"confidence_interval":{"confidence_level":0.95,"lower_bound":14516874.149632342,"upper_bound":45906840.65339944},"point_estimate":33826867.10799059,"standard_error":8252035.638099205}}