{"mean":{"confidence_interval":{"confidence_level":0.95,"lower_bound":19573.851559420673,"upper_bound":19689.348138285284},"point_estimate":19645.812128231923,"standard_error":32.34653907815144},"median":{"confidence_interval":{"confidence_level":0.95,"lower_bound":19667.24430123562,"upper_bound":19682.156350812587},"point_estimate":19669.552190739952,"standard_error":8.455540841795552},"median_abs_dev":{"confidence_interval":{"confidence_level":0.95,"lower_bound":0.9389168133267294,"upper_bound":47.76645585628035},"point_estimate":7.352475109134513,"standard_error":13.561612517748783},"slope":{"confidence_interval":{"confidence_level":0.95,"lower_bound":19667.644175994687,"upper_bound":19689.127626638103},"point_estimate":19675.39129089913,"standard_error":5.446691824356919},"std_dev":{"confidence_interval":{"confidence_level":0.95,"lower_bound":5.218899099097545,"upper_bound":166.0868475259224},"point_estimate":108.14250081675674,"standard_error":53.85035820640893}}