{"mean":{"confidence_interval":{"confidence_level":0.95,"lower_bound":19464.066059731496,"upper_bound":19501.873853830137},"point_estimate":19479.39363224721,"standard_error":10.09637461602794},"median":{"confidence_interval":{"confidence_level":0.95,"lower_bound":19462.896700614343,"upper_bound":19489.0704070644},"point_estimate":19466.8839471606,"standard_error":5.758587430639371},"median_abs_dev":{"confidence_interval":{"confidence_level":0.95,"lower_bound":0.9422796171293495,"upper_bound":32.56333289915946},"point_estimate":4.691872464623801,"standard_error":7.40886335127552},"slope":{"confidence_interval":{"confidence_level":0.95,"lower_bound":19465.755575253635,"upper_bound":19482.15074936311},"point_estimate":19471.0164761364,"standard_error":4.4913699118754415},"std_dev":{"confidence_interval":{"confidence_level":0.95,"lower_bound":2.739228156936371,"upper_bound":48.69595378707529},"point_estimate":33.58496720885071,"standard_error":13.283119675465446}}