{"mean":{"confidence_interval":{"confidence_level":0.95,"lower_bound":588333727.905,"upper_bound":601377849.79},"point_estimate":594290886.6,"standard_error":3352683.2565921405},"median":{"confidence_interval":{"confidence_level":0.95,"lower_bound":586455757.5,"upper_bound":602959980.5},"point_estimate":588983535.5,"standard_error":4111492.3541777893},"median_abs_dev":{"confidence_interval":{"confidence_level":0.95,"lower_bound":161907.3301255703,"upper_bound":16925256.776216626},"point_estimate":4806561.686566472,"standard_error":4187789.153701788},"slope":null,"std_dev":{"confidence_interval":{"confidence_level":0.95,"lower_bound":2871195.339013958,"upper_bound":13830036.007263904},"point_estimate":11150868.059050841,"standard_error":2733153.652440517}}