{"mean":{"confidence_interval":{"confidence_level":0.95,"lower_bound":596635284.6949999,"upper_bound":600673071.4675},"point_estimate":598603036.4,"standard_error":1033864.8982104443},"median":{"confidence_interval":{"confidence_level":0.95,"lower_bound":595748950.0,"upper_bound":602230115.0},"point_estimate":597145246.0,"standard_error":2053397.4229873621},"median_abs_dev":{"confidence_interval":{"confidence_level":0.95,"lower_bound":455789.77950811386,"upper_bound":5327140.343624353},"point_estimate":3461147.42975235,"standard_error":1351618.2634791103},"slope":null,"std_dev":{"confidence_interval":{"confidence_level":0.95,"lower_bound":2173965.556352495,"upper_bound":3937463.100465421},"point_estimate":3442322.6743369787,"standard_error":439637.8436173468}}