{"mean":{"confidence_interval":{"confidence_level":0.95,"lower_bound":611019899.6374999,"upper_bound":620635313.5},"point_estimate":616103395.5,"standard_error":2468502.6943552955},"median":{"confidence_interval":{"confidence_level":0.95,"lower_bound":609381239.5,"upper_bound":621727168.0},"point_estimate":617959406.5,"standard_error":2466703.230523665},"median_abs_dev":{"confidence_interval":{"confidence_level":0.95,"lower_bound":1099011.3302886486,"upper_bound":13836574.042251706},"point_estimate":5448820.288664103,"standard_error":3238179.5236266027},"slope":null,"std_dev":{"confidence_interval":{"confidence_level":0.95,"lower_bound":3063378.263471785,"upper_bound":10623345.617318535},"point_estimate":8240070.4230883075,"standard_error":1851770.574468722}}