{"mean":{"confidence_interval":{"confidence_level":0.95,"lower_bound":671563390.4,"upper_bound":678451645.8},"point_estimate":675094552.7,"standard_error":1769275.7473599322},"median":{"confidence_interval":{"confidence_level":0.95,"lower_bound":670063551.5,"upper_bound":680034926.0},"point_estimate":675034391.0,"standard_error":2313651.7570178383},"median_abs_dev":{"confidence_interval":{"confidence_level":0.95,"lower_bound":1504017.6128983498,"upper_bound":10267219.794720411},"point_estimate":5989766.1628603935,"standard_error":2457809.6670066},"slope":null,"std_dev":{"confidence_interval":{"confidence_level":0.95,"lower_bound":3211757.0821369337,"upper_bound":7402908.015679363},"point_estimate":5894564.02756751,"standard_error":1061986.6642555667}}