{"mean":{"confidence_interval":{"confidence_level":0.95,"lower_bound":-0.012831766117139863,"upper_bound":-0.010559545729644123},"point_estimate":-0.01156232636153598,"standard_error":0.0005844097813416824},"median":{"confidence_interval":{"confidence_level":0.95,"lower_bound":-0.011768979677119651,"upper_bound":-0.010178725667310706},"point_estimate":-0.010634368197598554,"standard_error":0.00043639156955211115}}