{"mean":{"confidence_interval":{"confidence_level":0.95,"lower_bound":-0.09833275434465152,"upper_bound":-0.05201331969761281},"point_estimate":-0.07583228310982504,"standard_error":0.011996160103514494},"median":{"confidence_interval":{"confidence_level":0.95,"lower_bound":-0.1120206074904424,"upper_bound":-0.035812290154455306},"point_estimate":-0.07520873470011591,"standard_error":0.032041078618669006}}