{"mean":{"confidence_interval":{"confidence_level":0.95,"lower_bound":-0.10240527731418152,"upper_bound":-0.0674049029834277},"point_estimate":-0.08692141513123341,"standard_error":0.008989866797607507},"median":{"confidence_interval":{"confidence_level":0.95,"lower_bound":-0.10469093247834937,"upper_bound":-0.06184959385884148},"point_estimate":-0.10380443504156578,"standard_error":0.010848004497127488}}