{"mean":{"confidence_interval":{"confidence_level":0.95,"lower_bound":0.3087813068457764,"upper_bound":0.3113357510903379},"point_estimate":0.3099175608247262,"standard_error":0.0006460940632993166},"median":{"confidence_interval":{"confidence_level":0.95,"lower_bound":0.3084636165490735,"upper_bound":0.3107266139486422},"point_estimate":0.3098277900081827,"standard_error":0.0006367531430815239}}