{"mean":{"confidence_interval":{"confidence_level":0.95,"lower_bound":-0.03337532089364697,"upper_bound":0.020941583512129686},"point_estimate":-0.007143179499919716,"standard_error":0.013463411084194885},"median":{"confidence_interval":{"confidence_level":0.95,"lower_bound":-0.05074707637332054,"upper_bound":0.030971763029014054},"point_estimate":-0.01113756152269696,"standard_error":0.03437757988728725}}