{"mean":{"confidence_interval":{"confidence_level":0.95,"lower_bound":-0.0025376499656380334,"upper_bound":0.000720296786569396},"point_estimate":-0.0006096216559517975,"standard_error":0.0008704081401931237},"median":{"confidence_interval":{"confidence_level":0.95,"lower_bound":-0.000702817389243382,"upper_bound":0.0007044786682000037},"point_estimate":-0.0003346035052262941,"standard_error":0.0004306605968568106}}