{"mean":{"confidence_interval":{"confidence_level":0.95,"lower_bound":300464.91018274485,"upper_bound":302767.0588220239},"point_estimate":301625.3381143496,"standard_error":588.1054843360334},"median":{"confidence_interval":{"confidence_level":0.95,"lower_bound":301071.1418918919,"upper_bound":304313.5410447761},"point_estimate":303102.10424901184,"standard_error":1032.2719392450267},"median_abs_dev":{"confidence_interval":{"confidence_level":0.95,"lower_bound":2744.2108492329817,"upper_bound":5459.155085772946},"point_estimate":3604.541566615084,"standard_error":657.2209257813739},"slope":{"confidence_interval":{"confidence_level":0.95,"lower_bound":304127.83519434545,"upper_bound":304995.99578669865},"point_estimate":304588.61506058817,"standard_error":221.0688190046307},"std_dev":{"confidence_interval":{"confidence_level":0.95,"lower_bound":4341.221911248268,"upper_bound":7420.848081264688},"point_estimate":5905.861036544574,"standard_error":789.7990651669895}}