{"mean":{"confidence_interval":{"confidence_level":0.95,"lower_bound":368382.6046319357,"upper_bound":371971.1321658763},"point_estimate":370189.1572835835,"standard_error":913.4983507319031},"median":{"confidence_interval":{"confidence_level":0.95,"lower_bound":370376.4090909091,"upper_bound":373605.12367149757},"point_estimate":372229.161063798,"standard_error":717.5477104001535},"median_abs_dev":{"confidence_interval":{"confidence_level":0.95,"lower_bound":3827.2330297494386,"upper_bound":6690.092175593329},"point_estimate":5316.7626672260685,"standard_error":718.9879675345848},"slope":{"confidence_interval":{"confidence_level":0.95,"lower_bound":373301.59777446266,"upper_bound":374588.5578569301},"point_estimate":373955.5345047042,"standard_error":327.3731825127805},"std_dev":{"confidence_interval":{"confidence_level":0.95,"lower_bound":6644.129821555735,"upper_bound":11576.16300288654},"point_estimate":9193.163210945178,"standard_error":1265.2477098320626}}