{"mean":{"confidence_interval":{"confidence_level":0.95,"lower_bound":336975.68167762755,"upper_bound":339916.9474801281},"point_estimate":338356.3236289262,"standard_error":753.4681571795569},"median":{"confidence_interval":{"confidence_level":0.95,"lower_bound":337434.13710273465,"upper_bound":339059.688172043},"point_estimate":338169.19355888094,"standard_error":436.38552330680795},"median_abs_dev":{"confidence_interval":{"confidence_level":0.95,"lower_bound":2912.87136149367,"upper_bound":4950.579435629838},"point_estimate":3949.789185420707,"standard_error":535.7773481466979},"slope":{"confidence_interval":{"confidence_level":0.95,"lower_bound":340134.329070933,"upper_bound":344205.240226619},"point_estimate":341918.58218708436,"standard_error":1056.3234456711632},"std_dev":{"confidence_interval":{"confidence_level":0.95,"lower_bound":4584.370822383926,"upper_bound":10451.953010547515},"point_estimate":7579.634908967926,"standard_error":1537.9030506703602}}