{"mean":{"confidence_interval":{"confidence_level":0.95,"lower_bound":296038336.5,"upper_bound":305704217.715},"point_estimate":301564434.1,"standard_error":2510758.8177890717},"median":{"confidence_interval":{"confidence_level":0.95,"lower_bound":298558005.5,"upper_bound":306950482.5},"point_estimate":305054539.5,"standard_error":2423865.5054566697},"median_abs_dev":{"confidence_interval":{"confidence_level":0.95,"lower_bound":623489.257080853,"upper_bound":10798155.895194411},"point_estimate":3839572.548083961,"standard_error":2675705.859948417},"slope":null,"std_dev":{"confidence_interval":{"confidence_level":0.95,"lower_bound":2138544.781274994,"upper_bound":11869518.191301513},"point_estimate":8332199.428223599,"standard_error":2721159.4262169125}}