{"mean":{"confidence_interval":{"confidence_level":0.95,"lower_bound":279581931.6,"upper_bound":287982812.69874996},"point_estimate":284409650.75,"standard_error":2184156.8775369977},"median":{"confidence_interval":{"confidence_level":0.95,"lower_bound":283106790.25,"upper_bound":287953107.5},"point_estimate":286268066.0,"standard_error":1257173.2833147852},"median_abs_dev":{"confidence_interval":{"confidence_level":0.95,"lower_bound":129078.86020839214,"upper_bound":7484149.099829793},"point_estimate":3578286.541722715,"standard_error":1876940.1280490851},"slope":null,"std_dev":{"confidence_interval":{"confidence_level":0.95,"lower_bound":1773931.3174610236,"upper_bound":10722326.35583198},"point_estimate":7265443.848612069,"standard_error":2709495.3644502764}}