{"mean":{"confidence_interval":{"confidence_level":0.95,"lower_bound":295833415.0,"upper_bound":298691416.5},"point_estimate":297447494.7,"standard_error":741350.14520296},"median":{"confidence_interval":{"confidence_level":0.95,"lower_bound":296513027.5,"upper_bound":298892210.25},"point_estimate":297997982.25,"standard_error":490403.0867806016},"median_abs_dev":{"confidence_interval":{"confidence_level":0.95,"lower_bound":49237.515775859356,"upper_bound":2963189.5417928696},"point_estimate":956984.5538601279,"standard_error":841373.5229810053},"slope":null,"std_dev":{"confidence_interval":{"confidence_level":0.95,"lower_bound":675664.3328449377,"upper_bound":3489676.5333687193},"point_estimate":2472956.8882112247,"standard_error":800795.8966772927}}