{"mean":{"confidence_interval":{"confidence_level":0.95,"lower_bound":288332158.37,"upper_bound":289836030.89624995},"point_estimate":289027742.2,"standard_error":387044.5775252546},"median":{"confidence_interval":{"confidence_level":0.95,"lower_bound":288199625.0,"upper_bound":289782949.25},"point_estimate":288861558.5,"standard_error":378270.7937718403},"median_abs_dev":{"confidence_interval":{"confidence_level":0.95,"lower_bound":227485.69216132164,"upper_bound":2043695.1228171587},"point_estimate":858998.4096497297,"standard_error":474186.9150656452},"slope":null,"std_dev":{"confidence_interval":{"confidence_level":0.95,"lower_bound":498642.0675042286,"upper_bound":1752362.8787802795},"point_estimate":1295966.4995015024,"standard_error":330497.97957459214}}