{"mean":{"confidence_interval":{"confidence_level":0.95,"lower_bound":310990082.38124996,"upper_bound":315742975.07},"point_estimate":313852734.85,"standard_error":1283158.5931301063},"median":{"confidence_interval":{"confidence_level":0.95,"lower_bound":313917739.0,"upper_bound":316004039.25},"point_estimate":314684232.25,"standard_error":560456.9624325777},"median_abs_dev":{"confidence_interval":{"confidence_level":0.95,"lower_bound":402244.56950873137,"upper_bound":3052294.5415109396},"point_estimate":1035755.8317616582,"standard_error":750135.5756601884},"slope":null,"std_dev":{"confidence_interval":{"confidence_level":0.95,"lower_bound":710591.709880899,"upper_bound":6495773.724110982},"point_estimate":4273204.364530902,"standard_error":1877731.2773333867}}