{"mean":{"confidence_interval":{"confidence_level":0.95,"lower_bound":279335246.95,"upper_bound":291640653.54875},"point_estimate":286132858.35,"standard_error":3084538.7860797686},"median":{"confidence_interval":{"confidence_level":0.95,"lower_bound":285631359.5,"upper_bound":289374194.75},"point_estimate":286884149.75,"standard_error":1095131.9018734486},"median_abs_dev":{"confidence_interval":{"confidence_level":0.95,"lower_bound":483682.674112916,"upper_bound":13012239.931936562},"point_estimate":1639067.273850739,"standard_error":2717490.7447413662},"slope":null,"std_dev":{"confidence_interval":{"confidence_level":0.95,"lower_bound":1086405.5199787,"upper_bound":15296134.096548246},"point_estimate":10225360.381889405,"standard_error":3763641.637836287}}