{"mean":{"confidence_interval":{"confidence_level":0.95,"lower_bound":285425580.2,"upper_bound":296407990.99},"point_estimate":291493509.05,"standard_error":2832827.607249002},"median":{"confidence_interval":{"confidence_level":0.95,"lower_bound":287522128.0,"upper_bound":298576552.5},"point_estimate":293577875.75,"standard_error":2921685.718900231},"median_abs_dev":{"confidence_interval":{"confidence_level":0.95,"lower_bound":1858350.8523076773,"upper_bound":13233714.793154597},"point_estimate":7831058.590520918,"standard_error":2836497.6395084425},"slope":null,"std_dev":{"confidence_interval":{"confidence_level":0.95,"lower_bound":3823938.6085871235,"upper_bound":13333485.403754031},"point_estimate":9463164.189515522,"standard_error":2810442.2045164253}}