{"mean":{"confidence_interval":{"confidence_level":0.95,"lower_bound":282579088.94500005,"upper_bound":285635090.175},"point_estimate":284102976.8,"standard_error":780866.103123462},"median":{"confidence_interval":{"confidence_level":0.95,"lower_bound":282319197.75,"upper_bound":286221164.25},"point_estimate":283857061.75,"standard_error":892772.3098200457},"median_abs_dev":{"confidence_interval":{"confidence_level":0.95,"lower_bound":511257.9216733575,"upper_bound":4619608.0537855625},"point_estimate":2092689.8628473282,"standard_error":1100911.792253197},"slope":null,"std_dev":{"confidence_interval":{"confidence_level":0.95,"lower_bound":1401582.790478314,"upper_bound":3353155.0127705354},"point_estimate":2601282.480050361,"standard_error":501561.6438671648}}