{"mean":{"confidence_interval":{"confidence_level":0.95,"lower_bound":829190.1655339106,"upper_bound":830818.4805930735},"point_estimate":830016.9162005773,"standard_error":417.5895197300915},"median":{"confidence_interval":{"confidence_level":0.95,"lower_bound":828902.1254545455,"upper_bound":831051.9186363637},"point_estimate":830218.9753968255,"standard_error":482.49464396491055},"median_abs_dev":{"confidence_interval":{"confidence_level":0.95,"lower_bound":266.3655586044876,"upper_bound":2426.686166099499},"point_estimate":1313.5545985887688,"standard_error":626.8407714105812},"slope":{"confidence_interval":{"confidence_level":0.95,"lower_bound":829883.9686674437,"upper_bound":830884.9222053234},"point_estimate":830336.4714757969,"standard_error":251.2235056795585},"std_dev":{"confidence_interval":{"confidence_level":0.95,"lower_bound":761.767552950462,"upper_bound":1768.6947791316443},"point_estimate":1390.441009344799,"standard_error":259.62176993778934}}