{"mean":{"confidence_interval":{"confidence_level":0.95,"lower_bound":448382954.53625,"upper_bound":449247659.85},"point_estimate":448808880.2,"standard_error":221695.00499469077},"median":{"confidence_interval":{"confidence_level":0.95,"lower_bound":447996832.0,"upper_bound":449358819.5},"point_estimate":448967277.5,"standard_error":360327.7771837246},"median_abs_dev":{"confidence_interval":{"confidence_level":0.95,"lower_bound":79940.30798077583,"upper_bound":1367389.7242739797},"point_estimate":857109.2066332698,"standard_error":336690.10149294825},"slope":null,"std_dev":{"confidence_interval":{"confidence_level":0.95,"lower_bound":454749.58563162084,"upper_bound":909418.5672339544},"point_estimate":737384.141412632,"standard_error":118817.69764781526}}