{"mean":{"confidence_interval":{"confidence_level":0.95,"lower_bound":442292127.35,"upper_bound":443833061.9},"point_estimate":442971740.75,"standard_error":398198.7165916323},"median":{"confidence_interval":{"confidence_level":0.95,"lower_bound":442179751.25,"upper_bound":443305290.0},"point_estimate":442741917.75,"standard_error":299538.4353358346},"median_abs_dev":{"confidence_interval":{"confidence_level":0.95,"lower_bound":104322.03519791365,"upper_bound":1665006.4723402262},"point_estimate":642772.6936385036,"standard_error":374808.4811977379},"slope":null,"std_dev":{"confidence_interval":{"confidence_level":0.95,"lower_bound":419736.59067533084,"upper_bound":1916346.2885191336},"point_estimate":1328708.231969897,"standard_error":439249.50694330165}}