{"mean":{"confidence_interval":{"confidence_level":0.95,"lower_bound":19604.785548389857,"upper_bound":19637.65891426253},"point_estimate":19618.286884717338,"standard_error":8.717258766187234},"median":{"confidence_interval":{"confidence_level":0.95,"lower_bound":19604.49837856987,"upper_bound":19621.934772182256},"point_estimate":19609.632053664427,"standard_error":4.537213506188088},"median_abs_dev":{"confidence_interval":{"confidence_level":0.95,"lower_bound":0.3161092369941146,"upper_bound":27.09776644901372},"point_estimate":8.994843862545064,"standard_error":6.713262581262014},"slope":{"confidence_interval":{"confidence_level":0.95,"lower_bound":19607.47819683647,"upper_bound":19640.521497730922},"point_estimate":19619.17062052837,"standard_error":8.814894552701142},"std_dev":{"confidence_interval":{"confidence_level":0.95,"lower_bound":6.153153892828797,"upper_bound":43.49339079248494},"point_estimate":29.116928456724548,"standard_error":11.69462012540191}}