{"mean":{"confidence_interval":{"confidence_level":0.95,"lower_bound":-0.041616101875806034,"upper_bound":-0.004747707336431619},"point_estimate":-0.021879471636274572,"standard_error":0.009413230692208606},"median":{"confidence_interval":{"confidence_level":0.95,"lower_bound":-0.011732996139607023,"upper_bound":0.00005166438336234869},"point_estimate":-0.005084806587791979,"standard_error":0.0031988463647164293}}