{"mean":{"confidence_interval":{"confidence_level":0.95,"lower_bound":0.008913575067364933,"upper_bound":0.02736960428436267},"point_estimate":0.017849705561175266,"standard_error":0.004697842031196876},"median":{"confidence_interval":{"confidence_level":0.95,"lower_bound":0.027202437992630335,"upper_bound":0.03841990026449826},"point_estimate":0.03307868481178122,"standard_error":0.0035956558031854375}}