{"mean":{"confidence_interval":{"confidence_level":0.95,"lower_bound":-0.04261817837187689,"upper_bound":-0.021133358560653175},"point_estimate":-0.031353628074007545,"standard_error":0.005484556327671532},"median":{"confidence_interval":{"confidence_level":0.95,"lower_bound":-0.032875413773418787,"upper_bound":-0.013376371713054197},"point_estimate":-0.02299550577056264,"standard_error":0.004968561674403312}}