{"mean":{"confidence_interval":{"confidence_level":0.95,"lower_bound":-0.044959711904038184,"upper_bound":-0.025585831735566143},"point_estimate":-0.03414425300363366,"standard_error":0.004980949955090882},"median":{"confidence_interval":{"confidence_level":0.95,"lower_bound":-0.036848688648646565,"upper_bound":-0.028895463415495648},"point_estimate":-0.03367718377392037,"standard_error":0.002060770514050825}}