{"mean":{"confidence_interval":{"confidence_level":0.95,"lower_bound":29625.390259905933,"upper_bound":29667.9706532065},"point_estimate":29644.118175060652,"standard_error":11.00618450822336},"median":{"confidence_interval":{"confidence_level":0.95,"lower_bound":29623.02030495169,"upper_bound":29660.761627140975},"point_estimate":29635.242577953446,"standard_error":8.86667934759006},"median_abs_dev":{"confidence_interval":{"confidence_level":0.95,"lower_bound":5.210505474030183,"upper_bound":45.682908181062714},"point_estimate":19.41317390353539,"standard_error":11.301247707163498},"slope":{"confidence_interval":{"confidence_level":0.95,"lower_bound":29628.981270552184,"upper_bound":29696.81175740746},"point_estimate":29662.553090190442,"standard_error":17.702371538881707},"std_dev":{"confidence_interval":{"confidence_level":0.95,"lower_bound":12.31380880371066,"upper_bound":52.79357459254347},"point_estimate":36.75708386312267,"standard_error":12.053951326106848}}