{"mean":{"confidence_interval":{"confidence_level":0.95,"lower_bound":467873.5020599689,"upper_bound":469117.07978309866},"point_estimate":468463.47575529816,"standard_error":316.9553855620189},"median":{"confidence_interval":{"confidence_level":0.95,"lower_bound":467616.60779436154,"upper_bound":468160.075},"point_estimate":467854.49561654276,"standard_error":144.6404043781592},"median_abs_dev":{"confidence_interval":{"confidence_level":0.95,"lower_bound":1034.520494175416,"upper_bound":2267.813159738276},"point_estimate":1515.7542914196385,"standard_error":315.1937843103829},"slope":{"confidence_interval":{"confidence_level":0.95,"lower_bound":466496.68739828357,"upper_bound":467805.17187049775},"point_estimate":467122.9788483326,"standard_error":335.2103973383995},"std_dev":{"confidence_interval":{"confidence_level":0.95,"lower_bound":2347.814209893486,"upper_bound":3957.6380826354057},"point_estimate":3183.762939324167,"standard_error":413.3360195230036}}