{"mean":{"confidence_interval":{"confidence_level":0.95,"lower_bound":338082.8683587521,"upper_bound":341092.83832487883},"point_estimate":339570.331618212,"standard_error":770.039673900196},"median":{"confidence_interval":{"confidence_level":0.95,"lower_bound":338341.2156862745,"upper_bound":340672.32411674346},"point_estimate":339291.07368421054,"standard_error":539.0985317395157},"median_abs_dev":{"confidence_interval":{"confidence_level":0.95,"lower_bound":3645.346901671038,"upper_bound":7482.611467157071},"point_estimate":5292.470735095824,"standard_error":986.7597596224324},"slope":{"confidence_interval":{"confidence_level":0.95,"lower_bound":340635.8046522199,"upper_bound":344191.45575978333},"point_estimate":342382.98775232746,"standard_error":909.6075826248073},"std_dev":{"confidence_interval":{"confidence_level":0.95,"lower_bound":6392.246455205576,"upper_bound":9219.321140672128},"point_estimate":7769.330141189778,"standard_error":730.1232670947742}}