{"mean":{"confidence_interval":{"confidence_level":0.95,"lower_bound":442389.9367475321,"upper_bound":445431.6148821065},"point_estimate":443916.46157011954,"standard_error":774.1242137842565},"median":{"confidence_interval":{"confidence_level":0.95,"lower_bound":438167.19492219493,"upper_bound":449414.39130434784},"point_estimate":445318.4166666666,"standard_error":4341.652116883995},"median_abs_dev":{"confidence_interval":{"confidence_level":0.95,"lower_bound":4826.2646552916685,"upper_bound":12089.134056670326},"point_estimate":10920.222406318733,"standard_error":1986.5183769591076},"slope":{"confidence_interval":{"confidence_level":0.95,"lower_bound":443318.89548576385,"upper_bound":447377.4566686127},"point_estimate":445387.7993054529,"standard_error":1035.9162873385308},"std_dev":{"confidence_interval":{"confidence_level":0.95,"lower_bound":7253.161381708696,"upper_bound":8269.70497819878},"point_estimate":7787.738317568018,"standard_error":259.24389260687644}}