{"mean":{"confidence_interval":{"confidence_level":0.95,"lower_bound":0.002479530726018258,"upper_bound":0.08550204890482516},"point_estimate":0.0402971114506554,"standard_error":0.02156785028430197},"median":{"confidence_interval":{"confidence_level":0.95,"lower_bound":-0.013088603459988635,"upper_bound":0.09734937434623636},"point_estimate":0.030092787276600585,"standard_error":0.024869164002484068}}