{"mean":{"confidence_interval":{"confidence_level":0.95,"lower_bound":-0.1316379598803877,"upper_bound":-0.03769121764212077},"point_estimate":-0.08212767486462047,"standard_error":0.024102039802192703},"median":{"confidence_interval":{"confidence_level":0.95,"lower_bound":-0.11298180596371221,"upper_bound":-0.01936714480152335},"point_estimate":-0.07052778995947784,"standard_error":0.024398440147081996}}