{"mean":{"confidence_interval":{"confidence_level":0.95,"lower_bound":-0.042588975210771735,"upper_bound":0.061276458063432376},"point_estimate":0.005828649267778596,"standard_error":0.026845326803156416},"median":{"confidence_interval":{"confidence_level":0.95,"lower_bound":-0.07172656797272114,"upper_bound":0.08389700992619997},"point_estimate":0.0015329062648052894,"standard_error":0.043346125194915555}}