{"mean":{"confidence_interval":{"confidence_level":0.95,"lower_bound":0.14184291153542275,"upper_bound":0.2535355603461844},"point_estimate":0.1951442737560245,"standard_error":0.028534079353783902},"median":{"confidence_interval":{"confidence_level":0.95,"lower_bound":0.1115020858106417,"upper_bound":0.26610985087649963},"point_estimate":0.15583522775326442,"standard_error":0.04185615942643205}}