{"mean":{"confidence_interval":{"confidence_level":0.95,"lower_bound":-0.31653107094740845,"upper_bound":-0.2567837344459868},"point_estimate":-0.28796761284012395,"standard_error":0.015291849812231379},"median":{"confidence_interval":{"confidence_level":0.95,"lower_bound":-0.3343834869302277,"upper_bound":-0.23399683718070574},"point_estimate":-0.2921194187801802,"standard_error":0.02536574742021251}}