{"mean":{"confidence_interval":{"confidence_level":0.95,"lower_bound":0.042926019926121106,"upper_bound":0.10573775735576213},"point_estimate":0.07278926948637632,"standard_error":0.01603297026145815},"median":{"confidence_interval":{"confidence_level":0.95,"lower_bound":0.0268714745703591,"upper_bound":0.10741112131567365},"point_estimate":0.04584639357451192,"standard_error":0.02275500931133571}}