{"mean":{"confidence_interval":{"confidence_level":0.95,"lower_bound":27925237.43175,"upper_bound":27999679.013},"point_estimate":27960935.26,"standard_error":18978.143787339937},"median":{"confidence_interval":{"confidence_level":0.95,"lower_bound":27893010.0,"upper_bound":27957402.0},"point_estimate":27920672.0,"standard_error":17265.499279247244},"median_abs_dev":{"confidence_interval":{"confidence_level":0.95,"lower_bound":104793.13133955002,"upper_bound":193096.78577184677},"point_estimate":131602.2453635931,"standard_error":21586.962425474907},"slope":null,"std_dev":{"confidence_interval":{"confidence_level":0.95,"lower_bound":142904.90536770964,"upper_bound":237894.4685292926},"point_estimate":190337.77362095585,"standard_error":24564.017903606542}}