{"mean":{"confidence_interval":{"confidence_level":0.95,"lower_bound":25204878.8395,"upper_bound":25307796.197125},"point_estimate":25253903.105,"standard_error":26319.67015599486},"median":{"confidence_interval":{"confidence_level":0.95,"lower_bound":25150889.5,"upper_bound":25248913.75},"point_estimate":25193235.0,"standard_error":25224.544943610155},"median_abs_dev":{"confidence_interval":{"confidence_level":0.95,"lower_bound":158270.51239013672,"upper_bound":286045.42592167854},"point_estimate":231409.76364165545,"standard_error":31493.753280262445},"slope":null,"std_dev":{"confidence_interval":{"confidence_level":0.95,"lower_bound":194773.88794629145,"upper_bound":344563.7006527296},"point_estimate":264277.88706846087,"standard_error":40895.81045037701}}