{"mean":{"confidence_interval":{"confidence_level":0.95,"lower_bound":26259660.582875,"upper_bound":26501667.215749998},"point_estimate":26373922.39,"standard_error":61921.858192518186},"median":{"confidence_interval":{"confidence_level":0.95,"lower_bound":26078301.5,"upper_bound":26360653.0},"point_estimate":26225080.0,"standard_error":67912.16638542378},"median_abs_dev":{"confidence_interval":{"confidence_level":0.95,"lower_bound":313453.8809850812,"upper_bound":556928.3019125462},"point_estimate":427414.66926187277,"standard_error":61933.94585212636},"slope":null,"std_dev":{"confidence_interval":{"confidence_level":0.95,"lower_bound":446104.27136260143,"upper_bound":813653.7851334186},"point_estimate":624455.0670617089,"standard_error":97428.57023019643}}