{"mean":{"confidence_interval":{"confidence_level":0.95,"lower_bound":867499752.8375001,"upper_bound":870382616.06},"point_estimate":868784471.9,"standard_error":742330.0653524889},"median":{"confidence_interval":{"confidence_level":0.95,"lower_bound":866785415.0,"upper_bound":869797759.0},"point_estimate":868275900.0,"standard_error":798390.1680305987},"median_abs_dev":{"confidence_interval":{"confidence_level":0.95,"lower_bound":310944.20987963676,"upper_bound":3587576.8838077784},"point_estimate":2155772.2678273916,"standard_error":799846.9839732087},"slope":null,"std_dev":{"confidence_interval":{"confidence_level":0.95,"lower_bound":1040662.5127224742,"upper_bound":3505927.8110710485},"point_estimate":2474514.692674031,"standard_error":739594.4351608563}}