{"mean":{"confidence_interval":{"confidence_level":0.95,"lower_bound":861963069.2,"upper_bound":863889954.7},"point_estimate":862907113.5,"standard_error":492795.7637776101},"median":{"confidence_interval":{"confidence_level":0.95,"lower_bound":861686069.5,"upper_bound":863807024.0},"point_estimate":862828448.0,"standard_error":485394.6702255984},"median_abs_dev":{"confidence_interval":{"confidence_level":0.95,"lower_bound":323082.2558641434,"upper_bound":2778296.7229753733},"point_estimate":1114339.9314165115,"standard_error":656262.3032403032},"slope":null,"std_dev":{"confidence_interval":{"confidence_level":0.95,"lower_bound":766961.1320310828,"upper_bound":2190986.1892360775},"point_estimate":1642738.29532821,"standard_error":365663.00146772945}}