{"mean":{"confidence_interval":{"confidence_level":0.95,"lower_bound":855151987.5875,"upper_bound":856329501.5},"point_estimate":855749937.5,"standard_error":301242.37423368293},"median":{"confidence_interval":{"confidence_level":0.95,"lower_bound":854966815.5,"upper_bound":856430826.5},"point_estimate":855921807.0,"standard_error":378457.8499115566},"median_abs_dev":{"confidence_interval":{"confidence_level":0.95,"lower_bound":156949.5158135891,"upper_bound":1669979.853951931},"point_estimate":935308.5715949535,"standard_error":385568.34526457044},"slope":null,"std_dev":{"confidence_interval":{"confidence_level":0.95,"lower_bound":526987.2431226175,"upper_bound":1297022.460955001},"point_estimate":1002021.2466122053,"standard_error":197208.56265754468}}