{"mean":{"confidence_interval":{"confidence_level":0.95,"lower_bound":867363227.125,"upper_bound":871452694.2},"point_estimate":869462696.9,"standard_error":1048332.766611899},"median":{"confidence_interval":{"confidence_level":0.95,"lower_bound":866587699.0,"upper_bound":872223804.0},"point_estimate":869820840.5,"standard_error":1408151.258397315},"median_abs_dev":{"confidence_interval":{"confidence_level":0.95,"lower_bound":816750.9820997715,"upper_bound":6427384.455791116},"point_estimate":3906630.915543437,"standard_error":1418598.1675446667},"slope":null,"std_dev":{"confidence_interval":{"confidence_level":0.95,"lower_bound":1922761.5310588393,"upper_bound":4296552.17748184},"point_estimate":3497255.597872247,"standard_error":596051.1521497004}}