{"mean":{"confidence_interval":{"confidence_level":0.95,"lower_bound":525407196.7675,"upper_bound":535948816.4},"point_estimate":530563750.4,"standard_error":2704553.068848557},"median":{"confidence_interval":{"confidence_level":0.95,"lower_bound":522421206.0,"upper_bound":537454483.5},"point_estimate":529930054.5,"standard_error":4762241.591045924},"median_abs_dev":{"confidence_interval":{"confidence_level":0.95,"lower_bound":1767983.41871202,"upper_bound":15415021.880328655},"point_estimate":11116627.265140414,"standard_error":3526112.6579501806},"slope":null,"std_dev":{"confidence_interval":{"confidence_level":0.95,"lower_bound":5614470.738665296,"upper_bound":11022943.846961843},"point_estimate":8996664.871576963,"standard_error":1412076.095424716}}