{"mean":{"confidence_interval":{"confidence_level":0.95,"lower_bound":883368330.6875,"upper_bound":885951837.3},"point_estimate":884522250.2,"standard_error":663269.2381081594},"median":{"confidence_interval":{"confidence_level":0.95,"lower_bound":882988459.5,"upper_bound":886079894.0},"point_estimate":883361991.0,"standard_error":877660.8595981797},"median_abs_dev":{"confidence_interval":{"confidence_level":0.95,"lower_bound":103210.45586764812,"upper_bound":3610769.9364960194},"point_estimate":710809.5770806074,"standard_error":963215.5319216987},"slope":null,"std_dev":{"confidence_interval":{"confidence_level":0.95,"lower_bound":782557.2963399763,"upper_bound":3042579.4846323547},"point_estimate":2208300.252336514,"standard_error":619640.7002651078}}