{"mean":{"confidence_interval":{"confidence_level":0.95,"lower_bound":871342704.2,"upper_bound":874533935.6925},"point_estimate":872837810.1,"standard_error":816753.1497876188},"median":{"confidence_interval":{"confidence_level":0.95,"lower_bound":870851394.5,"upper_bound":874480375.5},"point_estimate":872048917.5,"standard_error":892994.1864618525},"median_abs_dev":{"confidence_interval":{"confidence_level":0.95,"lower_bound":362153.95427048206,"upper_bound":4508329.2888611555},"point_estimate":2194253.8914442062,"standard_error":1096029.1611191311},"slope":null,"std_dev":{"confidence_interval":{"confidence_level":0.95,"lower_bound":1193801.856199186,"upper_bound":3549285.2521608323},"point_estimate":2727350.145556364,"standard_error":606996.4559579063}}