{"mean":{"confidence_interval":{"confidence_level":0.95,"lower_bound":1752054.9594241418,"upper_bound":1787229.0498975636},"point_estimate":1767753.1266629756,"standard_error":9084.072013962757},"median":{"confidence_interval":{"confidence_level":0.95,"lower_bound":1749251.8488372094,"upper_bound":1783832.6208010335},"point_estimate":1758380.4197674417,"standard_error":7720.443680728712},"median_abs_dev":{"confidence_interval":{"confidence_level":0.95,"lower_bound":2047.995630617718,"upper_bound":42419.09596202657},"point_estimate":16533.051554851496,"standard_error":9923.44594217088},"slope":{"confidence_interval":{"confidence_level":0.95,"lower_bound":1752461.7565891473,"upper_bound":1811999.4446267816},"point_estimate":1786047.5690727876,"standard_error":16011.427965323712},"std_dev":{"confidence_interval":{"confidence_level":0.95,"lower_bound":8083.430046989509,"upper_bound":40436.08329636808},"point_estimate":30261.75256372895,"standard_error":8529.144843664291}}