{"mean":{"confidence_interval":{"confidence_level":0.95,"lower_bound":867493529.6,"upper_bound":869041418.2325001},"point_estimate":868212928.1,"standard_error":396253.2329288501},"median":{"confidence_interval":{"confidence_level":0.95,"lower_bound":867047637.0,"upper_bound":868964106.5},"point_estimate":868023567.0,"standard_error":411597.3257427386},"median_abs_dev":{"confidence_interval":{"confidence_level":0.95,"lower_bound":87213.20215165615,"upper_bound":2102694.4474697113},"point_estimate":1139016.325378418,"standard_error":535978.590280238},"slope":null,"std_dev":{"confidence_interval":{"confidence_level":0.95,"lower_bound":612567.9118443385,"upper_bound":1785501.7894201681},"point_estimate":1319717.7383319046,"standard_error":326673.49437973497}}