{"mean":{"confidence_interval":{"confidence_level":0.95,"lower_bound":-0.07713376644630647,"upper_bound":-0.06297592873052074},"point_estimate":-0.0702322041212654,"standard_error":0.0036183615977021114},"median":{"confidence_interval":{"confidence_level":0.95,"lower_bound":-0.07315151822061683,"upper_bound":-0.0671172675330507},"point_estimate":-0.06966563777453227,"standard_error":0.0015434280154285242}}