{"mean":{"confidence_interval":{"confidence_level":0.95,"lower_bound":-0.06527515450819461,"upper_bound":-0.0566645338937739},"point_estimate":-0.061152291476716414,"standard_error":0.002211921797685596},"median":{"confidence_interval":{"confidence_level":0.95,"lower_bound":-0.0684696170766923,"upper_bound":-0.05463615059108595},"point_estimate":-0.06411714842171257,"standard_error":0.003613298207959098}}