{"mean":{"confidence_interval":{"confidence_level":0.95,"lower_bound":-0.035976401819463544,"upper_bound":0.006002398166311422},"point_estimate":-0.019681007943741946,"standard_error":0.011388452300732576},"median":{"confidence_interval":{"confidence_level":0.95,"lower_bound":-0.04122809905129232,"upper_bound":-0.019193909228273465},"point_estimate":-0.029243388086066302,"standard_error":0.006263146127912631}}