{"mean":{"confidence_interval":{"confidence_level":0.95,"lower_bound":0.13797147101553625,"upper_bound":0.16511947971026641},"point_estimate":0.15086197241642973,"standard_error":0.006869215887683092},"median":{"confidence_interval":{"confidence_level":0.95,"lower_bound":0.13907637870550182,"upper_bound":0.15742775791414232},"point_estimate":0.15066030092801652,"standard_error":0.00541532821395567}}