{"mean":{"confidence_interval":{"confidence_level":0.95,"lower_bound":141255234.49186605,"upper_bound":143640107.64861113},"point_estimate":142459443.77242061,"standard_error":606224.6231355822},"median":{"confidence_interval":{"confidence_level":0.95,"lower_bound":141044957.5375,"upper_bound":143858774.5833333},"point_estimate":142316332.45555556,"standard_error":650580.564642617},"median_abs_dev":{"confidence_interval":{"confidence_level":0.95,"lower_bound":75587.7445163728,"upper_bound":3609863.67255211},"point_estimate":1771279.2384535074,"standard_error":941110.5316461832},"slope":{"confidence_interval":{"confidence_level":0.95,"lower_bound":140793822.18272972,"upper_bound":142927798.86835107},"point_estimate":141979644.11168832,"standard_error":532905.2506973487},"std_dev":{"confidence_interval":{"confidence_level":0.95,"lower_bound":1082145.897385095,"upper_bound":2590440.025291632},"point_estimate":2024575.6074162766,"standard_error":387063.7894605917}}