{"mean":{"confidence_interval":{"confidence_level":0.95,"lower_bound":181427633.5725,"upper_bound":183843586.52138886},"point_estimate":182651992.30694446,"standard_error":617165.1370180108},"median":{"confidence_interval":{"confidence_level":0.95,"lower_bound":180916796.6875,"upper_bound":184272810.975},"point_estimate":182742324.55555555,"standard_error":714578.142130463},"median_abs_dev":{"confidence_interval":{"confidence_level":0.95,"lower_bound":447200.7072106004,"upper_bound":3798740.8737813593},"point_estimate":1351245.544900605,"standard_error":876862.2932256262},"slope":{"confidence_interval":{"confidence_level":0.95,"lower_bound":181371520.0659822,"upper_bound":184606731.7251732},"point_estimate":183219298.1142857,"standard_error":832746.4956600236},"std_dev":{"confidence_interval":{"confidence_level":0.95,"lower_bound":1095325.3353143116,"upper_bound":2633619.1310670916},"point_estimate":2060102.9649333297,"standard_error":395689.54257569887}}