{"mean":{"confidence_interval":{"confidence_level":0.95,"lower_bound":12162231.737500003,"upper_bound":12190507.558650002},"point_estimate":12176146.302000001,"standard_error":7198.136850205173},"median":{"confidence_interval":{"confidence_level":0.95,"lower_bound":12155678.6,"upper_bound":12191801.0},"point_estimate":12166924.9,"standard_error":8296.119198416003},"median_abs_dev":{"confidence_interval":{"confidence_level":0.95,"lower_bound":53419.114871620026,"upper_bound":86567.67812311594},"point_estimate":67896.55535459463,"standard_error":8451.246690686676},"slope":null,"std_dev":{"confidence_interval":{"confidence_level":0.95,"lower_bound":58879.39080763395,"upper_bound":85098.29976423213},"point_estimate":72293.80506123268,"standard_error":6715.128285899633}}