{"mean":{"confidence_interval":{"confidence_level":0.95,"lower_bound":11114867.72365,"upper_bound":11210245.300499994},"point_estimate":11161397.675999999,"standard_error":24313.51856570718},"median":{"confidence_interval":{"confidence_level":0.95,"lower_bound":11059130.5,"upper_bound":11201423.4},"point_estimate":11099837.100000001,"standard_error":33042.06827859065},"median_abs_dev":{"confidence_interval":{"confidence_level":0.95,"lower_bound":185352.72132933306,"upper_bound":278919.50188618846},"point_estimate":232590.58039069065,"standard_error":23660.471781087526},"slope":null,"std_dev":{"confidence_interval":{"confidence_level":0.95,"lower_bound":202541.93236611725,"upper_bound":283001.93193021364},"point_estimate":244161.64958559608,"standard_error":20583.023494637237}}