{"mean":{"confidence_interval":{"confidence_level":0.95,"lower_bound":13830053.264562499,"upper_bound":13869861.535875},"point_estimate":13849890.34,"standard_error":10164.644037946708},"median":{"confidence_interval":{"confidence_level":0.95,"lower_bound":13820954.75,"upper_bound":13869545.0},"point_estimate":13847854.75,"standard_error":11974.792500653251},"median_abs_dev":{"confidence_interval":{"confidence_level":0.95,"lower_bound":73312.15947344899,"upper_bound":120583.19170922041},"point_estimate":90408.39041993022,"standard_error":12383.425926369257},"slope":null,"std_dev":{"confidence_interval":{"confidence_level":0.95,"lower_bound":87316.45023923418,"upper_bound":115800.24766904568},"point_estimate":102191.1607186732,"standard_error":7278.244219028037}}