{"mean":{"confidence_interval":{"confidence_level":0.95,"lower_bound":604864841.2524999,"upper_bound":609828888.0525},"point_estimate":607379016.8,"standard_error":1271607.7874282852},"median":{"confidence_interval":{"confidence_level":0.95,"lower_bound":603756802.0,"upper_bound":611275569.0},"point_estimate":607332533.0,"standard_error":2290763.0228606397},"median_abs_dev":{"confidence_interval":{"confidence_level":0.95,"lower_bound":545534.5211148262,"upper_bound":7002366.377583146},"point_estimate":5438227.111852169,"standard_error":1637853.487670714},"slope":null,"std_dev":{"confidence_interval":{"confidence_level":0.95,"lower_bound":2703893.6970284004,"upper_bound":5116956.063120559},"point_estimate":4239221.276958771,"standard_error":624398.3395789474}}