{"mean":{"confidence_interval":{"confidence_level":0.95,"lower_bound":517414184.1775,"upper_bound":527021374.9},"point_estimate":521898794.1,"standard_error":2439941.623073706},"median":{"confidence_interval":{"confidence_level":0.95,"lower_bound":517825995.5,"upper_bound":524592190.0},"point_estimate":520712159.0,"standard_error":1860743.8617601956},"median_abs_dev":{"confidence_interval":{"confidence_level":0.95,"lower_bound":320698.97640645504,"upper_bound":12066572.063675523},"point_estimate":5431834.882065654,"standard_error":2768412.714895478},"slope":null,"std_dev":{"confidence_interval":{"confidence_level":0.95,"lower_bound":2392076.9064363246,"upper_bound":11761564.888810653},"point_estimate":8131102.986835432,"standard_error":2441034.4086683174}}