{"mean":{"confidence_interval":{"confidence_level":0.95,"lower_bound":624515129.0200001,"upper_bound":640891120.7},"point_estimate":632610694.0,"standard_error":4198166.146533504},"median":{"confidence_interval":{"confidence_level":0.95,"lower_bound":622815896.5,"upper_bound":643208040.0},"point_estimate":630421043.5,"standard_error":5202661.365393911},"median_abs_dev":{"confidence_interval":{"confidence_level":0.95,"lower_bound":3281970.7751333714,"upper_bound":23284245.930022},"point_estimate":14225790.63514173,"standard_error":5319695.916761625},"slope":null,"std_dev":{"confidence_interval":{"confidence_level":0.95,"lower_bound":7348456.319502439,"upper_bound":18131967.31531821},"point_estimate":13968126.34853047,"standard_error":2761490.0637079575}}