{"mean":{"confidence_interval":{"confidence_level":0.95,"lower_bound":633952923.4,"upper_bound":636901286.7},"point_estimate":635403635.2,"standard_error":757399.0715597756},"median":{"confidence_interval":{"confidence_level":0.95,"lower_bound":633351336.0,"upper_bound":637318494.0},"point_estimate":635184056.5,"standard_error":968429.437972374},"median_abs_dev":{"confidence_interval":{"confidence_level":0.95,"lower_bound":621618.586564064,"upper_bound":4566070.627436042},"point_estimate":2693638.781878352,"standard_error":1001220.433387189},"slope":null,"std_dev":{"confidence_interval":{"confidence_level":0.95,"lower_bound":1407963.2073075906,"upper_bound":3135732.928658649},"point_estimate":2523586.2664490785,"standard_error":438745.5987603836}}