{"mean":{"confidence_interval":{"confidence_level":0.95,"lower_bound":466536874.9,"upper_bound":474205748.5},"point_estimate":469931549.7,"standard_error":1982574.425751244},"median":{"confidence_interval":{"confidence_level":0.95,"lower_bound":464986560.0,"upper_bound":472945677.0},"point_estimate":467898502.5,"standard_error":2245369.801955194},"median_abs_dev":{"confidence_interval":{"confidence_level":0.95,"lower_bound":916698.235425353,"upper_bound":9639596.678262949},"point_estimate":4819798.3391314745,"standard_error":2179461.6672876426},"slope":null,"std_dev":{"confidence_interval":{"confidence_level":0.95,"lower_bound":2598636.759361272,"upper_bound":9252959.848833222},"point_estimate":6587608.390656356,"standard_error":1937870.1969659752}}