{"mean":{"confidence_interval":{"confidence_level":0.95,"lower_bound":598362461.7,"upper_bound":603667122.8},"point_estimate":600821662.3,"standard_error":1357915.05316368},"median":{"confidence_interval":{"confidence_level":0.95,"lower_bound":596868264.0,"upper_bound":603525113.5},"point_estimate":600451676.0,"standard_error":1783337.7512783378},"median_abs_dev":{"confidence_interval":{"confidence_level":0.95,"lower_bound":850162.8551065922,"upper_bound":7625400.105822086},"point_estimate":4548346.144750714,"standard_error":1682199.2583041727},"slope":null,"std_dev":{"confidence_interval":{"confidence_level":0.95,"lower_bound":2233655.9909538543,"upper_bound":6067956.925604489},"point_estimate":4521184.428457807,"standard_error":1083716.0824109332}}