{"mean":{"confidence_interval":{"confidence_level":0.95,"lower_bound":567940113.8125,"upper_bound":574526649.2},"point_estimate":570746251.3,"standard_error":1713880.3343346086},"median":{"confidence_interval":{"confidence_level":0.95,"lower_bound":567239917.0,"upper_bound":572318165.0},"point_estimate":569922883.0,"standard_error":1407229.3109473935},"median_abs_dev":{"confidence_interval":{"confidence_level":0.95,"lower_bound":937180.3540617228,"upper_bound":6459572.442519665},"point_estimate":3650327.186393738,"standard_error":1389187.9751529503},"slope":null,"std_dev":{"confidence_interval":{"confidence_level":0.95,"lower_bound":1864058.3863763588,"upper_bound":8352525.3830229575},"point_estimate":5693024.400574191,"standard_error":2015902.2886498063}}