{"mean":{"confidence_interval":{"confidence_level":0.95,"lower_bound":579000119.2,"upper_bound":585398587.7},"point_estimate":582106938.3,"standard_error":1638936.3429526337},"median":{"confidence_interval":{"confidence_level":0.95,"lower_bound":578558279.0,"upper_bound":587511119.0},"point_estimate":581289265.0,"standard_error":1886103.6901208416},"median_abs_dev":{"confidence_interval":{"confidence_level":0.95,"lower_bound":235255.99862337112,"upper_bound":9751629.345273972},"point_estimate":5050438.262736797,"standard_error":2740675.5090141315},"slope":null,"std_dev":{"confidence_interval":{"confidence_level":0.95,"lower_bound":2813443.3922667634,"upper_bound":7029797.40321347},"point_estimate":5470403.533686808,"standard_error":1065607.1756893075}}