{"mean":{"confidence_interval":{"confidence_level":0.95,"lower_bound":593335704.0,"upper_bound":602360394.7},"point_estimate":597640274.2,"standard_error":2309165.0088969474},"median":{"confidence_interval":{"confidence_level":0.95,"lower_bound":590650780.0,"upper_bound":603256640.5},"point_estimate":597983376.5,"standard_error":2561139.763516221},"median_abs_dev":{"confidence_interval":{"confidence_level":0.95,"lower_bound":731395.4777151346,"upper_bound":13800590.59959054},"point_estimate":7174974.373018742,"standard_error":4002503.685733023},"slope":null,"std_dev":{"confidence_interval":{"confidence_level":0.95,"lower_bound":4008999.7744166176,"upper_bound":9846937.48907228},"point_estimate":7683025.728737977,"standard_error":1543643.349837547}}