{"mean":{"confidence_interval":{"confidence_level":0.95,"lower_bound":641158207.48,"upper_bound":654166329.195},"point_estimate":647844408.1,"standard_error":3326903.4682601835},"median":{"confidence_interval":{"confidence_level":0.95,"lower_bound":639369688.0,"upper_bound":656524760.0},"point_estimate":648907992.0,"standard_error":4122967.238754764},"median_abs_dev":{"confidence_interval":{"confidence_level":0.95,"lower_bound":2412131.594476104,"upper_bound":18435101.007011533},"point_estimate":12209699.299934506,"standard_error":4294843.706227932},"slope":null,"std_dev":{"confidence_interval":{"confidence_level":0.95,"lower_bound":5978251.0194047615,"upper_bound":14322620.999958038},"point_estimate":11108619.711133067,"standard_error":2166513.485790453}}