{"mean":{"confidence_interval":{"confidence_level":0.95,"lower_bound":618504929.7175,"upper_bound":629302019.7925},"point_estimate":623738746.6,"standard_error":2769541.9198658876},"median":{"confidence_interval":{"confidence_level":0.95,"lower_bound":616558870.0,"upper_bound":634119450.0},"point_estimate":619418398.5,"standard_error":5366650.994219905},"median_abs_dev":{"confidence_interval":{"confidence_level":0.95,"lower_bound":1293945.0574278831,"upper_bound":14106919.475752115},"point_estimate":7908463.28189671,"standard_error":3906152.8003393994},"slope":null,"std_dev":{"confidence_interval":{"confidence_level":0.95,"lower_bound":5851833.05061582,"upper_bound":10533150.675568013},"point_estimate":9224728.47346378,"standard_error":1207861.7568868066}}