{"mean":{"confidence_interval":{"confidence_level":0.95,"lower_bound":625077751.375,"upper_bound":629765896.95},"point_estimate":627629916.5,"standard_error":1208868.8708103963},"median":{"confidence_interval":{"confidence_level":0.95,"lower_bound":625518831.0,"upper_bound":630465098.0},"point_estimate":628940158.5,"standard_error":1430980.7700880093},"median_abs_dev":{"confidence_interval":{"confidence_level":0.95,"lower_bound":591670.0670957565,"upper_bound":6121527.787721157},"point_estimate":2809063.6376291513,"standard_error":1413586.0534921952},"slope":null,"std_dev":{"confidence_interval":{"confidence_level":0.95,"lower_bound":1712629.401989091,"upper_bound":5481381.43502788},"point_estimate":4029277.297466776,"standard_error":1064255.7628190988}}