{"mean":{"confidence_interval":{"confidence_level":0.95,"lower_bound":591991780.09,"upper_bound":621596962.9},"point_estimate":605422238.6,"standard_error":7575408.120534632},"median":{"confidence_interval":{"confidence_level":0.95,"lower_bound":586582208.5,"upper_bound":621532840.0},"point_estimate":592583867.5,"standard_error":11722902.886439685},"median_abs_dev":{"confidence_interval":{"confidence_level":0.95,"lower_bound":671501.403978467,"upper_bound":46856922.78932333},"point_estimate":9864326.958373189,"standard_error":12318006.721017357},"slope":null,"std_dev":{"confidence_interval":{"confidence_level":0.95,"lower_bound":11043526.200510632,"upper_bound":34396982.12335757},"point_estimate":25206279.4254793,"standard_error":6540469.939067585}}