{"mean":{"confidence_interval":{"confidence_level":0.95,"lower_bound":568587774.1,"upper_bound":573197186.89},"point_estimate":570865898.6,"standard_error":1185704.628308461},"median":{"confidence_interval":{"confidence_level":0.95,"lower_bound":567119711.0,"upper_bound":574425018.0},"point_estimate":570862952.0,"standard_error":2347866.6953033693},"median_abs_dev":{"confidence_interval":{"confidence_level":0.95,"lower_bound":654926.6775727272,"upper_bound":6282066.678071022},"point_estimate":5232410.359606147,"standard_error":1525292.9544300402},"slope":null,"std_dev":{"confidence_interval":{"confidence_level":0.95,"lower_bound":2635067.3081826395,"upper_bound":4504198.76190311},"point_estimate":3941026.9706239207,"standard_error":481072.8588772576}}