{"mean":{"confidence_interval":{"confidence_level":0.95,"lower_bound":28509.35877057366,"upper_bound":29691.035842784324},"point_estimate":29074.62613227619,"standard_error":301.8625446274395},"median":{"confidence_interval":{"confidence_level":0.95,"lower_bound":27861.89236380903,"upper_bound":27908.18132141083},"point_estimate":27887.57107892108,"standard_error":12.67461520875915},"median_abs_dev":{"confidence_interval":{"confidence_level":0.95,"lower_bound":282.15927077824193,"upper_bound":739.8297636033687},"point_estimate":366.7712658636119,"standard_error":160.31638257981214},"slope":{"confidence_interval":{"confidence_level":0.95,"lower_bound":27664.828885034076,"upper_bound":27854.96955662239},"point_estimate":27756.071073883508,"standard_error":48.493999389367204},"std_dev":{"confidence_interval":{"confidence_level":0.95,"lower_bound":2394.0302134433614,"upper_bound":3511.5327640804144},"point_estimate":3029.966450183407,"standard_error":285.9718185289066}}