{"mean":{"confidence_interval":{"confidence_level":0.95,"lower_bound":2972737016.3,"upper_bound":2988849946.6},"point_estimate":2980661231.6,"standard_error":4115267.4298692006},"median":{"confidence_interval":{"confidence_level":0.95,"lower_bound":2971521762.0,"upper_bound":2994828275.0},"point_estimate":2978028593.0,"standard_error":6166293.210843012},"median_abs_dev":{"confidence_interval":{"confidence_level":0.95,"lower_bound":2136597.8023678064,"upper_bound":23831889.449599385},"point_estimate":10707614.256101847,"standard_error":5843052.436666182},"slope":null,"std_dev":{"confidence_interval":{"confidence_level":0.95,"lower_bound":7750517.120121692,"upper_bound":17054972.6151863},"point_estimate":13685783.888486419,"standard_error":2335029.5663397396}}