{"mean":{"confidence_interval":{"confidence_level":0.95,"lower_bound":3280174888.32,"upper_bound":3315152779.5225},"point_estimate":3296886689.0,"standard_error":9040276.753711134},"median":{"confidence_interval":{"confidence_level":0.95,"lower_bound":3267587791.0,"upper_bound":3329774995.0},"point_estimate":3290444950.5,"standard_error":14088101.13779968},"median_abs_dev":{"confidence_interval":{"confidence_level":0.95,"lower_bound":2621913.5603517294,"upper_bound":48046406.81780577},"point_estimate":34489824.00448322,"standard_error":12381395.476131096},"slope":null,"std_dev":{"confidence_interval":{"confidence_level":0.95,"lower_bound":14476716.585457155,"upper_bound":36161680.296107285},"point_estimate":30092231.71703837,"standard_error":5027844.404148927}}