{"mean":{"confidence_interval":{"confidence_level":0.95,"lower_bound":2915252383.515,"upper_bound":2946726871.9},"point_estimate":2930634824.3,"standard_error":8034630.464362305},"median":{"confidence_interval":{"confidence_level":0.95,"lower_bound":2914090357.0,"upper_bound":2950266131.5},"point_estimate":2924688414.5,"standard_error":10984521.96785061},"median_abs_dev":{"confidence_interval":{"confidence_level":0.95,"lower_bound":1481516.1930978298,"upper_bound":46724976.58076584},"point_estimate":23597572.67805934,"standard_error":11806400.484601345},"slope":null,"std_dev":{"confidence_interval":{"confidence_level":0.95,"lower_bound":14094098.71894157,"upper_bound":35127163.8365112},"point_estimate":26847684.02318361,"standard_error":5541966.610186337}}