{"mean":{"confidence_interval":{"confidence_level":0.95,"lower_bound":2910129365.9,"upper_bound":2933282053.0024996},"point_estimate":2921034072.2,"standard_error":5943077.950155723},"median":{"confidence_interval":{"confidence_level":0.95,"lower_bound":2905106842.0,"upper_bound":2932854190.5},"point_estimate":2920229511.5,"standard_error":6961988.820278619},"median_abs_dev":{"confidence_interval":{"confidence_level":0.95,"lower_bound":4211702.546927333,"upper_bound":32058699.56304431},"point_estimate":17905945.50910592,"standard_error":7189997.231139455},"slope":null,"std_dev":{"confidence_interval":{"confidence_level":0.95,"lower_bound":9719432.96811078,"upper_bound":26212348.208865225},"point_estimate":19797684.854144264,"standard_error":4508681.817467098}}