{"mean":{"confidence_interval":{"confidence_level":0.95,"lower_bound":2562798665.17,"upper_bound":2589069940.6800003},"point_estimate":2576364290.4,"standard_error":6749829.874214291},"median":{"confidence_interval":{"confidence_level":0.95,"lower_bound":2551861912.0,"upper_bound":2597094987.0},"point_estimate":2582232922.5,"standard_error":11037436.089834379},"median_abs_dev":{"confidence_interval":{"confidence_level":0.95,"lower_bound":4064008.1614494324,"upper_bound":36796202.48413682},"point_estimate":24249849.208179116,"standard_error":8869812.631104873},"slope":null,"std_dev":{"confidence_interval":{"confidence_level":0.95,"lower_bound":12126178.65146075,"upper_bound":26369355.62994963},"point_estimate":22463688.211233042,"standard_error":3425010.031783231}}