{"mean":{"confidence_interval":{"confidence_level":0.95,"lower_bound":0.06561986764886786,"upper_bound":0.09283951650237336},"point_estimate":0.07828431121616397,"standard_error":0.007426525381447153},"median":{"confidence_interval":{"confidence_level":0.95,"lower_bound":0.06385499556159098,"upper_bound":0.08420441522505073},"point_estimate":0.06889331263454768,"standard_error":0.0059190070903674796}}