{"mean":{"confidence_interval":{"confidence_level":0.95,"lower_bound":-0.06982948441650931,"upper_bound":-0.0681795239910068},"point_estimate":-0.06895606437615942,"standard_error":0.00042451280640560087},"median":{"confidence_interval":{"confidence_level":0.95,"lower_bound":-0.07019839552697826,"upper_bound":-0.0675313039659321},"point_estimate":-0.06883066792962111,"standard_error":0.0007720872358236558}}