{"mean":{"confidence_interval":{"confidence_level":0.95,"lower_bound":-0.08124419447999048,"upper_bound":-0.01867014893644478},"point_estimate":-0.05037019194213899,"standard_error":0.0160403038427559},"median":{"confidence_interval":{"confidence_level":0.95,"lower_bound":-0.09252491039948718,"upper_bound":-0.008950124938380766},"point_estimate":-0.04781787366108847,"standard_error":0.02409027998912629}}