{"mean":{"confidence_interval":{"confidence_level":0.95,"lower_bound":0.313659991393586,"upper_bound":0.32286524410908723},"point_estimate":0.31830603203659513,"standard_error":0.002352451978833089},"median":{"confidence_interval":{"confidence_level":0.95,"lower_bound":0.312224426044452,"upper_bound":0.3232200011817461},"point_estimate":0.31779787262975057,"standard_error":0.002256907893148585}}