{"mean":{"confidence_interval":{"confidence_level":0.95,"lower_bound":-0.0275170758702206,"upper_bound":-0.023966388651168506},"point_estimate":-0.025766297566615193,"standard_error":0.0008910690381649545},"median":{"confidence_interval":{"confidence_level":0.95,"lower_bound":-0.026548078226238725,"upper_bound":-0.025085446156764002},"point_estimate":-0.02572442784331308,"standard_error":0.00038799298585819205}}