{"mean":{"confidence_interval":{"confidence_level":0.95,"lower_bound":-0.06619960870036021,"upper_bound":-0.040532661999351176},"point_estimate":-0.05313990252184775,"standard_error":0.006521200191044897},"median":{"confidence_interval":{"confidence_level":0.95,"lower_bound":-0.0652323156818807,"upper_bound":-0.03162031000370824},"point_estimate":-0.05113311755152494,"standard_error":0.007658101572080937}}