{"mean":{"confidence_interval":{"confidence_level":0.95,"lower_bound":0.025858333600919114,"upper_bound":0.07574874130676928},"point_estimate":0.053174088375330664,"standard_error":0.012979667675103604},"median":{"confidence_interval":{"confidence_level":0.95,"lower_bound":0.02718058535206036,"upper_bound":0.07874285495506128},"point_estimate":0.06328641932342038,"standard_error":0.010907397484700404}}