{"mean":{"confidence_interval":{"confidence_level":0.95,"lower_bound":-0.04491201143544548,"upper_bound":-0.03830330269469261},"point_estimate":-0.04151952186521979,"standard_error":0.001679546808795044},"median":{"confidence_interval":{"confidence_level":0.95,"lower_bound":-0.044995676427818654,"upper_bound":-0.03835537190265126},"point_estimate":-0.040584793615410786,"standard_error":0.0015490421469917949}}