{"mean":{"confidence_interval":{"confidence_level":0.95,"lower_bound":-0.024031857100312266,"upper_bound":0.015554983675626466},"point_estimate":-0.004260905492320721,"standard_error":0.01018311249796319},"median":{"confidence_interval":{"confidence_level":0.95,"lower_bound":-0.03661152018418412,"upper_bound":0.02061321260091442},"point_estimate":0.002781629648513695,"standard_error":0.016870251272710697}}