{"mean":{"confidence_interval":{"confidence_level":0.95,"lower_bound":0.02421411546855693,"upper_bound":0.03236472290992569},"point_estimate":0.02838328290085701,"standard_error":0.0020543890616769754},"median":{"confidence_interval":{"confidence_level":0.95,"lower_bound":0.023664253309076955,"upper_bound":0.033966415000558525},"point_estimate":0.02896877141941223,"standard_error":0.002582935433448974}}