{"mean":{"confidence_interval":{"confidence_level":0.95,"lower_bound":-0.0070265090517118815,"upper_bound":-0.00042716805181054307},"point_estimate":-0.003701454839182494,"standard_error":0.0016821389057445637},"median":{"confidence_interval":{"confidence_level":0.95,"lower_bound":-0.007160770435830632,"upper_bound":-0.0005865627971221032},"point_estimate":-0.002575139371053581,"standard_error":0.0015637042171621316}}