{"mean":{"confidence_interval":{"confidence_level":0.95,"lower_bound":-0.10545415674919761,"upper_bound":-0.0846404553232994},"point_estimate":-0.09276184985809777,"standard_error":0.005748822914511308},"median":{"confidence_interval":{"confidence_level":0.95,"lower_bound":-0.08912992729270997,"upper_bound":-0.08424196335948908},"point_estimate":-0.08629468528954631,"standard_error":0.0018796016348296318}}