{"mean":{"confidence_interval":{"confidence_level":0.95,"lower_bound":0.08998393737033,"upper_bound":0.10795963911025816},"point_estimate":0.10008844550392348,"standard_error":0.004661226888527377},"median":{"confidence_interval":{"confidence_level":0.95,"lower_bound":0.0940588541624976,"upper_bound":0.10805952182160716},"point_estimate":0.10314681123447156,"standard_error":0.0034050411590461974}}