{"mean":{"confidence_interval":{"confidence_level":0.95,"lower_bound":25870.823248784436,"upper_bound":25968.105688843716},"point_estimate":25917.57834104886,"standard_error":24.855610055120394},"median":{"confidence_interval":{"confidence_level":0.95,"lower_bound":25859.07163207163,"upper_bound":25876.54033176126},"point_estimate":25868.83138336023,"standard_error":4.914290555054133},"median_abs_dev":{"confidence_interval":{"confidence_level":0.95,"lower_bound":51.22958988339694,"upper_bound":212.52888993625862},"point_estimate":109.25013804887908,"standard_error":45.94130119172005},"slope":{"confidence_interval":{"confidence_level":0.95,"lower_bound":25868.001410958233,"upper_bound":25960.17603708558},"point_estimate":25910.907197144512,"standard_error":23.538010681058747},"std_dev":{"confidence_interval":{"confidence_level":0.95,"lower_bound":190.68150220411695,"upper_bound":307.41968399251414},"point_estimate":249.41578890435676,"standard_error":30.16064393588832}}