{"mean":{"confidence_interval":{"confidence_level":0.95,"lower_bound":34485.50541613291,"upper_bound":34520.719055219844},"point_estimate":34501.9323607678,"standard_error":8.983484862742271},"median":{"confidence_interval":{"confidence_level":0.95,"lower_bound":34467.812807881775,"upper_bound":34504.12661910424},"point_estimate":34484.156382335146,"standard_error":10.151542905798966},"median_abs_dev":{"confidence_interval":{"confidence_level":0.95,"lower_bound":53.20375228111024,"upper_bound":89.32186605930848},"point_estimate":68.97600359963808,"standard_error":8.99681769806983},"slope":{"confidence_interval":{"confidence_level":0.95,"lower_bound":34507.204308718574,"upper_bound":34555.10822364462},"point_estimate":34529.183428810196,"standard_error":12.255708047301976},"std_dev":{"confidence_interval":{"confidence_level":0.95,"lower_bound":61.2233387611159,"upper_bound":123.62247194472135},"point_estimate":90.38888977513699,"standard_error":17.758523915675386}}