{"mean":{"confidence_interval":{"confidence_level":0.95,"lower_bound":33244.732420189495,"upper_bound":33264.86687373681},"point_estimate":33254.458899315076,"standard_error":5.140751383139712},"median":{"confidence_interval":{"confidence_level":0.95,"lower_bound":33240.74078282828,"upper_bound":33255.86666666667},"point_estimate":33247.259623015874,"standard_error":3.426664750172953},"median_abs_dev":{"confidence_interval":{"confidence_level":0.95,"lower_bound":26.54166222109841,"upper_bound":43.106287359136516},"point_estimate":36.63450185600084,"standard_error":4.115317328888933},"slope":{"confidence_interval":{"confidence_level":0.95,"lower_bound":33240.839385685445,"upper_bound":33259.01372017014},"point_estimate":33249.5772039801,"standard_error":4.64355992270608},"std_dev":{"confidence_interval":{"confidence_level":0.95,"lower_bound":38.741996938143956,"upper_bound":63.71995038308298},"point_estimate":51.642968788052166,"standard_error":6.400419107829723}}