{"mean":{"confidence_interval":{"confidence_level":0.95,"lower_bound":-0.08355477951270068,"upper_bound":-0.05846242012285639},"point_estimate":-0.07133399074593405,"standard_error":0.006390607751780003},"median":{"confidence_interval":{"confidence_level":0.95,"lower_bound":-0.09860597870637589,"upper_bound":-0.05886663499347522},"point_estimate":-0.08431898301674912,"standard_error":0.010344901149968007}}