{"mean":{"confidence_interval":{"confidence_level":0.95,"lower_bound":-0.08524388849697105,"upper_bound":-0.059283083342394426},"point_estimate":-0.07239587987145712,"standard_error":0.006639323053822821},"median":{"confidence_interval":{"confidence_level":0.95,"lower_bound":-0.09849595521721655,"upper_bound":-0.04053218482189669},"point_estimate":-0.06691753392936495,"standard_error":0.016967226919464493}}