{"mean":{"confidence_interval":{"confidence_level":0.95,"lower_bound":0.03810855945545368,"upper_bound":0.049218883245483354},"point_estimate":0.043442193407015495,"standard_error":0.002825286263805838},"median":{"confidence_interval":{"confidence_level":0.95,"lower_bound":0.035460950056705576,"upper_bound":0.048182923904533714},"point_estimate":0.04260909561445447,"standard_error":0.0032613947859939274}}