{"mean":{"confidence_interval":{"confidence_level":0.95,"lower_bound":0.047154516294202795,"upper_bound":0.06047266374546912},"point_estimate":0.05400049488623382,"standard_error":0.0033957342055724905},"median":{"confidence_interval":{"confidence_level":0.95,"lower_bound":0.04541096606078471,"upper_bound":0.06541764269812167},"point_estimate":0.05388308129419772,"standard_error":0.005389128147549662}}