{"mean":{"confidence_interval":{"confidence_level":0.95,"lower_bound":0.12641886274425657,"upper_bound":0.175042947430146},"point_estimate":0.14943127434426628,"standard_error":0.012270181600136657},"median":{"confidence_interval":{"confidence_level":0.95,"lower_bound":0.09944124348290595,"upper_bound":0.17455141996346857},"point_estimate":0.12603248860310656,"standard_error":0.020074028587146533}}