{"mean":{"confidence_interval":{"confidence_level":0.95,"lower_bound":-0.3441563803961216,"upper_bound":-0.33369963028303945},"point_estimate":-0.3389608757340713,"standard_error":0.0026686615990451335},"median":{"confidence_interval":{"confidence_level":0.95,"lower_bound":-0.3449283208137848,"upper_bound":-0.3324105874579061},"point_estimate":-0.33989917364004896,"standard_error":0.0033246020007271955}}