{"mean":{"confidence_interval":{"confidence_level":0.95,"lower_bound":0.011135982072039453,"upper_bound":0.029069694835190434},"point_estimate":0.0210168238932098,"standard_error":0.00456933213020103},"median":{"confidence_interval":{"confidence_level":0.95,"lower_bound":0.014508125140933581,"upper_bound":0.033596313946852474},"point_estimate":0.02547457558915589,"standard_error":0.004820016480240894}}