{"mean":{"confidence_interval":{"confidence_level":0.95,"lower_bound":-0.010961864244976348,"upper_bound":0.00017528001531353125},"point_estimate":-0.00490015145408329,"standard_error":0.002875826231655209},"median":{"confidence_interval":{"confidence_level":0.95,"lower_bound":-0.01142868192043811,"upper_bound":0.0014341968205131561},"point_estimate":-0.00306344377953105,"standard_error":0.002892832313916465}}