{"mean":{"confidence_interval":{"confidence_level":0.95,"lower_bound":0.18872278820887325,"upper_bound":0.2035431746728051},"point_estimate":0.19671521975342232,"standard_error":0.0038103112168072334},"median":{"confidence_interval":{"confidence_level":0.95,"lower_bound":0.18927546867655565,"upper_bound":0.2053645504723529},"point_estimate":0.19967195437977048,"standard_error":0.0036727004464648188}}