{"mean":{"confidence_interval":{"confidence_level":0.95,"lower_bound":0.1822011072939082,"upper_bound":0.19599407483448297},"point_estimate":0.18953688676406788,"standard_error":0.003477207046559063},"median":{"confidence_interval":{"confidence_level":0.95,"lower_bound":0.17477167449634612,"upper_bound":0.20193483398645262},"point_estimate":0.19244341468920467,"standard_error":0.0066639015497639165}}