{"mean":{"confidence_interval":{"confidence_level":0.95,"lower_bound":-0.010712942417657375,"upper_bound":-0.008277712350436246},"point_estimate":-0.009458689901672201,"standard_error":0.0006210204304723559},"median":{"confidence_interval":{"confidence_level":0.95,"lower_bound":-0.010613579843768095,"upper_bound":-0.008000900257083665},"point_estimate":-0.009042135088762171,"standard_error":0.0007104018986957575}}