{"mean":{"confidence_interval":{"confidence_level":0.95,"lower_bound":-0.03742811369597566,"upper_bound":-0.03333229935212273},"point_estimate":-0.03567236914924565,"standard_error":0.0010606967271377665},"median":{"confidence_interval":{"confidence_level":0.95,"lower_bound":-0.037059394528463185,"upper_bound":-0.03506180148812588},"point_estimate":-0.03606509599425689,"standard_error":0.0004979461562366254}}