{"mean":{"confidence_interval":{"confidence_level":0.95,"lower_bound":340012144.3,"upper_bound":352076930.33},"point_estimate":345811516.3,"standard_error":3083691.0844246363},"median":{"confidence_interval":{"confidence_level":0.95,"lower_bound":338119161.0,"upper_bound":350966209.0},"point_estimate":346346673.0,"standard_error":3194165.4846451413},"median_abs_dev":{"confidence_interval":{"confidence_level":0.95,"lower_bound":1511674.5004624128,"upper_bound":18242869.318324327},"point_estimate":8756088.667148352,"standard_error":4254717.27601997},"slope":null,"std_dev":{"confidence_interval":{"confidence_level":0.95,"lower_bound":5122901.244652283,"upper_bound":13734201.706802696},"point_estimate":10270968.0227444,"standard_error":2301250.3430547225}}