{"mean":{"confidence_interval":{"confidence_level":0.95,"lower_bound":256521001.6,"upper_bound":273099656.4},"point_estimate":264830795.2,"standard_error":4227092.124905538},"median":{"confidence_interval":{"confidence_level":0.95,"lower_bound":256350126.0,"upper_bound":272557134.0},"point_estimate":265694662.5,"standard_error":4577462.694110618},"median_abs_dev":{"confidence_interval":{"confidence_level":0.95,"lower_bound":338063.1872981787,"upper_bound":25027152.65277922},"point_estimate":10176444.646131992,"standard_error":5572536.709547657},"slope":null,"std_dev":{"confidence_interval":{"confidence_level":0.95,"lower_bound":6359946.239871445,"upper_bound":19206969.30553665},"point_estimate":14168253.09263916,"standard_error":3299575.1147835352}}