{"mean":{"confidence_interval":{"confidence_level":0.95,"lower_bound":368417015.9475,"upper_bound":385051384.1375},"point_estimate":376363504.8,"standard_error":4273415.754362554},"median":{"confidence_interval":{"confidence_level":0.95,"lower_bound":365326138.0,"upper_bound":387387549.0},"point_estimate":371970127.5,"standard_error":6444714.557423239},"median_abs_dev":{"confidence_interval":{"confidence_level":0.95,"lower_bound":3059241.2636876106,"upper_bound":23760823.98506105},"point_estimate":15869490.663260221,"standard_error":5277369.710520071},"slope":null,"std_dev":{"confidence_interval":{"confidence_level":0.95,"lower_bound":7892421.122641524,"upper_bound":17980576.705266476},"point_estimate":14261680.703674847,"standard_error":2652851.2471413533}}