{"mean":{"confidence_interval":{"confidence_level":0.95,"lower_bound":16299.66337697274,"upper_bound":16334.97973463369},"point_estimate":16314.699945037975,"standard_error":9.227323371656006},"median":{"confidence_interval":{"confidence_level":0.95,"lower_bound":16294.279842180775,"upper_bound":16326.120774300574},"point_estimate":16306.472255101227,"standard_error":6.26384526664224},"median_abs_dev":{"confidence_interval":{"confidence_level":0.95,"lower_bound":1.4205251104792795,"upper_bound":33.69445081858908},"point_estimate":13.773821721033118,"standard_error":9.193374754837473},"slope":{"confidence_interval":{"confidence_level":0.95,"lower_bound":16302.253149591614,"upper_bound":16342.29497513291},"point_estimate":16316.121610706366,"standard_error":11.035711965676978},"std_dev":{"confidence_interval":{"confidence_level":0.95,"lower_bound":7.748905747301222,"upper_bound":43.945614813947934},"point_estimate":30.619662498931557,"standard_error":10.502414388678702}}