{"mean":{"confidence_interval":{"confidence_level":0.95,"lower_bound":3329342395.41,"upper_bound":3363509842.185},"point_estimate":3346687202.8,"standard_error":8762493.016263781},"median":{"confidence_interval":{"confidence_level":0.95,"lower_bound":3323651122.5,"upper_bound":3374074706.0},"point_estimate":3345119679.0,"standard_error":13620219.602029217},"median_abs_dev":{"confidence_interval":{"confidence_level":0.95,"lower_bound":8011424.6609687805,"upper_bound":51039120.114174485},"point_estimate":35737520.838332176,"standard_error":10991458.979578802},"slope":null,"std_dev":{"confidence_interval":{"confidence_level":0.95,"lower_bound":17836582.027167495,"upper_bound":35622602.96735753},"point_estimate":29192734.775207628,"standard_error":4574644.979248093}}