{"mean":{"confidence_interval":{"confidence_level":0.95,"lower_bound":3413344540.1575,"upper_bound":3460309318.3},"point_estimate":3437752998.3,"standard_error":11983777.943008196},"median":{"confidence_interval":{"confidence_level":0.95,"lower_bound":3413185992.0,"upper_bound":3467900844.5},"point_estimate":3440532002.0,"standard_error":13899676.421417233},"median_abs_dev":{"confidence_interval":{"confidence_level":0.95,"lower_bound":9273693.96995902,"upper_bound":68225170.6735611},"point_estimate":34399790.89718163,"standard_error":14126545.13212507},"slope":null,"std_dev":{"confidence_interval":{"confidence_level":0.95,"lower_bound":19823492.47345611,"upper_bound":53089388.23420812},"point_estimate":39901125.61421799,"standard_error":8791854.978261305}}