{"mean":{"confidence_interval":{"confidence_level":0.95,"lower_bound":3125980314.1,"upper_bound":3268680317.41},"point_estimate":3186155499.3,"standard_error":37251769.53830414},"median":{"confidence_interval":{"confidence_level":0.95,"lower_bound":3107063603.0,"upper_bound":3217046094.5},"point_estimate":3149934222.5,"standard_error":39989061.27054506},"median_abs_dev":{"confidence_interval":{"confidence_level":0.95,"lower_bound":4783273.006179929,"upper_bound":151637487.61149645},"point_estimate":83156615.88567495,"standard_error":38279859.15535064},"slope":null,"std_dev":{"confidence_interval":{"confidence_level":0.95,"lower_bound":42967300.874279395,"upper_bound":183430509.8650042},"point_estimate":124562686.94349846,"standard_error":45005048.444235474}}