{"mean":{"confidence_interval":{"confidence_level":0.95,"lower_bound":2984471707.0325003,"upper_bound":3027923327.4125},"point_estimate":3006344579.2,"standard_error":11142705.847569924},"median":{"confidence_interval":{"confidence_level":0.95,"lower_bound":2969628656.0,"upper_bound":3031944233.0},"point_estimate":3013724459.5,"standard_error":16060895.384543596},"median_abs_dev":{"confidence_interval":{"confidence_level":0.95,"lower_bound":7731702.523934841,"upper_bound":65918244.373217225},"point_estimate":38455481.672778726,"standard_error":14430105.116859866},"slope":null,"std_dev":{"confidence_interval":{"confidence_level":0.95,"lower_bound":21399311.062803954,"upper_bound":46507116.878234304},"point_estimate":37053242.38206935,"standard_error":6391247.788435795}}