{"mean":{"confidence_interval":{"confidence_level":0.95,"lower_bound":3155178240.4,"upper_bound":3184561499.7},"point_estimate":3173428651.9,"standard_error":8262930.763745752},"median":{"confidence_interval":{"confidence_level":0.95,"lower_bound":3176352410.5,"upper_bound":3186768571.0},"point_estimate":3179167110.0,"standard_error":3418807.379917918},"median_abs_dev":{"confidence_interval":{"confidence_level":0.95,"lower_bound":1390007.15752244,"upper_bound":14512633.699849248},"point_estimate":5954903.565779328,"standard_error":3847497.0944036627},"slope":null,"std_dev":{"confidence_interval":{"confidence_level":0.95,"lower_bound":3998685.467115543,"upper_bound":42227538.06008296},"point_estimate":27515420.01560922,"standard_error":13240333.911564736}}