{"mean":{"confidence_interval":{"confidence_level":0.95,"lower_bound":3111242477.3,"upper_bound":3184857942.785},"point_estimate":3144605701.7,"standard_error":18918079.21462352},"median":{"confidence_interval":{"confidence_level":0.95,"lower_bound":3098365598.0,"upper_bound":3177683915.5},"point_estimate":3128491768.0,"standard_error":21568810.877896193},"median_abs_dev":{"confidence_interval":{"confidence_level":0.95,"lower_bound":13406354.664489627,"upper_bound":92414043.51002276},"point_estimate":50048843.40725541,"standard_error":20032161.181431632},"slope":null,"std_dev":{"confidence_interval":{"confidence_level":0.95,"lower_bound":26519759.50950792,"upper_bound":87238054.13431022},"point_estimate":63145511.04607931,"standard_error":17473693.601538394}}