{"mean":{"confidence_interval":{"confidence_level":0.95,"lower_bound":3048334420.535,"upper_bound":3098065918.6275},"point_estimate":3071805179.0,"standard_error":12796505.470430423},"median":{"confidence_interval":{"confidence_level":0.95,"lower_bound":3034322885.0,"upper_bound":3109048505.0},"point_estimate":3060457744.5,"standard_error":16950004.164279435},"median_abs_dev":{"confidence_interval":{"confidence_level":0.95,"lower_bound":5958512.955415249,"upper_bound":74836940.15767872},"point_estimate":42476568.56499016,"standard_error":16644280.84152658},"slope":null,"std_dev":{"confidence_interval":{"confidence_level":0.95,"lower_bound":19323190.856236268,"upper_bound":52505118.648575686},"point_estimate":42485486.345056616,"standard_error":8454275.694974232}}