{"mean":{"confidence_interval":{"confidence_level":0.95,"lower_bound":3273972163.8275,"upper_bound":3339274264.3625},"point_estimate":3303621136.2,"standard_error":16807031.845649846},"median":{"confidence_interval":{"confidence_level":0.95,"lower_bound":3261594362.0,"upper_bound":3329632067.0},"point_estimate":3303027521.5,"standard_error":16974126.943269648},"median_abs_dev":{"confidence_interval":{"confidence_level":0.95,"lower_bound":6676900.100961328,"upper_bound":82142693.93307567},"point_estimate":50363774.32846427,"standard_error":20116813.985643063},"slope":null,"std_dev":{"confidence_interval":{"confidence_level":0.95,"lower_bound":24137018.4708486,"upper_bound":77336518.44791736},"point_estimate":55923189.382609285,"standard_error":15320850.490006743}}