{"mean":{"confidence_interval":{"confidence_level":0.95,"lower_bound":3106153321.045,"upper_bound":3161905501.755},"point_estimate":3131277545.5,"standard_error":14386380.66538997},"median":{"confidence_interval":{"confidence_level":0.95,"lower_bound":3095814278.0,"upper_bound":3153418342.0},"point_estimate":3123718105.0,"standard_error":15967216.91199256},"median_abs_dev":{"confidence_interval":{"confidence_level":0.95,"lower_bound":9154085.2170825,"upper_bound":68854919.09708083},"point_estimate":37616103.24988067,"standard_error":15199488.074200362},"slope":null,"std_dev":{"confidence_interval":{"confidence_level":0.95,"lower_bound":20029432.140461147,"upper_bound":66929097.34734605},"point_estimate":48100898.24509001,"standard_error":13605026.413429217}}