{"mean":{"confidence_interval":{"confidence_level":0.95,"lower_bound":3191555053.2,"upper_bound":3240514902.8},"point_estimate":3215502127.1,"standard_error":12537561.285247525},"median":{"confidence_interval":{"confidence_level":0.95,"lower_bound":3179033457.0,"upper_bound":3250729398.0},"point_estimate":3207170024.0,"standard_error":21340278.535158742},"median_abs_dev":{"confidence_interval":{"confidence_level":0.95,"lower_bound":10698448.823064566,"upper_bound":67668197.89364934},"point_estimate":54150343.55683923,"standard_error":15074081.038547099},"slope":null,"std_dev":{"confidence_interval":{"confidence_level":0.95,"lower_bound":25611057.4120382,"upper_bound":50774325.06077739},"point_estimate":41772114.2807428,"standard_error":6480776.941316171}}