{"mean":{"confidence_interval":{"confidence_level":0.95,"lower_bound":3128576958.34,"upper_bound":3175781614.5},"point_estimate":3149176078.4,"standard_error":12219332.430718705},"median":{"confidence_interval":{"confidence_level":0.95,"lower_bound":3122834299.0,"upper_bound":3163951104.0},"point_estimate":3138108880.5,"standard_error":13138656.201760607},"median_abs_dev":{"confidence_interval":{"confidence_level":0.95,"lower_bound":3451997.5640147924,"upper_bound":53479972.63534069},"point_estimate":31173626.667657495,"standard_error":12170888.629255336},"slope":null,"std_dev":{"confidence_interval":{"confidence_level":0.95,"lower_bound":15464157.41375115,"upper_bound":58586476.53638921},"point_estimate":40705777.16797169,"standard_error":13289528.706259247}}