{"mean":{"confidence_interval":{"confidence_level":0.95,"lower_bound":3124945003.0425,"upper_bound":3152208558.1},"point_estimate":3136796945.9,"standard_error":7061706.025245815},"median":{"confidence_interval":{"confidence_level":0.95,"lower_bound":3120966757.0,"upper_bound":3142180931.0},"point_estimate":3132958895.0,"standard_error":5046058.869198163},"median_abs_dev":{"confidence_interval":{"confidence_level":0.95,"lower_bound":1929240.6287491322,"upper_bound":27966334.453198314},"point_estimate":15210007.95596838,"standard_error":6439901.733069699},"slope":null,"std_dev":{"confidence_interval":{"confidence_level":0.95,"lower_bound":7396570.271319734,"upper_bound":34132761.26717789},"point_estimate":23504546.439584717,"standard_error":8021545.645430994}}