{"mean":{"confidence_interval":{"confidence_level":0.95,"lower_bound":18849624.62609524,"upper_bound":19030384.490383334},"point_estimate":18932974.477761906,"standard_error":46446.45648677309},"median":{"confidence_interval":{"confidence_level":0.95,"lower_bound":18807746.60666667,"upper_bound":19035236.5},"point_estimate":18892366.566666666,"standard_error":61194.7015543879},"median_abs_dev":{"confidence_interval":{"confidence_level":0.95,"lower_bound":12767.942703325072,"upper_bound":248168.73027512047},"point_estimate":127807.12301596944,"standard_error":62480.0931249986},"slope":{"confidence_interval":{"confidence_level":0.95,"lower_bound":18815169.712082632,"upper_bound":18903506.16551724},"point_estimate":18849921.935064934,"standard_error":22870.47750862131},"std_dev":{"confidence_interval":{"confidence_level":0.95,"lower_bound":65481.17412843921,"upper_bound":200196.08211220428},"point_estimate":155030.53553721806,"standard_error":35071.34421179195}}