{"mean":{"confidence_interval":{"confidence_level":0.95,"lower_bound":39387997961.744995,"upper_bound":40010850241.1325},"point_estimate":39676073113.6,"standard_error":159730697.4064818},"median":{"confidence_interval":{"confidence_level":0.95,"lower_bound":39196448501.0,"upper_bound":39984971758.5},"point_estimate":39641651239.0,"standard_error":168922743.71282023},"median_abs_dev":{"confidence_interval":{"confidence_level":0.95,"lower_bound":27555076.04649961,"upper_bound":834524674.5021254},"point_estimate":480457970.24436593,"standard_error":221589824.74995604},"slope":null,"std_dev":{"confidence_interval":{"confidence_level":0.95,"lower_bound":232045387.92645794,"upper_bound":705707808.643362},"point_estimate":532465090.27543396,"standard_error":127824438.78879425}}