{"mean":{"confidence_interval":{"confidence_level":0.95,"lower_bound":26559125006.88,"upper_bound":26885013051.7},"point_estimate":26722071639.8,"standard_error":83490667.42652817},"median":{"confidence_interval":{"confidence_level":0.95,"lower_bound":26408013971.0,"upper_bound":26951723392.5},"point_estimate":26735229676.0,"standard_error":134528167.5339364},"median_abs_dev":{"confidence_interval":{"confidence_level":0.95,"lower_bound":26990919.328415394,"upper_bound":484226228.621766},"point_estimate":347964497.7128953,"standard_error":113273525.101164},"slope":null,"std_dev":{"confidence_interval":{"confidence_level":0.95,"lower_bound":170769256.4485112,"upper_bound":333947822.05530965},"point_estimate":276818355.2060826,"standard_error":41631728.33690344}}