{"mean":{"confidence_interval":{"confidence_level":0.95,"lower_bound":36916402934.96999,"upper_bound":37060909519.4},"point_estimate":36995297862.4,"standard_error":37298236.67749518},"median":{"confidence_interval":{"confidence_level":0.95,"lower_bound":36922109013.5,"upper_bound":37091070092.5},"point_estimate":37033235329.0,"standard_error":43261927.17300911},"median_abs_dev":{"confidence_interval":{"confidence_level":0.95,"lower_bound":21823668.496352434,"upper_bound":186740094.6480006},"point_estimate":91745121.8299985,"standard_error":44265431.306395434},"slope":null,"std_dev":{"confidence_interval":{"confidence_level":0.95,"lower_bound":47869308.820545696,"upper_bound":167354048.408491},"point_estimate":124656642.69030897,"standard_error":32381032.05010594}}