{"mean":{"confidence_interval":{"confidence_level":0.95,"lower_bound":32051465218.8,"upper_bound":32274715527.4},"point_estimate":32159118843.7,"standard_error":57422154.10393716},"median":{"confidence_interval":{"confidence_level":0.95,"lower_bound":31991899097.5,"upper_bound":32315053481.0},"point_estimate":32111849796.0,"standard_error":91342614.86473484},"median_abs_dev":{"confidence_interval":{"confidence_level":0.95,"lower_bound":38298779.009860754,"upper_bound":313271739.13051486},"point_estimate":226057230.0669819,"standard_error":72250984.43222369},"slope":null,"std_dev":{"confidence_interval":{"confidence_level":0.95,"lower_bound":107398376.027388,"upper_bound":237199254.45803452},"point_estimate":191598235.70073068,"standard_error":33505146.85173084}}