{"mean":{"confidence_interval":{"confidence_level":0.95,"lower_bound":33097957514.359997,"upper_bound":33430540646.4225},"point_estimate":33276210395.8,"standard_error":85285597.27325425},"median":{"confidence_interval":{"confidence_level":0.95,"lower_bound":33111977262.0,"upper_bound":33450011608.5},"point_estimate":33341368103.5,"standard_error":85141027.96995777},"median_abs_dev":{"confidence_interval":{"confidence_level":0.95,"lower_bound":34962075.83279908,"upper_bound":460778585.34864485},"point_estimate":163473021.67347372,"standard_error":110894654.58607405},"slope":null,"std_dev":{"confidence_interval":{"confidence_level":0.95,"lower_bound":109365742.32099143,"upper_bound":377585857.2592308},"point_estimate":284640947.660658,"standard_error":68744525.28715755}}