{"mean":{"confidence_interval":{"confidence_level":0.95,"lower_bound":32531208605.205,"upper_bound":32853784981.1},"point_estimate":32659431214.2,"standard_error":87725456.04961033},"median":{"confidence_interval":{"confidence_level":0.95,"lower_bound":32509198050.0,"upper_bound":32683351209.0},"point_estimate":32572525851.0,"standard_error":44440914.60728703},"median_abs_dev":{"confidence_interval":{"confidence_level":0.95,"lower_bound":22636142.91882813,"upper_bound":214199990.74139},"point_estimate":98137385.71631312,"standard_error":53053737.50850464},"slope":null,"std_dev":{"confidence_interval":{"confidence_level":0.95,"lower_bound":48612469.85290524,"upper_bound":442213891.2363723},"point_estimate":292521729.54020363,"standard_error":126784754.69723815}}