{"mean":{"confidence_interval":{"confidence_level":0.95,"lower_bound":34965585153.9,"upper_bound":35421171495.0725},"point_estimate":35183830887.2,"standard_error":117088549.88136631},"median":{"confidence_interval":{"confidence_level":0.95,"lower_bound":34802706068.0,"upper_bound":35469662553.0},"point_estimate":35120868701.0,"standard_error":149933893.02268943},"median_abs_dev":{"confidence_interval":{"confidence_level":0.95,"lower_bound":67750247.94139266,"upper_bound":649654818.1930214},"point_estimate":473788357.12227523,"standard_error":163820937.42121702},"slope":null,"std_dev":{"confidence_interval":{"confidence_level":0.95,"lower_bound":193741919.45434928,"upper_bound":487991507.3542579},"point_estimate":389736954.69178903,"standard_error":73224452.22929645}}