{"mean":{"confidence_interval":{"confidence_level":0.95,"lower_bound":37443766351.3,"upper_bound":37859356613.1},"point_estimate":37624046509.6,"standard_error":107828450.56366804},"median":{"confidence_interval":{"confidence_level":0.95,"lower_bound":37398963975.5,"upper_bound":37721182208.0},"point_estimate":37550992166.5,"standard_error":80317203.42250821},"median_abs_dev":{"confidence_interval":{"confidence_level":0.95,"lower_bound":52797156.02836311,"upper_bound":427525392.79310703},"point_estimate":217755108.32267404,"standard_error":105808435.82662691},"slope":null,"std_dev":{"confidence_interval":{"confidence_level":0.95,"lower_bound":119466998.11511609,"upper_bound":518254849.8511461},"point_estimate":359554478.83486146,"standard_error":120356770.99240315}}