{"mean":{"confidence_interval":{"confidence_level":0.95,"lower_bound":32946589044.5,"upper_bound":33183172231.05},"point_estimate":33070809673.3,"standard_error":60703377.45223568},"median":{"confidence_interval":{"confidence_level":0.95,"lower_bound":32884837530.5,"upper_bound":33237576853.0},"point_estimate":33147915538.5,"standard_error":100063274.44521767},"median_abs_dev":{"confidence_interval":{"confidence_level":0.95,"lower_bound":16653387.229943275,"upper_bound":332795548.13929796},"point_estimate":157284192.7425474,"standard_error":96500858.19395113},"slope":null,"std_dev":{"confidence_interval":{"confidence_level":0.95,"lower_bound":99318515.17693637,"upper_bound":242022858.35980147},"point_estimate":202482130.46599695,"standard_error":35934452.03801168}}