{"mean":{"confidence_interval":{"confidence_level":0.95,"lower_bound":315564.40250036994,"upper_bound":317706.23984628974},"point_estimate":316514.36062284466,"standard_error":547.486563664077},"median":{"confidence_interval":{"confidence_level":0.95,"lower_bound":314529.6176470588,"upper_bound":316289.4479166666},"point_estimate":315487.8667763158,"standard_error":501.79125580963324},"median_abs_dev":{"confidence_interval":{"confidence_level":0.95,"lower_bound":2260.1883598736254,"upper_bound":3516.219917061466},"point_estimate":2929.1629966899545,"standard_error":312.7014557981451},"slope":{"confidence_interval":{"confidence_level":0.95,"lower_bound":313991.4035605301,"upper_bound":314914.78084327676},"point_estimate":314427.2069292153,"standard_error":235.51981766072586},"std_dev":{"confidence_interval":{"confidence_level":0.95,"lower_bound":3014.473228599999,"upper_bound":8046.421953651609},"point_estimate":5483.238489770639,"standard_error":1459.1287008939971}}