{"mean":{"confidence_interval":{"confidence_level":0.95,"lower_bound":309336.29619387083,"upper_bound":310712.57672548713},"point_estimate":309896.6673604123,"standard_error":360.40172915567194},"median":{"confidence_interval":{"confidence_level":0.95,"lower_bound":309188.56111111114,"upper_bound":309686.3020833333},"point_estimate":309428.7206439394,"standard_error":114.6018153521115},"median_abs_dev":{"confidence_interval":{"confidence_level":0.95,"lower_bound":842.837485744386,"upper_bound":1430.9278270532186},"point_estimate":1187.8982904249758,"standard_error":145.24210367216085},"slope":{"confidence_interval":{"confidence_level":0.95,"lower_bound":308883.854777339,"upper_bound":309632.89299353294},"point_estimate":309235.2805571154,"standard_error":191.4169461470846},"std_dev":{"confidence_interval":{"confidence_level":0.95,"lower_bound":1292.0734041782193,"upper_bound":5852.254174812142},"point_estimate":3631.8384413182816,"standard_error":1462.2259358368933}}