{"mean":{"confidence_interval":{"confidence_level":0.95,"lower_bound":-0.0043985877232350055,"upper_bound":-0.0008636801028933941},"point_estimate":-0.0025651800882944276,"standard_error":0.0009034409430208553},"median":{"confidence_interval":{"confidence_level":0.95,"lower_bound":-0.0031719239631033957,"upper_bound":-5.9364817833672535e-6},"point_estimate":-0.001176662117595928,"standard_error":0.0007392144154446511}}