{"mean":{"confidence_interval":{"confidence_level":0.95,"lower_bound":-0.3439633629120629,"upper_bound":-0.3418723841605741},"point_estimate":-0.3429370463817487,"standard_error":0.0005331235562486584},"median":{"confidence_interval":{"confidence_level":0.95,"lower_bound":-0.3430109871989977,"upper_bound":-0.3417808122151551},"point_estimate":-0.3424279501638825,"standard_error":0.00029970666318868665}}