{"mean":{"confidence_interval":{"confidence_level":0.95,"lower_bound":0.5052884427505888,"upper_bound":0.5270218324493043},"point_estimate":0.5175874425148286,"standard_error":0.005693163511268658},"median":{"confidence_interval":{"confidence_level":0.95,"lower_bound":0.5115721033815221,"upper_bound":0.5286437404331625},"point_estimate":0.5177363660113814,"standard_error":0.005690663638736512}}