{"mean":{"confidence_interval":{"confidence_level":0.95,"lower_bound":0.02248235521447639,"upper_bound":0.029353659582639413},"point_estimate":0.026249304879655044,"standard_error":0.001727038604661278},"median":{"confidence_interval":{"confidence_level":0.95,"lower_bound":0.03349046824379709,"upper_bound":0.03623431526476492},"point_estimate":0.034946302537709695,"standard_error":0.0006958399786644352}}