{"mean":{"confidence_interval":{"confidence_level":0.95,"lower_bound":-0.30568657869866833,"upper_bound":-0.30314758375175815},"point_estimate":-0.304389513356391,"standard_error":0.0006511676784612909},"median":{"confidence_interval":{"confidence_level":0.95,"lower_bound":-0.3057612738906301,"upper_bound":-0.3024391722433257},"point_estimate":-0.3037843490908396,"standard_error":0.000902047617708106}}