{"mean":{"confidence_interval":{"confidence_level":0.95,"lower_bound":-0.020237864600760425,"upper_bound":-0.01483899659013484},"point_estimate":-0.01757579318429825,"standard_error":0.0013818586590224878},"median":{"confidence_interval":{"confidence_level":0.95,"lower_bound":-0.021541468419637,"upper_bound":-0.016521885158148352},"point_estimate":-0.019724880553793067,"standard_error":0.001299464514866716}}