{"mean":{"confidence_interval":{"confidence_level":0.95,"lower_bound":-0.005396576846040048,"upper_bound":0.013420340753465768},"point_estimate":0.004698759244240458,"standard_error":0.004796827971386307},"median":{"confidence_interval":{"confidence_level":0.95,"lower_bound":0.002365105789951638,"upper_bound":0.008516841895987337},"point_estimate":0.007682663134447321,"standard_error":0.0018791568975081387}}