{"mean":{"confidence_interval":{"confidence_level":0.95,"lower_bound":-0.02472384776831105,"upper_bound":-0.011146709786853835},"point_estimate":-0.01764841888594737,"standard_error":0.003511191748886425},"median":{"confidence_interval":{"confidence_level":0.95,"lower_bound":-0.02141194152306336,"upper_bound":-0.00759011130572862},"point_estimate":-0.011789200704101943,"standard_error":0.003213633621833475}}