{"mean":{"confidence_interval":{"confidence_level":0.95,"lower_bound":-0.029249256607927463,"upper_bound":-0.014947434776949426},"point_estimate":-0.022199132174714586,"standard_error":0.00365836911253612},"median":{"confidence_interval":{"confidence_level":0.95,"lower_bound":-0.03579330632493205,"upper_bound":-0.013078858232360102},"point_estimate":-0.020523452043237356,"standard_error":0.00617353320128016}}