{"mean":{"confidence_interval":{"confidence_level":0.95,"lower_bound":0.38251201313742295,"upper_bound":0.43028118154792233},"point_estimate":0.4090771023962554,"standard_error":0.012345816494542349},"median":{"confidence_interval":{"confidence_level":0.95,"lower_bound":0.40611066066857693,"upper_bound":0.442547877051817},"point_estimate":0.41662295923285164,"standard_error":0.011926717896042384}}