{"mean":{"confidence_interval":{"confidence_level":0.95,"lower_bound":-0.007744789496272747,"upper_bound":-0.004314552661898866},"point_estimate":-0.005998985131562162,"standard_error":0.0008804062268109683},"median":{"confidence_interval":{"confidence_level":0.95,"lower_bound":-0.008907506863324866,"upper_bound":-0.003667315667851667},"point_estimate":-0.004823018693633108,"standard_error":0.0014012034889926326}}