{"mean":{"confidence_interval":{"confidence_level":0.95,"lower_bound":3520577803.3,"upper_bound":3608348681.49},"point_estimate":3556990251.4,"standard_error":23109938.064856317},"median":{"confidence_interval":{"confidence_level":0.95,"lower_bound":3523255312.5,"upper_bound":3569746486.0},"point_estimate":3539780425.0,"standard_error":10790444.071645925},"median_abs_dev":{"confidence_interval":{"confidence_level":0.95,"lower_bound":4795339.887365699,"upper_bound":77639810.97521782},"point_estimate":17695028.612950444,"standard_error":19266047.633261073},"slope":null,"std_dev":{"confidence_interval":{"confidence_level":0.95,"lower_bound":14503138.59301402,"upper_bound":114253186.8748284},"point_estimate":76832789.7968695,"standard_error":30130573.948511932}}