{"mean":{"confidence_interval":{"confidence_level":0.95,"lower_bound":3464578778.5499997,"upper_bound":3511727311.0075},"point_estimate":3485678589.6,"standard_error":12181341.111062137},"median":{"confidence_interval":{"confidence_level":0.95,"lower_bound":3454491054.0,"upper_bound":3508004646.0},"point_estimate":3468215034.5,"standard_error":16214803.883366669},"median_abs_dev":{"confidence_interval":{"confidence_level":0.95,"lower_bound":3000311.621233821,"upper_bound":67320625.31011999},"point_estimate":23347484.749299288,"standard_error":15979095.522305528},"slope":null,"std_dev":{"confidence_interval":{"confidence_level":0.95,"lower_bound":17141108.399441615,"upper_bound":56072500.32569211},"point_estimate":40525303.35996829,"standard_error":11248812.60019618}}