{"mean":{"confidence_interval":{"confidence_level":0.95,"lower_bound":3867716282.4475,"upper_bound":4022556165.3924994},"point_estimate":3938330995.1,"standard_error":39931037.33183088},"median":{"confidence_interval":{"confidence_level":0.95,"lower_bound":3833364993.0,"upper_bound":4034130936.0},"point_estimate":3904506630.5,"standard_error":44655759.60019331},"median_abs_dev":{"confidence_interval":{"confidence_level":0.95,"lower_bound":24884631.058609486,"upper_bound":211621127.43647397},"point_estimate":98334643.4189111,"standard_error":47610964.488647886},"slope":null,"std_dev":{"confidence_interval":{"confidence_level":0.95,"lower_bound":50254658.227213725,"upper_bound":173303638.73217666},"point_estimate":133011120.58435541,"standard_error":32300018.245993227}}