{"mean":{"confidence_interval":{"confidence_level":0.95,"lower_bound":2736051124.6025,"upper_bound":2802627572.52},"point_estimate":2768421775.1,"standard_error":17015498.696268845},"median":{"confidence_interval":{"confidence_level":0.95,"lower_bound":2734406149.0,"upper_bound":2795456530.5},"point_estimate":2767416077.5,"standard_error":19244631.84276068},"median_abs_dev":{"confidence_interval":{"confidence_level":0.95,"lower_bound":8523069.170585275,"upper_bound":94769348.9934177},"point_estimate":44759831.08715415,"standard_error":21159875.65171039},"slope":null,"std_dev":{"confidence_interval":{"confidence_level":0.95,"lower_bound":25092607.27312119,"upper_bound":78497852.29120201},"point_estimate":57015175.55263448,"standard_error":13974968.83294804}}