{"mean":{"confidence_interval":{"confidence_level":0.95,"lower_bound":3616695038.4,"upper_bound":3696850100.165},"point_estimate":3652778936.1,"standard_error":20523819.795749407},"median":{"confidence_interval":{"confidence_level":0.95,"lower_bound":3605171151.5,"upper_bound":3711294604.5},"point_estimate":3631343966.0,"standard_error":21632227.363069914},"median_abs_dev":{"confidence_interval":{"confidence_level":0.95,"lower_bound":6038685.290291905,"upper_bound":94219850.27796328},"point_estimate":31926244.82269585,"standard_error":19952912.178440552},"slope":null,"std_dev":{"confidence_interval":{"confidence_level":0.95,"lower_bound":18264569.98982387,"upper_bound":86245255.4551902},"point_estimate":68648081.27880311,"standard_error":18173140.1990182}}