{"mean":{"confidence_interval":{"confidence_level":0.95,"lower_bound":3688894653.0375,"upper_bound":3816936526.1799994},"point_estimate":3748603979.7,"standard_error":32765876.384322688},"median":{"confidence_interval":{"confidence_level":0.95,"lower_bound":3672465220.0,"upper_bound":3815702748.0},"point_estimate":3718928150.0,"standard_error":39846709.75846693},"median_abs_dev":{"confidence_interval":{"confidence_level":0.95,"lower_bound":13854279.992437363,"upper_bound":176327233.86876583},"point_estimate":87218695.92585862,"standard_error":39000638.637671545},"slope":null,"std_dev":{"confidence_interval":{"confidence_level":0.95,"lower_bound":49794006.025630616,"upper_bound":146668523.1759217},"point_estimate":109324382.29384337,"standard_error":26580500.364207268}}