{"mean":{"confidence_interval":{"confidence_level":0.95,"lower_bound":-0.23033746517597795,"upper_bound":-0.18026288192738246},"point_estimate":-0.20643916009183405,"standard_error":0.012827277093338214},"median":{"confidence_interval":{"confidence_level":0.95,"lower_bound":-0.2500808509184701,"upper_bound":-0.16874264505710201},"point_estimate":-0.21892931388789605,"standard_error":0.01944817804521763}}