{"mean":{"confidence_interval":{"confidence_level":0.95,"lower_bound":-0.1594423856885967,"upper_bound":-0.10360801695033038},"point_estimate":-0.13258456408847497,"standard_error":0.014322386026267035},"median":{"confidence_interval":{"confidence_level":0.95,"lower_bound":-0.175044417194274,"upper_bound":-0.08614474179724241},"point_estimate":-0.1380681026341848,"standard_error":0.022230265680261596}}