{"mean":{"confidence_interval":{"confidence_level":0.95,"lower_bound":-0.17088887201294278,"upper_bound":-0.1423181460225231},"point_estimate":-0.15726577311844803,"standard_error":0.007138850592333472},"median":{"confidence_interval":{"confidence_level":0.95,"lower_bound":-0.18045399908648918,"upper_bound":-0.13746442156263294},"point_estimate":-0.1580617593764958,"standard_error":0.010477426598355053}}