{"mean":{"confidence_interval":{"confidence_level":0.95,"lower_bound":-0.09931996858403881,"upper_bound":-0.06867402645730486},"point_estimate":-0.08494546673406445,"standard_error":0.007851195929905503},"median":{"confidence_interval":{"confidence_level":0.95,"lower_bound":-0.10205110200479717,"upper_bound":-0.07440844138056746},"point_estimate":-0.09220857940476779,"standard_error":0.006582482854016097}}