{"mean":{"confidence_interval":{"confidence_level":0.95,"lower_bound":131312432.44130555,"upper_bound":133864147.71364583},"point_estimate":132391945.96218252,"standard_error":670107.834224286},"median":{"confidence_interval":{"confidence_level":0.95,"lower_bound":130951973.0,"upper_bound":133392244.5},"point_estimate":131452284.8625,"standard_error":633839.7884151244},"median_abs_dev":{"confidence_interval":{"confidence_level":0.95,"lower_bound":152077.20839592442,"upper_bound":2802969.595762342},"point_estimate":1056595.1766841852,"standard_error":637973.2160460937},"slope":{"confidence_interval":{"confidence_level":0.95,"lower_bound":131377811.74873096,"upper_bound":132423576.53508772},"point_estimate":131760250.15844156,"standard_error":268158.2482950724},"std_dev":{"confidence_interval":{"confidence_level":0.95,"lower_bound":663751.7939448958,"upper_bound":3257636.533066224},"point_estimate":2232577.1138801808,"standard_error":791183.6331450499}}