{"mean":{"confidence_interval":{"confidence_level":0.95,"lower_bound":16363.049932722419,"upper_bound":16422.101293227017},"point_estimate":16399.240709216076,"standard_error":16.32585418147583},"median":{"confidence_interval":{"confidence_level":0.95,"lower_bound":16397.889338081586,"upper_bound":16423.32734931158},"point_estimate":16415.854403332734,"standard_error":6.966110281935984},"median_abs_dev":{"confidence_interval":{"confidence_level":0.95,"lower_bound":0.26630289588697026,"upper_bound":35.33941696801029},"point_estimate":8.965296784481293,"standard_error":9.294933129764527},"slope":{"confidence_interval":{"confidence_level":0.95,"lower_bound":16411.308064479916,"upper_bound":16424.937248577982},"point_estimate":16417.49233414856,"standard_error":3.475490955989876},"std_dev":{"confidence_interval":{"confidence_level":0.95,"lower_bound":6.902558614544156,"upper_bound":82.99534834655708},"point_estimate":54.52826122269729,"standard_error":24.99617321623683}}