{"mean":{"confidence_interval":{"confidence_level":0.95,"lower_bound":17667.233519699876,"upper_bound":17676.656928434975},"point_estimate":17671.50141065347,"standard_error":2.428165849224228},"median":{"confidence_interval":{"confidence_level":0.95,"lower_bound":17665.717624521072,"upper_bound":17675.982529799916},"point_estimate":17669.029865900382,"standard_error":2.3586379131054995},"median_abs_dev":{"confidence_interval":{"confidence_level":0.95,"lower_bound":0.8324429622343827,"upper_bound":11.854789153041626},"point_estimate":5.561674157005538,"standard_error":2.821663148216532},"slope":{"confidence_interval":{"confidence_level":0.95,"lower_bound":17667.701974537664,"upper_bound":17683.302485503264},"point_estimate":17677.07736080012,"standard_error":3.961716146847347},"std_dev":{"confidence_interval":{"confidence_level":0.95,"lower_bound":2.5209168512168803,"upper_bound":10.743780103245227},"point_estimate":8.127679507735662,"standard_error":2.131597056968114}}