{"mean":{"confidence_interval":{"confidence_level":0.95,"lower_bound":564032.251215193,"upper_bound":565893.6954810014},"point_estimate":564807.2377432493,"standard_error":486.23252956521475},"median":{"confidence_interval":{"confidence_level":0.95,"lower_bound":563468.1022727273,"upper_bound":564427.8573803192},"point_estimate":563950.4657210403,"standard_error":224.48847550742636},"median_abs_dev":{"confidence_interval":{"confidence_level":0.95,"lower_bound":1631.9847195235384,"upper_bound":2595.6773182510005},"point_estimate":2163.6354385734526,"standard_error":234.74525718945665},"slope":{"confidence_interval":{"confidence_level":0.95,"lower_bound":563491.2624149405,"upper_bound":564582.9467191107},"point_estimate":564020.8367563174,"standard_error":278.8417011420456},"std_dev":{"confidence_interval":{"confidence_level":0.95,"lower_bound":2013.2654546064043,"upper_bound":7783.258596279221},"point_estimate":4897.256689823814,"standard_error":1866.0716815732812}}