{"mean":{"confidence_interval":{"confidence_level":0.95,"lower_bound":405532368.94,"upper_bound":406707260.4},"point_estimate":406127973.85,"standard_error":300538.613527835},"median":{"confidence_interval":{"confidence_level":0.95,"lower_bound":405309137.0,"upper_bound":406896264.0},"point_estimate":406113493.0,"standard_error":337458.9098484945},"median_abs_dev":{"confidence_interval":{"confidence_level":0.95,"lower_bound":160616.7268484831,"upper_bound":2025676.344037056},"point_estimate":860062.916430831,"standard_error":530736.2006828107},"slope":null,"std_dev":{"confidence_interval":{"confidence_level":0.95,"lower_bound":550470.7999423136,"upper_bound":1258202.3691983733},"point_estimate":999457.388703992,"standard_error":184040.24388734662}}