{"mean":{"confidence_interval":{"confidence_level":0.95,"lower_bound":311669739.7,"upper_bound":315035023.08750004},"point_estimate":313341009.25,"standard_error":863113.6458128967},"median":{"confidence_interval":{"confidence_level":0.95,"lower_bound":311039645.0,"upper_bound":315684007.5},"point_estimate":313229984.5,"standard_error":1368234.399154511},"median_abs_dev":{"confidence_interval":{"confidence_level":0.95,"lower_bound":270766.86254292727,"upper_bound":4997585.797575116},"point_estimate":3319609.5406651497,"standard_error":1093103.5297340928},"slope":null,"std_dev":{"confidence_interval":{"confidence_level":0.95,"lower_bound":1721812.7901305263,"upper_bound":3582010.7783857253},"point_estimate":2883010.3079016525,"standard_error":475580.92269386665}}