{"mean":{"confidence_interval":{"confidence_level":0.95,"lower_bound":316470997.9,"upper_bound":318129553.75},"point_estimate":317218030.55,"standard_error":427322.92695191625},"median":{"confidence_interval":{"confidence_level":0.95,"lower_bound":316178383.5,"upper_bound":317972445.0},"point_estimate":316905414.5,"standard_error":400200.0330881149},"median_abs_dev":{"confidence_interval":{"confidence_level":0.95,"lower_bound":155743.42073500156,"upper_bound":2017006.8406909704},"point_estimate":1114292.1175673604,"standard_error":484016.47961164144},"slope":null,"std_dev":{"confidence_interval":{"confidence_level":0.95,"lower_bound":562529.8057305618,"upper_bound":1988221.3065700647},"point_estimate":1424732.4176313765,"standard_error":409055.2605106375}}