{"mean":{"confidence_interval":{"confidence_level":0.95,"lower_bound":409451928.75,"upper_bound":411010740.2525},"point_estimate":410184233.05,"standard_error":401673.4657693002},"median":{"confidence_interval":{"confidence_level":0.95,"lower_bound":409135108.0,"upper_bound":411635213.5},"point_estimate":409561175.75,"standard_error":662305.981004095},"median_abs_dev":{"confidence_interval":{"confidence_level":0.95,"lower_bound":138361.04799360037,"upper_bound":2106990.039970928},"point_estimate":821662.8358125687,"standard_error":550931.9742103319},"slope":null,"std_dev":{"confidence_interval":{"confidence_level":0.95,"lower_bound":504374.0916401244,"upper_bound":1556195.6921598688},"point_estimate":1336373.2555644452,"standard_error":234019.70398177742}}