{"mean":{"confidence_interval":{"confidence_level":0.95,"lower_bound":-0.008367140481852086,"upper_bound":-0.006452118855777278},"point_estimate":-0.007207369961593546,"standard_error":0.0005229289604831306},"median":{"confidence_interval":{"confidence_level":0.95,"lower_bound":-0.007145940836043918,"upper_bound":-0.00634678060408278},"point_estimate":-0.006766419157312131,"standard_error":0.00023148603794670035}}