{"mean":{"confidence_interval":{"confidence_level":0.95,"lower_bound":-0.011714204214025838,"upper_bound":-0.007761134461167267},"point_estimate":-0.009636247186060265,"standard_error":0.0010114421671834073},"median":{"confidence_interval":{"confidence_level":0.95,"lower_bound":-0.01188770948637885,"upper_bound":-0.0076756657272142315},"point_estimate":-0.00887605763852295,"standard_error":0.0009068353688216295}}