{"mean":{"confidence_interval":{"confidence_level":0.95,"lower_bound":-0.002451768631186882,"upper_bound":-0.0013993574991813145},"point_estimate":-0.0019402772687531211,"standard_error":0.0002699083738852201},"median":{"confidence_interval":{"confidence_level":0.95,"lower_bound":-0.00262549882936447,"upper_bound":-0.001938610068169977},"point_estimate":-0.0023664463372696787,"standard_error":0.00021629965141530176}}