{"mean":{"confidence_interval":{"confidence_level":0.95,"lower_bound":3440753.7843499994,"upper_bound":3457039.217816669},"point_estimate":3448219.0533333328,"standard_error":4161.33855126262},"median":{"confidence_interval":{"confidence_level":0.95,"lower_bound":3432537.7666666666,"upper_bound":3442093.4},"point_estimate":3435281.9333333336,"standard_error":2259.0017925103184},"median_abs_dev":{"confidence_interval":{"confidence_level":0.95,"lower_bound":13085.130847692559,"upper_bound":23659.923419952254},"point_estimate":16586.438945532052,"standard_error":2722.2272296369815},"slope":null,"std_dev":{"confidence_interval":{"confidence_level":0.95,"lower_bound":25149.670982422314,"upper_bound":55576.950082313466},"point_estimate":41949.63802855865,"standard_error":7775.533846264918}}