{"mean":{"confidence_interval":{"confidence_level":0.95,"lower_bound":3551735.55423214,"upper_bound":3581872.8516071425},"point_estimate":3565800.7678571413,"standard_error":7705.308930387989},"median":{"confidence_interval":{"confidence_level":0.95,"lower_bound":3531131.25,"upper_bound":3540058.8571428573},"point_estimate":3536038.2142857146,"standard_error":2283.4013724329275},"median_abs_dev":{"confidence_interval":{"confidence_level":0.95,"lower_bound":15709.126296106992,"upper_bound":32102.94770630872},"point_estimate":22414.475902063703,"standard_error":4059.5781421969778},"slope":null,"std_dev":{"confidence_interval":{"confidence_level":0.95,"lower_bound":51640.700033191366,"upper_bound":99559.82551271585},"point_estimate":77291.3635580255,"standard_error":12254.215094108711}}