{"mean":{"confidence_interval":{"confidence_level":0.95,"lower_bound":3307546.05590625,"upper_bound":3393017.7214375},"point_estimate":3342513.124375,"standard_error":22331.223131747025},"median":{"confidence_interval":{"confidence_level":0.95,"lower_bound":3302788.0,"upper_bound":3310043.125},"point_estimate":3306508.46875,"standard_error":1657.2135896097116},"median_abs_dev":{"confidence_interval":{"confidence_level":0.95,"lower_bound":9131.518562883139,"upper_bound":14066.02825652808},"point_estimate":11650.085268169641,"standard_error":1280.2371843404903},"slope":null,"std_dev":{"confidence_interval":{"confidence_level":0.95,"lower_bound":12619.697083555304,"upper_bound":364352.8942058404},"point_estimate":224464.12282472162,"standard_error":92131.41524690486}}