{"mean":{"confidence_interval":{"confidence_level":0.95,"lower_bound":35587486.00851388,"upper_bound":35720963.682050265},"point_estimate":35653221.41062169,"standard_error":34254.55614789172},"median":{"confidence_interval":{"confidence_level":0.95,"lower_bound":35582269.41666667,"upper_bound":35749753.666666664},"point_estimate":35625254.62037037,"standard_error":45709.08857028655},"median_abs_dev":{"confidence_interval":{"confidence_level":0.95,"lower_bound":23346.625335518227,"upper_bound":200132.4200180567},"point_estimate":93002.80446887274,"standard_error":47303.203329862416},"slope":{"confidence_interval":{"confidence_level":0.95,"lower_bound":35547545.94992732,"upper_bound":35771382.834590994},"point_estimate":35653691.915151514,"standard_error":59142.4563529448},"std_dev":{"confidence_interval":{"confidence_level":0.95,"lower_bound":60949.48398024244,"upper_bound":146937.6618469357},"point_estimate":114285.77449401452,"standard_error":22085.742163286897}}