{"mean":{"confidence_interval":{"confidence_level":0.95,"lower_bound":0.23844381337983397,"upper_bound":0.2414620538599553},"point_estimate":0.2399875067698587,"standard_error":0.0007668768741121465},"median":{"confidence_interval":{"confidence_level":0.95,"lower_bound":0.23859395484396462,"upper_bound":0.24117720118746244},"point_estimate":0.23984913423687826,"standard_error":0.000699977035239974}}