{"mean":{"confidence_interval":{"confidence_level":0.95,"lower_bound":0.19338512960715568,"upper_bound":0.19754755215588884},"point_estimate":0.19562428214083716,"standard_error":0.0010565082746135325},"median":{"confidence_interval":{"confidence_level":0.95,"lower_bound":0.19521397313186425,"upper_bound":0.19752046364924952},"point_estimate":0.19668091868509885,"standard_error":0.0005859881608368798}}