{"mean":{"confidence_interval":{"confidence_level":0.95,"lower_bound":0.04090079146631296,"upper_bound":0.04773098495090775},"point_estimate":0.04361924189760935,"standard_error":0.001755838088591016},"median":{"confidence_interval":{"confidence_level":0.95,"lower_bound":0.040208422456270876,"upper_bound":0.04342929078098101},"point_estimate":0.041786128087416774,"standard_error":0.0008088550882133551}}