{"mean":{"confidence_interval":{"confidence_level":0.95,"lower_bound":-0.028608679315261662,"upper_bound":-0.01942255040158752},"point_estimate":-0.023397785683280325,"standard_error":0.002377044161053637},"median":{"confidence_interval":{"confidence_level":0.95,"lower_bound":-0.02140144481817985,"upper_bound":-0.0188257037591546},"point_estimate":-0.020194101897166528,"standard_error":0.0006538662887268817}}