{"mean":{"confidence_interval":{"confidence_level":0.95,"lower_bound":0.1273688841876616,"upper_bound":0.13781812664663348},"point_estimate":0.13331818115334704,"standard_error":0.002708111138701838},"median":{"confidence_interval":{"confidence_level":0.95,"lower_bound":0.13635138882528608,"upper_bound":0.1392902663780542},"point_estimate":0.1377337477284324,"standard_error":0.0007561273497652385}}