{"mean":{"confidence_interval":{"confidence_level":0.95,"lower_bound":-0.05858604506743084,"upper_bound":-0.05630782855539648},"point_estimate":-0.05745788988496625,"standard_error":0.0005812142681838531},"median":{"confidence_interval":{"confidence_level":0.95,"lower_bound":-0.058372167920651585,"upper_bound":-0.05637461464758686},"point_estimate":-0.05736598415030769,"standard_error":0.0004641415926000028}}