{"mean":{"confidence_interval":{"confidence_level":0.95,"lower_bound":0.019425512742530016,"upper_bound":0.021809522312386642},"point_estimate":0.020663279425357173,"standard_error":0.0006076701146808645},"median":{"confidence_interval":{"confidence_level":0.95,"lower_bound":0.019250601284043878,"upper_bound":0.02183748752858561},"point_estimate":0.020574749208488452,"standard_error":0.0006415035928233695}}