{"mean":{"confidence_interval":{"confidence_level":0.95,"lower_bound":0.016501690354647203,"upper_bound":0.02138129615633904},"point_estimate":0.018498242738144155,"standard_error":0.0012259688254741585},"median":{"confidence_interval":{"confidence_level":0.95,"lower_bound":0.015639437956992852,"upper_bound":0.018362564000033776},"point_estimate":0.01693888147221112,"standard_error":0.000698646323080277}}