{"mean":{"confidence_interval":{"confidence_level":0.95,"lower_bound":184244309.8333333,"upper_bound":186166849.2425},"point_estimate":185181402.8,"standard_error":490716.557960153},"median":{"confidence_interval":{"confidence_level":0.95,"lower_bound":184026873.5,"upper_bound":186519272.66666666},"point_estimate":184776999.1666667,"standard_error":665456.0759975511},"median_abs_dev":{"confidence_interval":{"confidence_level":0.95,"lower_bound":214398.78219366074,"upper_bound":2790356.191161319},"point_estimate":1919751.4947176054,"standard_error":692292.0258613938},"slope":null,"std_dev":{"confidence_interval":{"confidence_level":0.95,"lower_bound":896582.9238412469,"upper_bound":2102912.345960719},"point_estimate":1634769.9691990707,"standard_error":308725.8805076656}}