{"mean":{"confidence_interval":{"confidence_level":0.95,"lower_bound":140204576.13205257,"upper_bound":141517683.1540873},"point_estimate":140904333.17686507,"standard_error":335192.9819921376},"median":{"confidence_interval":{"confidence_level":0.95,"lower_bound":140342884.4375,"upper_bound":141384270.4},"point_estimate":141069168.20238096,"standard_error":225102.6157012662},"median_abs_dev":{"confidence_interval":{"confidence_level":0.95,"lower_bound":79817.91405794244,"upper_bound":1909922.8535287501},"point_estimate":391171.9939953177,"standard_error":451322.3472686638},"slope":{"confidence_interval":{"confidence_level":0.95,"lower_bound":140893842.59046176,"upper_bound":142038026.98474947},"point_estimate":141448902.45454547,"standard_error":304435.6423299832},"std_dev":{"confidence_interval":{"confidence_level":0.95,"lower_bound":252171.41477737454,"upper_bound":1543009.4464356755},"point_estimate":1118777.5454383064,"standard_error":307828.0318308972}}