{"mean":{"confidence_interval":{"confidence_level":0.95,"lower_bound":203507648.29916668,"upper_bound":205208683.93333334},"point_estimate":204362774.2,"standard_error":435424.92350450665},"median":{"confidence_interval":{"confidence_level":0.95,"lower_bound":203654972.0,"upper_bound":205348332.3333333},"point_estimate":204079313.5,"standard_error":476964.9392097065},"median_abs_dev":{"confidence_interval":{"confidence_level":0.95,"lower_bound":219951.6132950709,"upper_bound":2562552.72840558},"point_estimate":999911.3828480244,"standard_error":606529.5656645581},"slope":null,"std_dev":{"confidence_interval":{"confidence_level":0.95,"lower_bound":686074.2433445312,"upper_bound":1956325.7026274772},"point_estimate":1454299.3234116323,"standard_error":326850.3924859108}}