{"mean":{"confidence_interval":{"confidence_level":0.95,"lower_bound":211243594.26666668,"upper_bound":211686835.07166666},"point_estimate":211455037.5,"standard_error":113746.87818025537},"median":{"confidence_interval":{"confidence_level":0.95,"lower_bound":211170348.1666667,"upper_bound":211820780.5},"point_estimate":211266938.16666666,"standard_error":190542.98649897563},"median_abs_dev":{"confidence_interval":{"confidence_level":0.95,"lower_bound":40034.89418922382,"upper_bound":599115.6841635704},"point_estimate":287411.1475974174,"standard_error":162211.56320215293},"slope":null,"std_dev":{"confidence_interval":{"confidence_level":0.95,"lower_bound":204055.1883688013,"upper_bound":446272.0195093181},"point_estimate":379021.5434567354,"standard_error":60762.224088485345}}