{"mean":{"confidence_interval":{"confidence_level":0.95,"lower_bound":198127521.05499998,"upper_bound":199244449.2},"point_estimate":198666054.6666667,"standard_error":286836.7234552165},"median":{"confidence_interval":{"confidence_level":0.95,"lower_bound":197735962.33333334,"upper_bound":199347226.0},"point_estimate":198621788.83333334,"standard_error":496939.40137679625},"median_abs_dev":{"confidence_interval":{"confidence_level":0.95,"lower_bound":136636.9077742026,"upper_bound":1802295.4770028666},"point_estimate":1157389.1984522268,"standard_error":423557.9407540002},"slope":null,"std_dev":{"confidence_interval":{"confidence_level":0.95,"lower_bound":572127.7084591702,"upper_bound":1202203.8541158468},"point_estimate":953734.0984790822,"standard_error":171122.2483127609}}