{"mean":{"confidence_interval":{"confidence_level":0.95,"lower_bound":448816.1989589735,"upper_bound":451829.5353019374},"point_estimate":450051.3928519524,"standard_error":787.675473486033},"median":{"confidence_interval":{"confidence_level":0.95,"lower_bound":448377.40641805006,"upper_bound":448838.7619047619},"point_estimate":448627.4396845695,"standard_error":123.92087784677716},"median_abs_dev":{"confidence_interval":{"confidence_level":0.95,"lower_bound":1085.4333229340216,"upper_bound":1993.3198108859885},"point_estimate":1516.403966300932,"standard_error":220.59378811315355},"slope":{"confidence_interval":{"confidence_level":0.95,"lower_bound":449019.3359743441,"upper_bound":451692.55375220295},"point_estimate":450158.48869218264,"standard_error":691.0225093618325},"std_dev":{"confidence_interval":{"confidence_level":0.95,"lower_bound":2186.982780387204,"upper_bound":12762.183789599898},"point_estimate":7928.920445360002,"standard_error":3080.4702360003103}}