{"mean":{"confidence_interval":{"confidence_level":0.95,"lower_bound":1720225.6592231914,"upper_bound":1728760.0184882178},"point_estimate":1724293.9443723215,"standard_error":2184.98585141931},"median":{"confidence_interval":{"confidence_level":0.95,"lower_bound":1714604.110125858,"upper_bound":1723547.90542522},"point_estimate":1718006.888888889,"standard_error":1968.6131087709618},"median_abs_dev":{"confidence_interval":{"confidence_level":0.95,"lower_bound":11142.877978915572,"upper_bound":18564.1812759844},"point_estimate":14384.44474515416,"standard_error":1849.4392928846},"slope":{"confidence_interval":{"confidence_level":0.95,"lower_bound":1721226.814410444,"upper_bound":1735991.9055968411},"point_estimate":1728138.4551884143,"standard_error":3790.375541144761},"std_dev":{"confidence_interval":{"confidence_level":0.95,"lower_bound":16679.75329677969,"upper_bound":26548.338721691132},"point_estimate":21892.661496703877,"standard_error":2524.624799778979}}