{"mean":{"confidence_interval":{"confidence_level":0.95,"lower_bound":-0.028076115444330318,"upper_bound":-0.007845490715456606},"point_estimate":-0.01746983485270548,"standard_error":0.005180894307796827},"median":{"confidence_interval":{"confidence_level":0.95,"lower_bound":-0.027074234907703776,"upper_bound":-0.007704174441597322},"point_estimate":-0.016227983382970157,"standard_error":0.004683736393282587}}