{"mean":{"confidence_interval":{"confidence_level":0.95,"lower_bound":-0.15444867725657016,"upper_bound":-0.12333177402195046},"point_estimate":-0.138822422885168,"standard_error":0.007842969556765859},"median":{"confidence_interval":{"confidence_level":0.95,"lower_bound":-0.15856250843601616,"upper_bound":-0.1071465391304054},"point_estimate":-0.15097868491451405,"standard_error":0.015840188940228192}}