{"mean":{"confidence_interval":{"confidence_level":0.95,"lower_bound":-0.052424350350689486,"upper_bound":-0.040618201476100166},"point_estimate":-0.045544410062522855,"standard_error":0.0030940290647623126},"median":{"confidence_interval":{"confidence_level":0.95,"lower_bound":-0.04719107259524291,"upper_bound":-0.040146938611135496},"point_estimate":-0.04343613344050479,"standard_error":0.0019425307991207173}}