{"mean":{"confidence_interval":{"confidence_level":0.95,"lower_bound":-0.06419031308411059,"upper_bound":-0.044947887634573525},"point_estimate":-0.05408447044317777,"standard_error":0.004930782756743548},"median":{"confidence_interval":{"confidence_level":0.95,"lower_bound":-0.06321174831250953,"upper_bound":-0.04455120185905237},"point_estimate":-0.052023446641851545,"standard_error":0.004853691338001693}}