{"mean":{"confidence_interval":{"confidence_level":0.95,"lower_bound":-0.024373844299143483,"upper_bound":-0.0001050007277730871},"point_estimate":-0.012399331615517983,"standard_error":0.00619336755678734},"median":{"confidence_interval":{"confidence_level":0.95,"lower_bound":-0.03336459929970459,"upper_bound":0.006548969717120601},"point_estimate":-0.0156305234377071,"standard_error":0.011231807156049104}}