{"mean":{"confidence_interval":{"confidence_level":0.95,"lower_bound":0.02520742066861813,"upper_bound":0.10048293509430652},"point_estimate":0.06113107844108301,"standard_error":0.019213550770384037},"median":{"confidence_interval":{"confidence_level":0.95,"lower_bound":0.019250007509913125,"upper_bound":0.13360798317687128},"point_estimate":0.041126289635335045,"standard_error":0.02911026224560799}}