{"mean":{"confidence_interval":{"confidence_level":0.95,"lower_bound":0.0031636937148905317,"upper_bound":0.0322961167386508},"point_estimate":0.013887427171995315,"standard_error":0.008150906598549825},"median":{"confidence_interval":{"confidence_level":0.95,"lower_bound":0.005057103735906177,"upper_bound":0.009464542602309},"point_estimate":0.007484909557583075,"standard_error":0.0024212174847104053}}