{"mean":{"confidence_interval":{"confidence_level":0.95,"lower_bound":0.12794332943676012,"upper_bound":0.1502284778810949},"point_estimate":0.14086908635769535,"standard_error":0.005518517225418017},"median":{"confidence_interval":{"confidence_level":0.95,"lower_bound":0.1336175554311425,"upper_bound":0.15154991405356366},"point_estimate":0.14611189136539182,"standard_error":0.003945725965165125}}