{"mean":{"confidence_interval":{"confidence_level":0.95,"lower_bound":16676304.905666662,"upper_bound":16755486.491749998},"point_estimate":16713981.28,"standard_error":20174.90496930931},"median":{"confidence_interval":{"confidence_level":0.95,"lower_bound":16681665.666666666,"upper_bound":16734885.166666668},"point_estimate":16702918.5,"standard_error":13316.163174754673},"median_abs_dev":{"confidence_interval":{"confidence_level":0.95,"lower_bound":94219.72252726647,"upper_bound":176004.87907528784},"point_estimate":133286.97313368274,"standard_error":21556.315196963442},"slope":null,"std_dev":{"confidence_interval":{"confidence_level":0.95,"lower_bound":138158.2523357753,"upper_bound":265896.86203059077},"point_estimate":202803.07305151332,"standard_error":33341.43682605928}}