{"mean":{"confidence_interval":{"confidence_level":0.95,"lower_bound":19918210.159666672,"upper_bound":19998288.24791667},"point_estimate":19957345.93666667,"standard_error":20317.382778231735},"median":{"confidence_interval":{"confidence_level":0.95,"lower_bound":19919873.333333332,"upper_bound":19981580.166666668},"point_estimate":19946186.0,"standard_error":17946.329250402287},"median_abs_dev":{"confidence_interval":{"confidence_level":0.95,"lower_bound":117149.54576768071,"upper_bound":222600.53760304858},"point_estimate":168617.3305064449,"standard_error":27910.84727982952},"slope":null,"std_dev":{"confidence_interval":{"confidence_level":0.95,"lower_bound":164520.02335528514,"upper_bound":239901.4118064609},"point_estimate":203897.5200015008,"standard_error":19248.696610638304}}