{"mean":{"confidence_interval":{"confidence_level":0.95,"lower_bound":14686342.224937499,"upper_bound":14766415.606625},"point_estimate":14723508.73,"standard_error":20544.1379197958},"median":{"confidence_interval":{"confidence_level":0.95,"lower_bound":14646069.75,"upper_bound":14677211.0},"point_estimate":14662017.0,"standard_error":7916.797739110214},"median_abs_dev":{"confidence_interval":{"confidence_level":0.95,"lower_bound":51343.7343634665,"upper_bound":104601.50529295206},"point_estimate":75129.82704117894,"standard_error":13340.02932452865},"slope":null,"std_dev":{"confidence_interval":{"confidence_level":0.95,"lower_bound":131149.72983310657,"upper_bound":273707.51631982805},"point_estimate":205933.57593561485,"standard_error":36616.55135731752}}