{"mean":{"confidence_interval":{"confidence_level":0.95,"lower_bound":20165720.13508332,"upper_bound":20320099.641083326},"point_estimate":20227689.65,"standard_error":40713.21045042682},"median":{"confidence_interval":{"confidence_level":0.95,"lower_bound":20121669.333333332,"upper_bound":20203823.0},"point_estimate":20163736.0,"standard_error":21732.52271756342},"median_abs_dev":{"confidence_interval":{"confidence_level":0.95,"lower_bound":103303.11836600304,"upper_bound":182997.95103364054},"point_estimate":128639.02221620175,"standard_error":19785.71301603536},"slope":null,"std_dev":{"confidence_interval":{"confidence_level":0.95,"lower_bound":146457.7311675649,"upper_bound":666941.6474001402},"point_estimate":409678.5765262347,"standard_error":174877.2246610906}}