{"mean":{"confidence_interval":{"confidence_level":0.95,"lower_bound":2611029541.3624997,"upper_bound":2638927343.5},"point_estimate":2625194713.4,"standard_error":7145641.780800922},"median":{"confidence_interval":{"confidence_level":0.95,"lower_bound":2605800516.0,"upper_bound":2646005555.0},"point_estimate":2627475393.5,"standard_error":9802739.39855831},"median_abs_dev":{"confidence_interval":{"confidence_level":0.95,"lower_bound":5584118.655762076,"upper_bound":43049755.05821407},"point_estimate":29803994.88157332,"standard_error":10012160.510313476},"slope":null,"std_dev":{"confidence_interval":{"confidence_level":0.95,"lower_bound":13943022.04983451,"upper_bound":29193968.450227275},"point_estimate":23899462.378225684,"standard_error":3887228.933565903}}