{"mean":{"confidence_interval":{"confidence_level":0.95,"lower_bound":2954666005.4,"upper_bound":2967025131.5},"point_estimate":2960854667.4,"standard_error":3160587.6291702813},"median":{"confidence_interval":{"confidence_level":0.95,"lower_bound":2952103367.0,"upper_bound":2970750465.0},"point_estimate":2959986664.0,"standard_error":5378089.448004823},"median_abs_dev":{"confidence_interval":{"confidence_level":0.95,"lower_bound":2812704.903164506,"upper_bound":16802673.18649292},"point_estimate":12673174.136406183,"standard_error":3764271.946149922},"slope":null,"std_dev":{"confidence_interval":{"confidence_level":0.95,"lower_bound":6606898.681727453,"upper_bound":12826224.375180012},"point_estimate":10540693.929772526,"standard_error":1592085.72393378}}