{"mean":{"confidence_interval":{"confidence_level":0.95,"lower_bound":47170595.8125,"upper_bound":47465530.641375},"point_estimate":47310094.155,"standard_error":75220.41901237107},"median":{"confidence_interval":{"confidence_level":0.95,"lower_bound":47128864.0,"upper_bound":47437920.5},"point_estimate":47265460.0,"standard_error":90729.25370664586},"median_abs_dev":{"confidence_interval":{"confidence_level":0.95,"lower_bound":360802.93504446745,"upper_bound":588367.5756543875},"point_estimate":454162.6260370016,"standard_error":55837.979107351006},"slope":null,"std_dev":{"confidence_interval":{"confidence_level":0.95,"lower_bound":522008.40830188635,"upper_bound":961328.278194438},"point_estimate":753632.5760377645,"standard_error":112463.73492526128}}