{"mean":{"confidence_interval":{"confidence_level":0.95,"lower_bound":46129345.863875,"upper_bound":46279927.595750004},"point_estimate":46199225.635,"standard_error":38521.70062934943},"median":{"confidence_interval":{"confidence_level":0.95,"lower_bound":46077136.25,"upper_bound":46200631.5},"point_estimate":46147137.25,"standard_error":26929.25619679016},"median_abs_dev":{"confidence_interval":{"confidence_level":0.95,"lower_bound":175767.04532951117,"upper_bound":319706.74637407064},"point_estimate":223494.9036821723,"standard_error":37775.11435539771},"slope":null,"std_dev":{"confidence_interval":{"confidence_level":0.95,"lower_bound":235006.6331805036,"upper_bound":510291.07500617596},"point_estimate":386534.55709291954,"standard_error":69050.56643319363}}