{"mean":{"confidence_interval":{"confidence_level":0.95,"lower_bound":44675477.73775,"upper_bound":44886450.589999996},"point_estimate":44775408.125,"standard_error":53852.84029152368},"median":{"confidence_interval":{"confidence_level":0.95,"lower_bound":44571536.0,"upper_bound":44733449.0},"point_estimate":44618326.0,"standard_error":48021.945261212146},"median_abs_dev":{"confidence_interval":{"confidence_level":0.95,"lower_bound":249722.46786653996,"upper_bound":428984.00133401155},"point_estimate":327060.44224351645,"standard_error":44262.520595535774},"slope":null,"std_dev":{"confidence_interval":{"confidence_level":0.95,"lower_bound":384846.0461345536,"upper_bound":681186.4908941606},"point_estimate":542339.7822989268,"standard_error":75910.43930764582}}