{"mean":{"confidence_interval":{"confidence_level":0.95,"lower_bound":45292725.568125,"upper_bound":46298641.506375},"point_estimate":45718518.515,"standard_error":260418.13300647147},"median":{"confidence_interval":{"confidence_level":0.95,"lower_bound":45006848.0,"upper_bound":45335715.0},"point_estimate":45173109.0,"standard_error":83299.92327197085},"median_abs_dev":{"confidence_interval":{"confidence_level":0.95,"lower_bound":377080.4001554847,"upper_bound":725080.3431272507},"point_estimate":511267.5585731864,"standard_error":83465.79851060797},"slope":null,"std_dev":{"confidence_interval":{"confidence_level":0.95,"lower_bound":694313.5086008798,"upper_bound":4044689.538895925},"point_estimate":2626178.211158381,"standard_error":902824.6929134683}}