{"mean":{"confidence_interval":{"confidence_level":0.95,"lower_bound":47837983.4805,"upper_bound":48038301.360625},"point_estimate":47932400.525,"standard_error":51166.45423335426},"median":{"confidence_interval":{"confidence_level":0.95,"lower_bound":47773607.5,"upper_bound":47954164.25},"point_estimate":47878162.0,"standard_error":45833.31139172745},"median_abs_dev":{"confidence_interval":{"confidence_level":0.95,"lower_bound":234762.04264339068,"upper_bound":381347.7676597236},"point_estimate":299404.39298450947,"standard_error":36822.503964710624},"slope":null,"std_dev":{"confidence_interval":{"confidence_level":0.95,"lower_bound":345371.05717074923,"upper_bound":670807.2497912538},"point_estimate":515275.5216381391,"standard_error":83830.3599017151}}