{"mean":{"confidence_interval":{"confidence_level":0.95,"lower_bound":43479130.649125,"upper_bound":43600580.358375},"point_estimate":43531914.125,"standard_error":31255.07264416041},"median":{"confidence_interval":{"confidence_level":0.95,"lower_bound":43494019.0,"upper_bound":43559909.0},"point_estimate":43511341.0,"standard_error":19875.10351781884},"median_abs_dev":{"confidence_interval":{"confidence_level":0.95,"lower_bound":102683.7622269988,"upper_bound":190684.5956146717},"point_estimate":138462.60609179735,"standard_error":21853.872302276923},"slope":null,"std_dev":{"confidence_interval":{"confidence_level":0.95,"lower_bound":157128.04137292187,"upper_bound":481599.2498951824},"point_estimate":315044.56671422446,"standard_error":99712.58723467775}}