{"mean":{"confidence_interval":{"confidence_level":0.95,"lower_bound":48631298.13175,"upper_bound":49041245.564125},"point_estimate":48811894.505,"standard_error":104856.89632277424},"median":{"confidence_interval":{"confidence_level":0.95,"lower_bound":48523354.75,"upper_bound":48728952.0},"point_estimate":48628681.5,"standard_error":53186.51235986316},"median_abs_dev":{"confidence_interval":{"confidence_level":0.95,"lower_bound":385705.05485236645,"upper_bound":602581.6322520375},"point_estimate":511892.84511208534,"standard_error":54791.755801406325},"slope":null,"std_dev":{"confidence_interval":{"confidence_level":0.95,"lower_bound":490497.7729420773,"upper_bound":1540469.8102433793},"point_estimate":1050360.2551669984,"standard_error":279206.64214716724}}