{"mean":{"confidence_interval":{"confidence_level":0.95,"lower_bound":47000080.099375,"upper_bound":47657422.561875},"point_estimate":47238116.095,"standard_error":186737.193528133},"median":{"confidence_interval":{"confidence_level":0.95,"lower_bound":46999169.0,"upper_bound":47029736.0},"point_estimate":47014194.25,"standard_error":8017.130446792452},"median_abs_dev":{"confidence_interval":{"confidence_level":0.95,"lower_bound":53727.736588642016,"upper_bound":102276.89972922203},"point_estimate":80117.47867763042,"standard_error":12337.329882361424},"slope":null,"std_dev":{"confidence_interval":{"confidence_level":0.95,"lower_bound":137672.40315169684,"upper_bound":3187369.1333604595},"point_estimate":1880273.5103210288,"standard_error":1002353.0915631115}}