{"mean":{"confidence_interval":{"confidence_level":0.95,"lower_bound":755312.5998431966,"upper_bound":756776.1765210547},"point_estimate":756002.4321982815,"standard_error":374.44123328883745},"median":{"confidence_interval":{"confidence_level":0.95,"lower_bound":755186.3892168438,"upper_bound":756952.2024793389},"point_estimate":755698.7128099173,"standard_error":405.40732456184986},"median_abs_dev":{"confidence_interval":{"confidence_level":0.95,"lower_bound":71.05539791200538,"upper_bound":2041.1347972336182},"point_estimate":1064.6284931651953,"standard_error":525.4618926317094},"slope":{"confidence_interval":{"confidence_level":0.95,"lower_bound":755554.7908903863,"upper_bound":757494.3690704067},"point_estimate":756364.8904797682,"standard_error":534.8673443331548},"std_dev":{"confidence_interval":{"confidence_level":0.95,"lower_bound":592.2749035787092,"upper_bound":1666.8373836027577},"point_estimate":1245.6739639188456,"standard_error":284.896799355713}}