{"mean":{"confidence_interval":{"confidence_level":0.95,"lower_bound":6443291.4851875,"upper_bound":6650468.34440625},"point_estimate":6533583.35,"standard_error":53143.57470319401},"median":{"confidence_interval":{"confidence_level":0.95,"lower_bound":6407610.375,"upper_bound":6425658.625},"point_estimate":6414143.125,"standard_error":4430.837723855356},"median_abs_dev":{"confidence_interval":{"confidence_level":0.95,"lower_bound":22162.645706534386,"upper_bound":45112.64466159046},"point_estimate":30332.420198991895,"standard_error":6013.783799635636},"slope":null,"std_dev":{"confidence_interval":{"confidence_level":0.95,"lower_bound":138336.48296043483,"upper_bound":777220.59004778},"point_estimate":532428.7650028325,"standard_error":149837.08108979833}}