{"mean":{"confidence_interval":{"confidence_level":0.95,"lower_bound":6464987.18821875,"upper_bound":6540761.855875},"point_estimate":6501200.27125,"standard_error":19388.314645618815},"median":{"confidence_interval":{"confidence_level":0.95,"lower_bound":6395710.5625,"upper_bound":6462273.875},"point_estimate":6437099.125,"standard_error":19994.84901082951},"median_abs_dev":{"confidence_interval":{"confidence_level":0.95,"lower_bound":61775.02979077399,"upper_bound":127191.5104418993},"point_estimate":93591.71788841486,"standard_error":17145.7384187687},"slope":null,"std_dev":{"confidence_interval":{"confidence_level":0.95,"lower_bound":149054.96889439263,"upper_bound":231208.5949771198},"point_estimate":194398.39332404808,"standard_error":21038.74849520526}}