{"mean":{"confidence_interval":{"confidence_level":0.95,"lower_bound":6103482.85638889,"upper_bound":6188702.637277779},"point_estimate":6140565.14,"standard_error":21936.261150360362},"median":{"confidence_interval":{"confidence_level":0.95,"lower_bound":6081999.444444444,"upper_bound":6108279.333333333},"point_estimate":6096434.944444444,"standard_error":6287.118995206551},"median_abs_dev":{"confidence_interval":{"confidence_level":0.95,"lower_bound":34364.93768989994,"upper_bound":62774.49367553023},"point_estimate":48626.97287003138,"standard_error":7176.697339932443},"slope":null,"std_dev":{"confidence_interval":{"confidence_level":0.95,"lower_bound":63540.22495325083,"upper_bound":331449.17011691455},"point_estimate":221613.59960682524,"standard_error":65477.66594731506}}