{"mean":{"confidence_interval":{"confidence_level":0.95,"lower_bound":4101168.1396923065,"upper_bound":4146447.375749999},"point_estimate":4120274.259230769,"standard_error":11769.08177005779},"median":{"confidence_interval":{"confidence_level":0.95,"lower_bound":4090424.230769231,"upper_bound":4104223.846153846},"point_estimate":4097456.0,"standard_error":3736.4376524646545},"median_abs_dev":{"confidence_interval":{"confidence_level":0.95,"lower_bound":22000.586124796053,"upper_bound":45936.877584457055},"point_estimate":32480.743200274563,"standard_error":6188.649802537576},"slope":null,"std_dev":{"confidence_interval":{"confidence_level":0.95,"lower_bound":33515.66670103783,"upper_bound":186467.52835353138},"point_estimate":118299.73965921333,"standard_error":40947.98752922895}}