{"mean":{"confidence_interval":{"confidence_level":0.95,"lower_bound":6091374.185111111,"upper_bound":6108493.167805554},"point_estimate":6099513.8933333345,"standard_error":4374.978212325874},"median":{"confidence_interval":{"confidence_level":0.95,"lower_bound":6084986.888888889,"upper_bound":6094124.277777778},"point_estimate":6089739.277777778,"standard_error":2308.00299209432},"median_abs_dev":{"confidence_interval":{"confidence_level":0.95,"lower_bound":13881.418820222372,"upper_bound":31200.46395108005},"point_estimate":18619.14940277743,"standard_error":4456.178809554874},"slope":null,"std_dev":{"confidence_interval":{"confidence_level":0.95,"lower_bound":32103.12424443812,"upper_bound":55882.64464986324},"point_estimate":43956.88350907492,"standard_error":6163.223170546219}}