{"mean":{"confidence_interval":{"confidence_level":0.95,"lower_bound":6052447.130138889,"upper_bound":6080412.4935277775},"point_estimate":6066065.244444448,"standard_error":7127.532405718565},"median":{"confidence_interval":{"confidence_level":0.95,"lower_bound":6041437.444444444,"upper_bound":6057650.777777778},"point_estimate":6048563.444444444,"standard_error":3570.2162187476074},"median_abs_dev":{"confidence_interval":{"confidence_level":0.95,"lower_bound":23702.902345854804,"upper_bound":82339.24534151869},"point_estimate":34854.030947884305,"standard_error":15281.47520401068},"slope":null,"std_dev":{"confidence_interval":{"confidence_level":0.95,"lower_bound":56473.724638939086,"upper_bound":85352.32757479374},"point_estimate":71590.0563125182,"standard_error":7388.404706888845}}