{"mean":{"confidence_interval":{"confidence_level":0.95,"lower_bound":325484608.95,"upper_bound":332268788.6575},"point_estimate":328564517.55,"standard_error":1752601.978414479},"median":{"confidence_interval":{"confidence_level":0.95,"lower_bound":323886805.0,"upper_bound":333251360.0},"point_estimate":327498869.0,"standard_error":2082266.0838422047},"median_abs_dev":{"confidence_interval":{"confidence_level":0.95,"lower_bound":160584.48029905558,"upper_bound":7530526.309606433},"point_estimate":5273333.084079623,"standard_error":2331044.471605598},"slope":null,"std_dev":{"confidence_interval":{"confidence_level":0.95,"lower_bound":2054453.0012709529,"upper_bound":7419818.414270809},"point_estimate":5846514.416103708,"standard_error":1430663.7244499335}}