{"mean":{"confidence_interval":{"confidence_level":0.95,"lower_bound":328340944.8,"upper_bound":339470588.4},"point_estimate":332869828.1,"standard_error":2987386.495871722},"median":{"confidence_interval":{"confidence_level":0.95,"lower_bound":327752867.0,"upper_bound":334559406.0},"point_estimate":329891347.75,"standard_error":1472227.0538550897},"median_abs_dev":{"confidence_interval":{"confidence_level":0.95,"lower_bound":631467.4981892109,"upper_bound":7969819.940507412},"point_estimate":2503295.1842576265,"standard_error":2126692.1617022525},"slope":null,"std_dev":{"confidence_interval":{"confidence_level":0.95,"lower_bound":1686571.3843884554,"upper_bound":14898184.808570478},"point_estimate":9995909.947606267,"standard_error":4088796.665849517}}