{"mean":{"confidence_interval":{"confidence_level":0.95,"lower_bound":405112972.9,"upper_bound":411206122.09999996},"point_estimate":407927999.85,"standard_error":1561578.1121983938},"median":{"confidence_interval":{"confidence_level":0.95,"lower_bound":404340870.75,"upper_bound":409805320.5},"point_estimate":407772071.25,"standard_error":1355807.24039563},"median_abs_dev":{"confidence_interval":{"confidence_level":0.95,"lower_bound":627760.2569550276,"upper_bound":7834647.223757207},"point_estimate":3169695.7030266523,"standard_error":1769305.9853478477},"slope":null,"std_dev":{"confidence_interval":{"confidence_level":0.95,"lower_bound":1889031.871198103,"upper_bound":7319375.635148813},"point_estimate":5194962.275425839,"standard_error":1492084.108047566}}