{"mean":{"confidence_interval":{"confidence_level":0.95,"lower_bound":279150351.85,"upper_bound":290081872.76},"point_estimate":284421546.55,"standard_error":2786652.2011995157},"median":{"confidence_interval":{"confidence_level":0.95,"lower_bound":278249970.25,"upper_bound":292472903.0},"point_estimate":280951451.0,"standard_error":4502557.427139419},"median_abs_dev":{"confidence_interval":{"confidence_level":0.95,"lower_bound":235023.2304275036,"upper_bound":15625764.941637218},"point_estimate":8952911.226654053,"standard_error":4342180.641295447},"slope":null,"std_dev":{"confidence_interval":{"confidence_level":0.95,"lower_bound":5115455.845398133,"upper_bound":11510488.91840939},"point_estimate":9234850.822313167,"standard_error":1633141.878502419}}