{"mean":{"confidence_interval":{"confidence_level":0.95,"lower_bound":408191748.5875,"upper_bound":410817034.05},"point_estimate":409416587.15,"standard_error":674911.4013241718},"median":{"confidence_interval":{"confidence_level":0.95,"lower_bound":407270895.0,"upper_bound":410893132.75},"point_estimate":408923809.25,"standard_error":786550.2962823804},"median_abs_dev":{"confidence_interval":{"confidence_level":0.95,"lower_bound":224400.03096610308,"upper_bound":3550789.1306608915},"point_estimate":2302852.1156162024,"standard_error":895501.1053103418},"slope":null,"std_dev":{"confidence_interval":{"confidence_level":0.95,"lower_bound":1042514.4877977372,"upper_bound":2953841.9776272113},"point_estimate":2252786.8656461695,"standard_error":511129.66981294815}}