{"mean":{"confidence_interval":{"confidence_level":0.95,"lower_bound":303002219.825,"upper_bound":305502691.45},"point_estimate":304001784.4,"standard_error":672728.614985669},"median":{"confidence_interval":{"confidence_level":0.95,"lower_bound":302706631.5,"upper_bound":304064286.5},"point_estimate":303710626.0,"standard_error":411682.35911513463},"median_abs_dev":{"confidence_interval":{"confidence_level":0.95,"lower_bound":72650.36391019821,"upper_bound":1823823.6934706569},"point_estimate":965451.3116598129,"standard_error":437859.7478494902},"slope":null,"std_dev":{"confidence_interval":{"confidence_level":0.95,"lower_bound":534553.609588564,"upper_bound":3401636.23952897},"point_estimate":2245380.8752447376,"standard_error":955530.8204855005}}