{"mean":{"confidence_interval":{"confidence_level":0.95,"lower_bound":406645224.48625,"upper_bound":410777532.9},"point_estimate":408228888.9,"standard_error":1152144.2128698954},"median":{"confidence_interval":{"confidence_level":0.95,"lower_bound":406438283.0,"upper_bound":408042058.0},"point_estimate":407143513.75,"standard_error":534517.2801300255},"median_abs_dev":{"confidence_interval":{"confidence_level":0.95,"lower_bound":238773.46706092358,"upper_bound":2119636.48801893},"point_estimate":1126788.2114455104,"standard_error":519575.30883819197},"slope":null,"std_dev":{"confidence_interval":{"confidence_level":0.95,"lower_bound":624797.3925752718,"upper_bound":5889048.519788985},"point_estimate":3846473.2830114565,"standard_error":1810476.118803402}}