{"mean":{"confidence_interval":{"confidence_level":0.95,"lower_bound":413949717.085,"upper_bound":418520527.21000004},"point_estimate":415951147.95,"standard_error":1190426.5650916267},"median":{"confidence_interval":{"confidence_level":0.95,"lower_bound":413528309.75,"upper_bound":417297653.0},"point_estimate":415346263.25,"standard_error":786829.1513365261},"median_abs_dev":{"confidence_interval":{"confidence_level":0.95,"lower_bound":73501.0056450963,"upper_bound":5196783.852888644},"point_estimate":1609749.2300212383,"standard_error":1509276.7167805196},"slope":null,"std_dev":{"confidence_interval":{"confidence_level":0.95,"lower_bound":1256909.3142615973,"upper_bound":5649729.7386020385},"point_estimate":3974684.211934945,"standard_error":1281450.8201061324}}