{"mean":{"confidence_interval":{"confidence_level":0.95,"lower_bound":301317608.24125004,"upper_bound":303511386.8},"point_estimate":302286913.8,"standard_error":564806.2422327438},"median":{"confidence_interval":{"confidence_level":0.95,"lower_bound":301124544.5,"upper_bound":303070663.25},"point_estimate":301644121.5,"standard_error":491953.5350155431},"median_abs_dev":{"confidence_interval":{"confidence_level":0.95,"lower_bound":78824.6515005827,"upper_bound":2683554.1368573904},"point_estimate":960427.521649003,"standard_error":676005.030856578},"slope":null,"std_dev":{"confidence_interval":{"confidence_level":0.95,"lower_bound":513787.728330455,"upper_bound":2566609.64753159},"point_estimate":1877346.454673283,"standard_error":544696.7097150624}}