{"mean":{"confidence_interval":{"confidence_level":0.95,"lower_bound":318723015.1125,"upper_bound":322781465.45},"point_estimate":320714900.9,"standard_error":1039699.5983517512},"median":{"confidence_interval":{"confidence_level":0.95,"lower_bound":317554839.0,"upper_bound":323122849.0},"point_estimate":320828489.25,"standard_error":1252380.1940062942},"median_abs_dev":{"confidence_interval":{"confidence_level":0.95,"lower_bound":702518.1367278099,"upper_bound":6269102.453251183},"point_estimate":3480453.475959599,"standard_error":1494612.7155119823},"slope":null,"std_dev":{"confidence_interval":{"confidence_level":0.95,"lower_bound":1936717.5056775226,"upper_bound":4464841.478992802},"point_estimate":3471395.844936273,"standard_error":663852.7583908417}}