{"mean":{"confidence_interval":{"confidence_level":0.95,"lower_bound":621988414.3275001,"upper_bound":634278011.3824999},"point_estimate":627363825.7,"standard_error":3183466.660985581},"median":{"confidence_interval":{"confidence_level":0.95,"lower_bound":621199092.0,"upper_bound":632253657.0},"point_estimate":623859381.0,"standard_error":2743000.6784906737},"median_abs_dev":{"confidence_interval":{"confidence_level":0.95,"lower_bound":545581.2230139971,"upper_bound":13741239.898744226},"point_estimate":3988609.798488021,"standard_error":3793976.8583118394},"slope":null,"std_dev":{"confidence_interval":{"confidence_level":0.95,"lower_bound":3228920.799409172,"upper_bound":14920824.535213353},"point_estimate":10601634.549388798,"standard_error":3296404.311195286}}