{"mean":{"confidence_interval":{"confidence_level":0.95,"lower_bound":591517262.1,"upper_bound":593491331.105},"point_estimate":592484843.4,"standard_error":505665.6076578014},"median":{"confidence_interval":{"confidence_level":0.95,"lower_bound":591283331.0,"upper_bound":594172443.0},"point_estimate":592332396.0,"standard_error":737662.6091296006},"median_abs_dev":{"confidence_interval":{"confidence_level":0.95,"lower_bound":196880.38090467453,"upper_bound":2879938.5880708694},"point_estimate":1619574.4200468063,"standard_error":684359.2878471726},"slope":null,"std_dev":{"confidence_interval":{"confidence_level":0.95,"lower_bound":947631.476690248,"upper_bound":2127318.442230137},"point_estimate":1682456.291825087,"standard_error":299196.9206509543}}