{"mean":{"confidence_interval":{"confidence_level":0.95,"lower_bound":605033462.645,"upper_bound":608395393.8},"point_estimate":606583034.4,"standard_error":862710.6292808581},"median":{"confidence_interval":{"confidence_level":0.95,"lower_bound":604519106.5,"upper_bound":608277664.0},"point_estimate":605886322.0,"standard_error":1097802.1343499895},"median_abs_dev":{"confidence_interval":{"confidence_level":0.95,"lower_bound":499123.21153879166,"upper_bound":4616683.6253374815},"point_estimate":2598490.704667568,"standard_error":1010126.9549566205},"slope":null,"std_dev":{"confidence_interval":{"confidence_level":0.95,"lower_bound":1346658.8160970954,"upper_bound":3920457.9100909117},"point_estimate":2877131.1097590174,"standard_error":739711.2596446922}}