{"mean":{"confidence_interval":{"confidence_level":0.95,"lower_bound":667645863.7075,"upper_bound":670708824.8425001},"point_estimate":669152101.1,"standard_error":785540.995822295},"median":{"confidence_interval":{"confidence_level":0.95,"lower_bound":666769951.0,"upper_bound":672244242.0},"point_estimate":668772965.5,"standard_error":1511317.1932713836},"median_abs_dev":{"confidence_interval":{"confidence_level":0.95,"lower_bound":254470.49428224564,"upper_bound":4234942.301514745},"point_estimate":3146519.7002381086,"standard_error":1090619.9194949223},"slope":null,"std_dev":{"confidence_interval":{"confidence_level":0.95,"lower_bound":1726589.2307727812,"upper_bound":3028211.4693262773},"point_estimate":2626798.9256455367,"standard_error":335201.9400383922}}