{"mean":{"confidence_interval":{"confidence_level":0.95,"lower_bound":782166.5701196835,"upper_bound":783769.2775149232},"point_estimate":782970.5085690543,"standard_error":410.2973329250568},"median":{"confidence_interval":{"confidence_level":0.95,"lower_bound":781971.5324582824,"upper_bound":784175.3625949668},"point_estimate":782722.7168803419,"standard_error":668.9100551626951},"median_abs_dev":{"confidence_interval":{"confidence_level":0.95,"lower_bound":135.59717857545436,"upper_bound":2323.930654895911},"point_estimate":1664.5191615814126,"standard_error":548.5326895385865},"slope":{"confidence_interval":{"confidence_level":0.95,"lower_bound":782067.9844709281,"upper_bound":783823.0954683048},"point_estimate":782960.7730491731,"standard_error":452.18471226757487},"std_dev":{"confidence_interval":{"confidence_level":0.95,"lower_bound":828.9010128697739,"upper_bound":1704.3079757464363},"point_estimate":1367.43773287597,"standard_error":225.62159493587623}}