{"mean":{"confidence_interval":{"confidence_level":0.95,"lower_bound":408778016.7575,"upper_bound":435156524.0},"point_estimate":422644544.0,"standard_error":6719243.074693966},"median":{"confidence_interval":{"confidence_level":0.95,"lower_bound":409755529.0,"upper_bound":438013332.0},"point_estimate":421783925.0,"standard_error":8036108.153468065},"median_abs_dev":{"confidence_interval":{"confidence_level":0.95,"lower_bound":2517935.1176977158,"upper_bound":35862781.26230836},"point_estimate":20550771.910750866,"standard_error":8354931.9227487575},"slope":null,"std_dev":{"confidence_interval":{"confidence_level":0.95,"lower_bound":10466569.376910195,"upper_bound":30642241.41904095},"point_estimate":22355613.148400765,"standard_error":5425254.099352554}}