{"mean":{"confidence_interval":{"confidence_level":0.95,"lower_bound":284520586.1,"upper_bound":291305521.8},"point_estimate":287447310.3,"standard_error":1767590.203095409},"median":{"confidence_interval":{"confidence_level":0.95,"lower_bound":284198966.0,"upper_bound":290116621.0},"point_estimate":285604323.0,"standard_error":1328497.7875102144},"median_abs_dev":{"confidence_interval":{"confidence_level":0.95,"lower_bound":330765.83022773266,"upper_bound":6969126.486173272},"point_estimate":1886883.4888011217,"standard_error":1690429.5597483842},"slope":null,"std_dev":{"confidence_interval":{"confidence_level":0.95,"lower_bound":1240688.3664254425,"upper_bound":8306510.902067007},"point_estimate":5894924.833384186,"standard_error":1958442.4070827183}}