{"mean":{"confidence_interval":{"confidence_level":0.95,"lower_bound":243454301.4775,"upper_bound":266207048.2},"point_estimate":255198278.8,"standard_error":5809122.758149209},"median":{"confidence_interval":{"confidence_level":0.95,"lower_bound":249474191.0,"upper_bound":267162030.0},"point_estimate":252919198.0,"standard_error":4935723.890908055},"median_abs_dev":{"confidence_interval":{"confidence_level":0.95,"lower_bound":772163.2704913616,"upper_bound":29344893.715023994},"point_estimate":5915620.59687674,"standard_error":8051683.699070058},"slope":null,"std_dev":{"confidence_interval":{"confidence_level":0.95,"lower_bound":6922222.781493352,"upper_bound":27611991.911861893},"point_estimate":19383169.762480095,"standard_error":5329581.249909488}}