{"mean":{"confidence_interval":{"confidence_level":0.95,"lower_bound":255048429.4,"upper_bound":273260941.48999995},"point_estimate":264243797.1,"standard_error":4676306.139594473},"median":{"confidence_interval":{"confidence_level":0.95,"lower_bound":247786253.0,"upper_bound":276570549.0},"point_estimate":269223814.5,"standard_error":7990441.360562797},"median_abs_dev":{"confidence_interval":{"confidence_level":0.95,"lower_bound":2307133.864340186,"upper_bound":25120766.980317235},"point_estimate":20800492.154717445,"standard_error":6704636.552645644},"slope":null,"std_dev":{"confidence_interval":{"confidence_level":0.95,"lower_bound":9948174.589780517,"upper_bound":18603230.88146277},"point_estimate":15598333.354628904,"standard_error":2242928.259375123}}