{"mean":{"confidence_interval":{"confidence_level":0.95,"lower_bound":363729696.7975,"upper_bound":402096761.8},"point_estimate":380145648.5,"standard_error":9732590.24167403},"median":{"confidence_interval":{"confidence_level":0.95,"lower_bound":362204508.0,"upper_bound":404104128.5},"point_estimate":366659535.0,"standard_error":8772581.939486234},"median_abs_dev":{"confidence_interval":{"confidence_level":0.95,"lower_bound":1122976.8175631762,"upper_bound":47718202.92033255},"point_estimate":7799581.139829755,"standard_error":9105332.409420265},"slope":null,"std_dev":{"confidence_interval":{"confidence_level":0.95,"lower_bound":4736028.086867497,"upper_bound":40925804.43254211},"point_estimate":32395165.706320338,"standard_error":9806687.690538803}}