{"mean":{"confidence_interval":{"confidence_level":0.95,"lower_bound":27168.14477575998,"upper_bound":27370.492869114074},"point_estimate":27255.469950960938,"standard_error":52.52443314454387},"median":{"confidence_interval":{"confidence_level":0.95,"lower_bound":27188.19538718534,"upper_bound":27285.21256946512},"point_estimate":27210.504688895504,"standard_error":26.25927824758749},"median_abs_dev":{"confidence_interval":{"confidence_level":0.95,"lower_bound":8.470745766057384,"upper_bound":203.42554955161648},"point_estimate":35.287237847278206,"standard_error":48.87431893737165},"slope":{"confidence_interval":{"confidence_level":0.95,"lower_bound":27197.73489290359,"upper_bound":27366.746959174478},"point_estimate":27268.626052125903,"standard_error":41.642792955744966},"std_dev":{"confidence_interval":{"confidence_level":0.95,"lower_bound":33.07860532824858,"upper_bound":255.63439195389873},"point_estimate":174.65122705764176,"standard_error":64.50801680987861}}