{"mean":{"confidence_interval":{"confidence_level":0.95,"lower_bound":29577.056925826793,"upper_bound":29692.10265376231},"point_estimate":29645.22016144204,"standard_error":30.623594524722424},"median":{"confidence_interval":{"confidence_level":0.95,"lower_bound":29640.751898316274,"upper_bound":29696.449752393528},"point_estimate":29665.135299250105,"standard_error":14.966187506717645},"median_abs_dev":{"confidence_interval":{"confidence_level":0.95,"lower_bound":5.147921625342581,"upper_bound":85.99869795048836},"point_estimate":35.9850796340528,"standard_error":21.434404675325272},"slope":{"confidence_interval":{"confidence_level":0.95,"lower_bound":29514.45741825997,"upper_bound":29684.981182376563},"point_estimate":29621.005383457745,"standard_error":47.32553763460992},"std_dev":{"confidence_interval":{"confidence_level":0.95,"lower_bound":21.481700870809362,"upper_bound":153.62876782044012},"point_estimate":102.06601180939437,"standard_error":42.128942187929695}}