{"mean":{"confidence_interval":{"confidence_level":0.95,"lower_bound":29704707.8825,"upper_bound":30117094.3},"point_estimate":29922152.8,"standard_error":105906.26602604373},"median":{"confidence_interval":{"confidence_level":0.95,"lower_bound":29706173.0,"upper_bound":30149227.0},"point_estimate":29981842.0,"standard_error":98234.97369862307},"median_abs_dev":{"confidence_interval":{"confidence_level":0.95,"lower_bound":28223.514398932457,"upper_bound":568777.9822021723},"point_estimate":276388.51099312305,"standard_error":143434.23796080207},"slope":null,"std_dev":{"confidence_interval":{"confidence_level":0.95,"lower_bound":153878.28733893644,"upper_bound":481027.3323220718},"point_estimate":353168.55850674666,"standard_error":87659.4744198121}}