{"mean":{"confidence_interval":{"confidence_level":0.95,"lower_bound":30768196.880000003,"upper_bound":31455488.7},"point_estimate":31116969.5,"standard_error":176458.62759146074},"median":{"confidence_interval":{"confidence_level":0.95,"lower_bound":30564988.0,"upper_bound":31624892.0},"point_estimate":31209968.0,"standard_error":347698.76836264547},"median_abs_dev":{"confidence_interval":{"confidence_level":0.95,"lower_bound":112206.13120794296,"upper_bound":931177.3067682981},"point_estimate":710619.8042839766,"standard_error":231428.7852520488},"slope":null,"std_dev":{"confidence_interval":{"confidence_level":0.95,"lower_bound":388986.50616314186,"upper_bound":675848.5981580167},"point_estimate":586717.3906469886,"standard_error":73664.5420656755}}