{"mean":{"confidence_interval":{"confidence_level":0.95,"lower_bound":22013247.540000003,"upper_bound":22858501.4},"point_estimate":22433610.2,"standard_error":216234.34013650735},"median":{"confidence_interval":{"confidence_level":0.95,"lower_bound":21875649.0,"upper_bound":22969862.0},"point_estimate":22416940.5,"standard_error":261955.25617312666},"median_abs_dev":{"confidence_interval":{"confidence_level":0.95,"lower_bound":185373.922508955,"upper_bound":1199080.8981120586},"point_estimate":661676.9552528858,"standard_error":271524.57472705503},"slope":null,"std_dev":{"confidence_interval":{"confidence_level":0.95,"lower_bound":374285.9721125457,"upper_bound":935920.5087260588},"point_estimate":721641.7157872735,"standard_error":144079.58769298514}}