{"mean":{"confidence_interval":{"confidence_level":0.95,"lower_bound":246911471.5666667,"upper_bound":250350052.4333333},"point_estimate":248846470.9,"standard_error":890942.3128841794},"median":{"confidence_interval":{"confidence_level":0.95,"lower_bound":247853817.1666667,"upper_bound":250859976.33333334},"point_estimate":249425115.16666666,"standard_error":672077.9296773982},"median_abs_dev":{"confidence_interval":{"confidence_level":0.95,"lower_bound":257311.89713180065,"upper_bound":3781150.325471163},"point_estimate":1873736.2864345459,"standard_error":877120.7449960219},"slope":null,"std_dev":{"confidence_interval":{"confidence_level":0.95,"lower_bound":1016430.7076818508,"upper_bound":4292361.590842501},"point_estimate":2988235.6271445905,"standard_error":970862.8626516797}}