{"mean":{"confidence_interval":{"confidence_level":0.95,"lower_bound":203483276.33333334,"upper_bound":205981917.17416668},"point_estimate":204698324.3,"standard_error":639565.0291319536},"median":{"confidence_interval":{"confidence_level":0.95,"lower_bound":202813015.0,"upper_bound":206604389.3333333},"point_estimate":204720407.8333333,"standard_error":900322.8183299563},"median_abs_dev":{"confidence_interval":{"confidence_level":0.95,"lower_bound":541458.8537871838,"upper_bound":4019731.54873547},"point_estimate":2267218.072348818,"standard_error":913077.388613406},"slope":null,"std_dev":{"confidence_interval":{"confidence_level":0.95,"lower_bound":1204827.9154335177,"upper_bound":2611067.145730435},"point_estimate":2127679.201827287,"standard_error":360610.75193706894}}