{"mean":{"confidence_interval":{"confidence_level":0.95,"lower_bound":201122334.56666666,"upper_bound":205024974.36666664},"point_estimate":202763608.06666666,"standard_error":1021529.9645840622},"median":{"confidence_interval":{"confidence_level":0.95,"lower_bound":200616583.0,"upper_bound":203920996.0},"point_estimate":201737283.6666667,"standard_error":822717.9851385067},"median_abs_dev":{"confidence_interval":{"confidence_level":0.95,"lower_bound":389196.0835903957,"upper_bound":3811754.895427801},"point_estimate":1876766.720780767,"standard_error":855478.4540273487},"slope":null,"std_dev":{"confidence_interval":{"confidence_level":0.95,"lower_bound":1006443.0656688699,"upper_bound":5026150.735286653},"point_estimate":3414691.2926877984,"standard_error":1242096.154362217}}