{"mean":{"confidence_interval":{"confidence_level":0.95,"lower_bound":214915552.5666667,"upper_bound":217930512.8},"point_estimate":216413931.0666667,"standard_error":773052.2650090454},"median":{"confidence_interval":{"confidence_level":0.95,"lower_bound":214301890.33333334,"upper_bound":218281351.66666666},"point_estimate":216482144.3333333,"standard_error":1153968.2643696761},"median_abs_dev":{"confidence_interval":{"confidence_level":0.95,"lower_bound":815936.2934142351,"upper_bound":4241675.52929525},"point_estimate":2949974.634027466,"standard_error":905197.0149343108},"slope":null,"std_dev":{"confidence_interval":{"confidence_level":0.95,"lower_bound":1526039.0782841411,"upper_bound":3199358.9876908497},"point_estimate":2565613.5125168017,"standard_error":431128.045916388}}