{"mean":{"confidence_interval":{"confidence_level":0.95,"lower_bound":217934801.39416665,"upper_bound":219859834.1666667},"point_estimate":218897685.8666667,"standard_error":493497.06524297677},"median":{"confidence_interval":{"confidence_level":0.95,"lower_bound":217463001.6666667,"upper_bound":220325521.8333333},"point_estimate":218991401.5,"standard_error":779228.7939888089},"median_abs_dev":{"confidence_interval":{"confidence_level":0.95,"lower_bound":425453.8072466924,"upper_bound":2718015.9377455562},"point_estimate":1848077.1757900715,"standard_error":582623.9279374329},"slope":null,"std_dev":{"confidence_interval":{"confidence_level":0.95,"lower_bound":1012236.015911306,"upper_bound":2010518.8139354768},"point_estimate":1646367.919616817,"standard_error":256092.14280617077}}