{"mean":{"confidence_interval":{"confidence_level":0.95,"lower_bound":231187164.4483333,"upper_bound":232523498.92750004},"point_estimate":231836796.6,"standard_error":343127.9523875423},"median":{"confidence_interval":{"confidence_level":0.95,"lower_bound":230877773.33333334,"upper_bound":233024047.66666666},"point_estimate":231567384.5,"standard_error":557690.7154395953},"median_abs_dev":{"confidence_interval":{"confidence_level":0.95,"lower_bound":284246.7850536255,"upper_bound":1913849.7584223747},"point_estimate":1129201.7606526467,"standard_error":439524.68677006505},"slope":null,"std_dev":{"confidence_interval":{"confidence_level":0.95,"lower_bound":660706.2079760896,"upper_bound":1360066.4462810778},"point_estimate":1146144.7702618127,"standard_error":173206.96908889644}}