{"mean":{"confidence_interval":{"confidence_level":0.95,"lower_bound":231867666.92249998,"upper_bound":233527353.11166662},"point_estimate":232744950.03333336,"standard_error":426261.16818570736},"median":{"confidence_interval":{"confidence_level":0.95,"lower_bound":231893311.66666666,"upper_bound":233983666.0},"point_estimate":232694502.8333333,"standard_error":548402.9171970225},"median_abs_dev":{"confidence_interval":{"confidence_level":0.95,"lower_bound":95782.13579953453,"upper_bound":2378461.996173866},"point_estimate":1576095.1990187021,"standard_error":556791.8440268708},"slope":null,"std_dev":{"confidence_interval":{"confidence_level":0.95,"lower_bound":725162.2592635974,"upper_bound":1894232.5691149742},"point_estimate":1421861.9811407013,"standard_error":320447.00705617137}}