{"mean":{"confidence_interval":{"confidence_level":0.95,"lower_bound":204121656.49833336,"upper_bound":206823105.3},"point_estimate":205388898.53333333,"standard_error":693853.1002602312},"median":{"confidence_interval":{"confidence_level":0.95,"lower_bound":203679280.16666666,"upper_bound":207315048.8333333},"point_estimate":204150587.3333333,"standard_error":1090197.420544726},"median_abs_dev":{"confidence_interval":{"confidence_level":0.95,"lower_bound":151109.55451726913,"upper_bound":3976584.6772014946},"point_estimate":1098299.4352012577,"standard_error":1093115.1726457353},"slope":null,"std_dev":{"confidence_interval":{"confidence_level":0.95,"lower_bound":1030025.1444147882,"upper_bound":2923574.4300984284},"point_estimate":2309121.630085496,"standard_error":479589.61743013514}}