{"mean":{"confidence_interval":{"confidence_level":0.95,"lower_bound":202757770.86666667,"upper_bound":204653719.06333333},"point_estimate":203654466.4,"standard_error":486761.7864085511},"median":{"confidence_interval":{"confidence_level":0.95,"lower_bound":202212633.0,"upper_bound":204706187.66666666},"point_estimate":203422855.66666666,"standard_error":757255.8688119816},"median_abs_dev":{"confidence_interval":{"confidence_level":0.95,"lower_bound":105978.22291852516,"upper_bound":3147680.8231174797},"point_estimate":1848472.0415830538,"standard_error":665392.2390618288},"slope":null,"std_dev":{"confidence_interval":{"confidence_level":0.95,"lower_bound":892050.8930249553,"upper_bound":2109926.4305697107},"point_estimate":1619108.8048819958,"standard_error":337741.599721488}}