{"mean":{"confidence_interval":{"confidence_level":0.95,"lower_bound":210984080.08083332,"upper_bound":215177592.62833333},"point_estimate":212918876.93333334,"standard_error":1080693.0706872225},"median":{"confidence_interval":{"confidence_level":0.95,"lower_bound":210325405.3333333,"upper_bound":215618293.3333333},"point_estimate":211107413.5,"standard_error":1426552.8708336207},"median_abs_dev":{"confidence_interval":{"confidence_level":0.95,"lower_bound":424363.60206605477,"upper_bound":5604837.743294254},"point_estimate":1914812.460005276,"standard_error":1519151.9278342815},"slope":null,"std_dev":{"confidence_interval":{"confidence_level":0.95,"lower_bound":1436404.726910947,"upper_bound":4672823.98644416},"point_estimate":3617603.5726728025,"standard_error":845518.2538301855}}