{"mean":{"confidence_interval":{"confidence_level":0.95,"lower_bound":201026526.05916664,"upper_bound":203350618.2},"point_estimate":202219488.8,"standard_error":596495.3923380065},"median":{"confidence_interval":{"confidence_level":0.95,"lower_bound":200654589.5,"upper_bound":203803783.83333334},"point_estimate":202609523.33333334,"standard_error":735530.0897497877},"median_abs_dev":{"confidence_interval":{"confidence_level":0.95,"lower_bound":315403.87060046196,"upper_bound":3553314.49261605},"point_estimate":1859097.8355944303,"standard_error":886793.5133147824},"slope":null,"std_dev":{"confidence_interval":{"confidence_level":0.95,"lower_bound":1029162.3917975486,"upper_bound":2474527.6328200605},"point_estimate":1990435.8992456887,"standard_error":358490.19056243385}}