{"mean":{"confidence_interval":{"confidence_level":0.95,"lower_bound":202499941.48916662,"upper_bound":204811020.0},"point_estimate":203628754.90000004,"standard_error":592368.2974877247},"median":{"confidence_interval":{"confidence_level":0.95,"lower_bound":202049117.33333334,"upper_bound":205189099.5},"point_estimate":203302701.0,"standard_error":676928.8270850875},"median_abs_dev":{"confidence_interval":{"confidence_level":0.95,"lower_bound":314601.2898146959,"upper_bound":3715426.174437985},"point_estimate":1602130.6429564878,"standard_error":895252.52046515},"slope":null,"std_dev":{"confidence_interval":{"confidence_level":0.95,"lower_bound":1047144.299234998,"upper_bound":2495174.110013425},"point_estimate":1977950.736627312,"standard_error":372349.35064655903}}