{"mean":{"confidence_interval":{"confidence_level":0.95,"lower_bound":136746113.36952382,"upper_bound":137777012.08027774},"point_estimate":137363114.1298016,"standard_error":276273.47291224165},"median":{"confidence_interval":{"confidence_level":0.95,"lower_bound":137362178.0,"upper_bound":137735824.3},"point_estimate":137550979.3125,"standard_error":111931.36669541145},"median_abs_dev":{"confidence_interval":{"confidence_level":0.95,"lower_bound":42205.997117355524,"upper_bound":704639.8855501325},"point_estimate":226570.2690442354,"standard_error":156381.67154212415},"slope":{"confidence_interval":{"confidence_level":0.95,"lower_bound":137489495.40202704,"upper_bound":137763999.92684478},"point_estimate":137615727.74025974,"standard_error":69064.61529984695},"std_dev":{"confidence_interval":{"confidence_level":0.95,"lower_bound":126884.32356634476,"upper_bound":1393187.8287833487},"point_estimate":919934.8573746532,"standard_error":403850.7975460104}}