{"mean":{"confidence_interval":{"confidence_level":0.95,"lower_bound":133402428.18910715,"upper_bound":134326793.92439482},"point_estimate":133819276.26150794,"standard_error":237527.72828093547},"median":{"confidence_interval":{"confidence_level":0.95,"lower_bound":133155268.22222222,"upper_bound":134088480.0},"point_estimate":133713484.0,"standard_error":211539.53584561616},"median_abs_dev":{"confidence_interval":{"confidence_level":0.95,"lower_bound":86452.44304016232,"upper_bound":1072528.0587921515},"point_estimate":691789.87858494,"standard_error":294411.2794945824},"slope":{"confidence_interval":{"confidence_level":0.95,"lower_bound":133136136.10831365,"upper_bound":133750103.19704433},"point_estimate":133370491.50649351,"standard_error":156194.78905087698},"std_dev":{"confidence_interval":{"confidence_level":0.95,"lower_bound":319718.12632281426,"upper_bound":1112723.8177142146},"point_estimate":792702.0826446672,"standard_error":231226.29227673003}}