{"mean":{"confidence_interval":{"confidence_level":0.95,"lower_bound":149659096.41633335,"upper_bound":151002723.7795238},"point_estimate":150305035.75563496,"standard_error":344200.9609278505},"median":{"confidence_interval":{"confidence_level":0.95,"lower_bound":149779950.71428573,"upper_bound":150950743.7},"point_estimate":150150965.225,"standard_error":239223.3180727669},"median_abs_dev":{"confidence_interval":{"confidence_level":0.95,"lower_bound":33177.02917098115,"upper_bound":1976374.952912338},"point_estimate":275888.95716865367,"standard_error":489231.2860795361},"slope":{"confidence_interval":{"confidence_level":0.95,"lower_bound":149507290.79583332,"upper_bound":150363884.15335387},"point_estimate":149973037.15324676,"standard_error":214451.82397622007},"std_dev":{"confidence_interval":{"confidence_level":0.95,"lower_bound":303811.70868517575,"upper_bound":1577478.6460483416},"point_estimate":1145911.495352125,"standard_error":301499.6288184587}}