{"mean":{"confidence_interval":{"confidence_level":0.95,"lower_bound":134221860.42135713,"upper_bound":136328112.17690474},"point_estimate":135209500.6838492,"standard_error":539387.8634273136},"median":{"confidence_interval":{"confidence_level":0.95,"lower_bound":133945624.64285715,"upper_bound":136893746.44444445},"point_estimate":134588278.1666667,"standard_error":689885.5226731828},"median_abs_dev":{"confidence_interval":{"confidence_level":0.95,"lower_bound":226506.36074871267,"upper_bound":2497070.3853098005},"point_estimate":1133530.5077958445,"standard_error":706948.3833288412},"slope":{"confidence_interval":{"confidence_level":0.95,"lower_bound":134545417.15942445,"upper_bound":137360806.65054944},"point_estimate":136420220.0,"standard_error":639839.7994966129},"std_dev":{"confidence_interval":{"confidence_level":0.95,"lower_bound":637333.9120547909,"upper_bound":2229936.0920480276},"point_estimate":1792491.6819027527,"standard_error":364072.94123169524}}