{"mean":{"confidence_interval":{"confidence_level":0.95,"lower_bound":26888951129.3,"upper_bound":27211419092.2},"point_estimate":27058689094.4,"standard_error":82560016.20035261},"median":{"confidence_interval":{"confidence_level":0.95,"lower_bound":26813671555.0,"upper_bound":27271749525.0},"point_estimate":27114779461.0,"standard_error":103891833.684745},"median_abs_dev":{"confidence_interval":{"confidence_level":0.95,"lower_bound":57213682.726854086,"upper_bound":472364845.4292476},"point_estimate":232459778.74931395,"standard_error":106181409.46394874},"slope":null,"std_dev":{"confidence_interval":{"confidence_level":0.95,"lower_bound":125734680.36017959,"upper_bound":344904886.4656669},"point_estimate":274396732.55112505,"standard_error":54840756.422139354}}