{"mean":{"confidence_interval":{"confidence_level":0.95,"lower_bound":34943342951.3025,"upper_bound":35514556784.0},"point_estimate":35235426980.1,"standard_error":146660083.7243884},"median":{"confidence_interval":{"confidence_level":0.95,"lower_bound":34878384792.0,"upper_bound":35639673714.0},"point_estimate":35281932851.5,"standard_error":180467492.6055147},"median_abs_dev":{"confidence_interval":{"confidence_level":0.95,"lower_bound":116053396.59664035,"upper_bound":866223910.2885514},"point_estimate":508004889.02581036,"standard_error":195819616.44577393},"slope":null,"std_dev":{"confidence_interval":{"confidence_level":0.95,"lower_bound":265499791.69336233,"upper_bound":621451098.9394789},"point_estimate":491045492.03208065,"standard_error":90730998.59674583}}