{"mean":{"confidence_interval":{"confidence_level":0.95,"lower_bound":41507224014.174995,"upper_bound":41753099102.8},"point_estimate":41628714871.1,"standard_error":62943958.2859988},"median":{"confidence_interval":{"confidence_level":0.95,"lower_bound":41461659462.0,"upper_bound":41777398500.0},"point_estimate":41635477402.5,"standard_error":84556728.20925838},"median_abs_dev":{"confidence_interval":{"confidence_level":0.95,"lower_bound":60975701.5822649,"upper_bound":358830572.2541839},"point_estimate":234057344.71405149,"standard_error":75206626.7437778},"slope":null,"std_dev":{"confidence_interval":{"confidence_level":0.95,"lower_bound":120740156.38537192,"upper_bound":263747090.54837742},"point_estimate":210070338.9066174,"standard_error":36826061.789240755}}