{"mean":{"confidence_interval":{"confidence_level":0.95,"lower_bound":845986467.8,"upper_bound":850299790.2425001},"point_estimate":848107674.7,"standard_error":1103092.5290104102},"median":{"confidence_interval":{"confidence_level":0.95,"lower_bound":845060279.0,"upper_bound":850623963.0},"point_estimate":848304646.5,"standard_error":1340202.0784929802},"median_abs_dev":{"confidence_interval":{"confidence_level":0.95,"lower_bound":728368.008568883,"upper_bound":6267043.492537737},"point_estimate":3081758.250787854,"standard_error":1418206.6949460434},"slope":null,"std_dev":{"confidence_interval":{"confidence_level":0.95,"lower_bound":1954422.851114295,"upper_bound":4761663.212686958},"point_estimate":3672019.301776251,"standard_error":726871.0725829251}}