{"mean":{"confidence_interval":{"confidence_level":0.95,"lower_bound":853266678.38,"upper_bound":859854146.1},"point_estimate":856566241.2,"standard_error":1674149.4730943912},"median":{"confidence_interval":{"confidence_level":0.95,"lower_bound":853401587.5,"upper_bound":860181394.5},"point_estimate":856043129.0,"standard_error":1643920.0369528104},"median_abs_dev":{"confidence_interval":{"confidence_level":0.95,"lower_bound":837322.7980345488,"upper_bound":9485955.584290624},"point_estimate":4172586.370521784,"standard_error":2136255.304956805},"slope":null,"std_dev":{"confidence_interval":{"confidence_level":0.95,"lower_bound":2562428.170261507,"upper_bound":7488035.65901128},"point_estimate":5587644.0244235275,"standard_error":1249148.748482213}}