{"mean":{"confidence_interval":{"confidence_level":0.95,"lower_bound":823668225.1400001,"upper_bound":828458526.1},"point_estimate":825790758.4,"standard_error":1239539.7912004835},"median":{"confidence_interval":{"confidence_level":0.95,"lower_bound":823892516.0,"upper_bound":827839266.5},"point_estimate":824465069.5,"standard_error":867088.4058232909},"median_abs_dev":{"confidence_interval":{"confidence_level":0.95,"lower_bound":232074.33907985687,"upper_bound":5660612.660104036},"point_estimate":913934.6690744162,"standard_error":1373476.4248847887},"slope":null,"std_dev":{"confidence_interval":{"confidence_level":0.95,"lower_bound":668208.4228680616,"upper_bound":5647930.758551609},"point_estimate":4148445.7481501345,"standard_error":1261461.9015949883}}