{"mean":{"confidence_interval":{"confidence_level":0.95,"lower_bound":831968329.7,"upper_bound":837045867.5},"point_estimate":834025633.9,"standard_error":1362116.450865526},"median":{"confidence_interval":{"confidence_level":0.95,"lower_bound":831633057.0,"upper_bound":834792100.0},"point_estimate":832788847.0,"standard_error":731337.6480185152},"median_abs_dev":{"confidence_interval":{"confidence_level":0.95,"lower_bound":245230.93124628067,"upper_bound":3877760.246255994},"point_estimate":1441318.4600114822,"standard_error":1013288.1287826918},"slope":null,"std_dev":{"confidence_interval":{"confidence_level":0.95,"lower_bound":865063.2480620195,"upper_bound":6752132.8651365135},"point_estimate":4523224.604052424,"standard_error":1833151.6327418163}}