{"mean":{"confidence_interval":{"confidence_level":0.95,"lower_bound":552880126.9,"upper_bound":580677535.3},"point_estimate":565895568.3,"standard_error":7060744.908320099},"median":{"confidence_interval":{"confidence_level":0.95,"lower_bound":551625153.0,"upper_bound":598118435.0},"point_estimate":554471151.5,"standard_error":11285920.238232775},"median_abs_dev":{"confidence_interval":{"confidence_level":0.95,"lower_bound":843449.6424257755,"upper_bound":35036907.84257054},"point_estimate":4257447.427815199,"standard_error":9928574.730994936},"slope":null,"std_dev":{"confidence_interval":{"confidence_level":0.95,"lower_bound":6386638.481659236,"upper_bound":27218101.46596532},"point_estimate":23487379.45699228,"standard_error":4369694.1028937325}}