{"mean":{"confidence_interval":{"confidence_level":0.95,"lower_bound":568535208.07,"upper_bound":574412858.5},"point_estimate":571557525.3,"standard_error":1507511.524690278},"median":{"confidence_interval":{"confidence_level":0.95,"lower_bound":567642118.0,"upper_bound":575801720.0},"point_estimate":572045429.5,"standard_error":1985552.6348759588},"median_abs_dev":{"confidence_interval":{"confidence_level":0.95,"lower_bound":1540433.2334518433,"upper_bound":9118174.421820045},"point_estimate":5495863.185828924,"standard_error":1961777.8816478339},"slope":null,"std_dev":{"confidence_interval":{"confidence_level":0.95,"lower_bound":2731557.03198484,"upper_bound":6225531.540012656},"point_estimate":5022311.556231321,"standard_error":888675.6746767556}}