{"mean":{"confidence_interval":{"confidence_level":0.95,"lower_bound":554355939.7624999,"upper_bound":584730572.7624999},"point_estimate":569350680.6,"standard_error":7783118.827778197},"median":{"confidence_interval":{"confidence_level":0.95,"lower_bound":548150486.0,"upper_bound":599069241.0},"point_estimate":553712494.0,"standard_error":17596899.89767247},"median_abs_dev":{"confidence_interval":{"confidence_level":0.95,"lower_bound":1692966.8252438307,"upper_bound":37789007.024011016},"point_estimate":14128698.128065467,"standard_error":11838094.047464678},"slope":null,"std_dev":{"confidence_interval":{"confidence_level":0.95,"lower_bound":16125123.53791276,"upper_bound":27965961.103466634},"point_estimate":25978637.2195046,"standard_error":3033002.0913128285}}