{"mean":{"confidence_interval":{"confidence_level":0.95,"lower_bound":380186.7591548753,"upper_bound":384529.58999781654},"point_estimate":382427.0781285843,"standard_error":1111.0996248107795},"median":{"confidence_interval":{"confidence_level":0.95,"lower_bound":383305.0560621412,"upper_bound":385906.41441441444},"point_estimate":384376.1812021858,"standard_error":707.4264205031538},"median_abs_dev":{"confidence_interval":{"confidence_level":0.95,"lower_bound":5197.0186148422945,"upper_bound":9933.733687346858},"point_estimate":7466.890752423158,"standard_error":1230.1092799648357},"slope":{"confidence_interval":{"confidence_level":0.95,"lower_bound":388604.4202986839,"upper_bound":391483.4608288349},"point_estimate":390121.9199901483,"standard_error":737.8694237762949},"std_dev":{"confidence_interval":{"confidence_level":0.95,"lower_bound":8680.817891738949,"upper_bound":13321.948847522975},"point_estimate":11121.53983011923,"standard_error":1187.8361222672381}}