{"mean":{"confidence_interval":{"confidence_level":0.95,"lower_bound":93174017.8575,"upper_bound":93516292.19},"point_estimate":93339531.28,"standard_error":87187.70519424666},"median":{"confidence_interval":{"confidence_level":0.95,"lower_bound":93123631.0,"upper_bound":93456788.5},"point_estimate":93253475.0,"standard_error":78740.56408877828},"median_abs_dev":{"confidence_interval":{"confidence_level":0.95,"lower_bound":494587.196919322,"upper_bound":839100.4354029894},"point_estimate":638463.8874650002,"standard_error":85687.5047902988},"slope":null,"std_dev":{"confidence_interval":{"confidence_level":0.95,"lower_bound":649616.9224514518,"upper_bound":1133018.6716494511},"point_estimate":878253.9646304322,"standard_error":128567.61683729263}}