{"mean":{"confidence_interval":{"confidence_level":0.95,"lower_bound":0.15023525791668688,"upper_bound":0.17040646173198132},"point_estimate":0.16134281161590036,"standard_error":0.005201982252607754},"median":{"confidence_interval":{"confidence_level":0.95,"lower_bound":0.1540332841655847,"upper_bound":0.1744425727476686},"point_estimate":0.16518640309510024,"standard_error":0.00713960622737372}}