{"mean":{"confidence_interval":{"confidence_level":0.95,"lower_bound":0.07996589816172492,"upper_bound":0.11279740152131748},"point_estimate":0.09659280508731038,"standard_error":0.008402536679449485},"median":{"confidence_interval":{"confidence_level":0.95,"lower_bound":0.07264432740872784,"upper_bound":0.12085229582109824},"point_estimate":0.10745130074725306,"standard_error":0.014361887643130402}}