{"mean":{"confidence_interval":{"confidence_level":0.95,"lower_bound":0.02044814077069147,"upper_bound":0.02738210389456134},"point_estimate":0.02342889233707446,"standard_error":0.001801626503342458},"median":{"confidence_interval":{"confidence_level":0.95,"lower_bound":0.019358539817829534,"upper_bound":0.024998897933871334},"point_estimate":0.022807687847488545,"standard_error":0.0014569573143614048}}