{"mean":{"confidence_interval":{"confidence_level":0.95,"lower_bound":-0.4002925717044755,"upper_bound":-0.3913758200106212},"point_estimate":-0.39578642279188536,"standard_error":0.0022599737788953807},"median":{"confidence_interval":{"confidence_level":0.95,"lower_bound":-0.3994358886041953,"upper_bound":-0.39092290342890146},"point_estimate":-0.3963247338068555,"standard_error":0.002338562766495372}}