{"mean":{"confidence_interval":{"confidence_level":0.95,"lower_bound":2.344826293677966,"upper_bound":2.3603944000890875},"point_estimate":2.3517723853095203,"standard_error":0.004043741398984013},"median":{"confidence_interval":{"confidence_level":0.95,"lower_bound":2.3417893892740405,"upper_bound":2.360659311659808},"point_estimate":2.3461452056095164,"standard_error":0.004735440034862447}}