{"mean":{"confidence_interval":{"confidence_level":0.95,"lower_bound":-0.09330873435280308,"upper_bound":-0.07075535721401474},"point_estimate":-0.08174480176840682,"standard_error":0.005785463101684171},"median":{"confidence_interval":{"confidence_level":0.95,"lower_bound":-0.10108719895263818,"upper_bound":-0.06458011440033229},"point_estimate":-0.07480836461519935,"standard_error":0.011073635379522145}}