{"mean":{"confidence_interval":{"confidence_level":0.95,"lower_bound":0.09965024419701254,"upper_bound":0.12032244896625648},"point_estimate":0.10992879203537798,"standard_error":0.005294548977350514},"median":{"confidence_interval":{"confidence_level":0.95,"lower_bound":0.093691416783237,"upper_bound":0.1272764838821141},"point_estimate":0.10958851618844512,"standard_error":0.009492614790255859}}