{"mean":{"confidence_interval":{"confidence_level":0.95,"lower_bound":-0.014175863879015108,"upper_bound":-0.0031137108786912504},"point_estimate":-0.008714478668785719,"standard_error":0.002833862774440531},"median":{"confidence_interval":{"confidence_level":0.95,"lower_bound":-0.017020546952184357,"upper_bound":-0.0016071635658168049},"point_estimate":-0.007348798693345704,"standard_error":0.003711864362356081}}