{"mean":{"confidence_interval":{"confidence_level":0.95,"lower_bound":-0.12499856095520884,"upper_bound":-0.10351589491666385},"point_estimate":-0.11401802983649756,"standard_error":0.005409452407594112},"median":{"confidence_interval":{"confidence_level":0.95,"lower_bound":-0.11975139776263233,"upper_bound":-0.10265253594540202},"point_estimate":-0.11154218664713422,"standard_error":0.004442689925557315}}