{"mean":{"confidence_interval":{"confidence_level":0.95,"lower_bound":0.16404900890765606,"upper_bound":0.17881740147542904},"point_estimate":0.171349393407068,"standard_error":0.0037799909545334137},"median":{"confidence_interval":{"confidence_level":0.95,"lower_bound":0.16118928697214607,"upper_bound":0.1821660825808633},"point_estimate":0.1728417356734191,"standard_error":0.00547846107278563}}