{"mean":{"confidence_interval":{"confidence_level":0.95,"lower_bound":-0.10702628242424977,"upper_bound":-0.07375330699627612},"point_estimate":-0.08937047108324281,"standard_error":0.008540168348423466},"median":{"confidence_interval":{"confidence_level":0.95,"lower_bound":-0.11246584113485036,"upper_bound":-0.06622899567965124},"point_estimate":-0.08021704569314081,"standard_error":0.010428765734859116}}