{"mean":{"confidence_interval":{"confidence_level":0.95,"lower_bound":-0.10850083132274063,"upper_bound":-0.043820072928897384},"point_estimate":-0.0798105872808057,"standard_error":0.016410221120007576},"median":{"confidence_interval":{"confidence_level":0.95,"lower_bound":-0.11322196423011166,"upper_bound":-0.065155432682519},"point_estimate":-0.08187641353946862,"standard_error":0.011482560945382135}}