{"mean":{"confidence_interval":{"confidence_level":0.95,"lower_bound":-0.006417124035214402,"upper_bound":0.003992494444173883},"point_estimate":-0.0007754655240211905,"standard_error":0.0027006683253142675},"median":{"confidence_interval":{"confidence_level":0.95,"lower_bound":-0.00871107717295172,"upper_bound":0.006729520080339224},"point_estimate":0.0017669278398708688,"standard_error":0.0036495269374239676}}