{"mean":{"confidence_interval":{"confidence_level":0.95,"lower_bound":-0.1917097670360076,"upper_bound":-0.18341217613327068},"point_estimate":-0.18738595981367467,"standard_error":0.0021330212319950505},"median":{"confidence_interval":{"confidence_level":0.95,"lower_bound":-0.19239463908058874,"upper_bound":-0.18083614321399477},"point_estimate":-0.18622097776197555,"standard_error":0.002863521545641369}}