{"mean":{"confidence_interval":{"confidence_level":0.95,"lower_bound":0.03494454410398593,"upper_bound":0.051949817104800254},"point_estimate":0.043215384099423604,"standard_error":0.004268192417409192},"median":{"confidence_interval":{"confidence_level":0.95,"lower_bound":0.030057151329470067,"upper_bound":0.05791732889602397},"point_estimate":0.04067173701608384,"standard_error":0.007871059554109345}}