{"mean":{"confidence_interval":{"confidence_level":0.95,"lower_bound":-0.21326929596702676,"upper_bound":-0.2047592421426015},"point_estimate":-0.20920301527740726,"standard_error":0.002174882126522512},"median":{"confidence_interval":{"confidence_level":0.95,"lower_bound":-0.2139301380619445,"upper_bound":-0.2028714353828791},"point_estimate":-0.20696862944924976,"standard_error":0.0028416222014441377}}