{"mean":{"confidence_interval":{"confidence_level":0.95,"lower_bound":-0.020079798136444855,"upper_bound":-0.008031036479490277},"point_estimate":-0.01394060005052089,"standard_error":0.0030858915311950913},"median":{"confidence_interval":{"confidence_level":0.95,"lower_bound":-0.020601378775358503,"upper_bound":-0.005036622191392892},"point_estimate":-0.01160099556761851,"standard_error":0.004010477205338274}}