{"mean":{"confidence_interval":{"confidence_level":0.95,"lower_bound":-0.07111110692996075,"upper_bound":-0.058881305170818306},"point_estimate":-0.06454352763564464,"standard_error":0.003127487020651091},"median":{"confidence_interval":{"confidence_level":0.95,"lower_bound":-0.07104315645249415,"upper_bound":-0.05666304996715099},"point_estimate":-0.06048136172689689,"standard_error":0.0036818506821091525}}