{"mean":{"confidence_interval":{"confidence_level":0.95,"lower_bound":288249.87039425713,"upper_bound":288733.49777261517},"point_estimate":288461.8737402325,"standard_error":124.08288537487874},"median":{"confidence_interval":{"confidence_level":0.95,"lower_bound":288170.46403061226,"upper_bound":288533.67140151514},"point_estimate":288316.5528074866,"standard_error":98.4409600674228},"median_abs_dev":{"confidence_interval":{"confidence_level":0.95,"lower_bound":524.5436924903659,"upper_bound":862.2270743515066},"point_estimate":681.8132191023259,"standard_error":84.42738162096848},"slope":{"confidence_interval":{"confidence_level":0.95,"lower_bound":288325.26535792655,"upper_bound":288582.6772787093},"point_estimate":288451.7618848825,"standard_error":65.90118500587121},"std_dev":{"confidence_interval":{"confidence_level":0.95,"lower_bound":612.982242604007,"upper_bound":1886.0993265567035},"point_estimate":1244.3208000695652,"standard_error":366.55581512073024}}