{"mean":{"confidence_interval":{"confidence_level":0.95,"lower_bound":19774.916041358556,"upper_bound":19885.6514099931},"point_estimate":19813.769617363116,"standard_error":33.371753849996836},"median":{"confidence_interval":{"confidence_level":0.95,"lower_bound":19771.37785338016,"upper_bound":19789.79612964589},"point_estimate":19780.489642778753,"standard_error":9.466393378975916},"median_abs_dev":{"confidence_interval":{"confidence_level":0.95,"lower_bound":2.128385995464657,"upper_bound":20.233017868404087},"point_estimate":13.653467953387558,"standard_error":10.437284018018481},"slope":{"confidence_interval":{"confidence_level":0.95,"lower_bound":19770.92418629292,"upper_bound":19785.81604601852},"point_estimate":19776.158858305873,"standard_error":3.8355156920150715},"std_dev":{"confidence_interval":{"confidence_level":0.95,"lower_bound":5.820885124341535,"upper_bound":170.9107465552747},"point_estimate":111.31878516708043,"standard_error":60.332252181416244}}