{"mean":{"confidence_interval":{"confidence_level":0.95,"lower_bound":-0.029454901959640113,"upper_bound":-0.02025318927764703},"point_estimate":-0.02421666404323186,"standard_error":0.002396643317352884},"median":{"confidence_interval":{"confidence_level":0.95,"lower_bound":-0.024168541190253023,"upper_bound":-0.02029270628209101},"point_estimate":-0.022970510732732596,"standard_error":0.0009600701695702215}}