{"mean":{"confidence_interval":{"confidence_level":0.95,"lower_bound":0.018954695283957233,"upper_bound":0.02470353947740269},"point_estimate":0.021205811839751787,"standard_error":0.001553685663054176},"median":{"confidence_interval":{"confidence_level":0.95,"lower_bound":0.01889985755639323,"upper_bound":0.021068365877103146},"point_estimate":0.020120898008621158,"standard_error":0.0006647743109162848}}