{"mean":{"confidence_interval":{"confidence_level":0.95,"lower_bound":-0.004757411766227856,"upper_bound":-0.0024672671808603566},"point_estimate":-0.003795390809139043,"standard_error":0.0005897617885902767},"median":{"confidence_interval":{"confidence_level":0.95,"lower_bound":-0.004594925396960714,"upper_bound":-0.0027812322299357595},"point_estimate":-0.004371313639152885,"standard_error":0.0004576189371951783}}