{"mean":{"confidence_interval":{"confidence_level":0.95,"lower_bound":-0.004939001137036247,"upper_bound":-0.004046468322606464},"point_estimate":-0.004483064918148649,"standard_error":0.00022750609874843514},"median":{"confidence_interval":{"confidence_level":0.95,"lower_bound":-0.005132414114668249,"upper_bound":-0.0038924994403896074},"point_estimate":-0.00418414832149383,"standard_error":0.0003428037955964517}}