{"mean":{"confidence_interval":{"confidence_level":0.95,"lower_bound":-0.1871140965665371,"upper_bound":-0.18125946171552743},"point_estimate":-0.18447969372058393,"standard_error":0.0014483852108676048},"median":{"confidence_interval":{"confidence_level":0.95,"lower_bound":-0.1856347136932721,"upper_bound":-0.18419592434362686},"point_estimate":-0.18478139365264334,"standard_error":0.0005050373826345589}}