{"mean":{"confidence_interval":{"confidence_level":0.95,"lower_bound":-0.011073777238681545,"upper_bound":-0.00984626314897105},"point_estimate":-0.010440517840629049,"standard_error":0.0003136454247819854},"median":{"confidence_interval":{"confidence_level":0.95,"lower_bound":-0.011149132661908534,"upper_bound":-0.009624114294815578},"point_estimate":-0.010507687252472087,"standard_error":0.0003687586560728817}}