{"mean":{"confidence_interval":{"confidence_level":0.95,"lower_bound":0.3169564564876522,"upper_bound":0.3197150862488248},"point_estimate":0.3181768596734966,"standard_error":0.0006983926756499105},"median":{"confidence_interval":{"confidence_level":0.95,"lower_bound":0.3166484538407224,"upper_bound":0.31861548975641263},"point_estimate":0.31748333378074967,"standard_error":0.0004852108577307624}}