{"mean":{"confidence_interval":{"confidence_level":0.95,"lower_bound":-0.018960534440379647,"upper_bound":-0.011666599826026875},"point_estimate":-0.014747904955332292,"standard_error":0.0019126984715770266},"median":{"confidence_interval":{"confidence_level":0.95,"lower_bound":-0.01384989272123105,"upper_bound":-0.011423275742395989},"point_estimate":-0.012765015134065028,"standard_error":0.0008310250027892558}}