{"mean":{"confidence_interval":{"confidence_level":0.95,"lower_bound":-0.021115217522179604,"upper_bound":-0.019942865526589214},"point_estimate":-0.020558492477292467,"standard_error":0.00029936982383599445},"median":{"confidence_interval":{"confidence_level":0.95,"lower_bound":-0.02123727149984289,"upper_bound":-0.019895609544586912},"point_estimate":-0.020665666488135614,"standard_error":0.00031094621593653226}}