{"mean":{"confidence_interval":{"confidence_level":0.95,"lower_bound":0.013171115403340622,"upper_bound":0.015763466959215804},"point_estimate":0.014526974913063873,"standard_error":0.0006621579256472827},"median":{"confidence_interval":{"confidence_level":0.95,"lower_bound":0.013897232532413373,"upper_bound":0.015220643746810536},"point_estimate":0.014483590315548911,"standard_error":0.00032088096390268657}}