{"mean":{"confidence_interval":{"confidence_level":0.95,"lower_bound":11738.322031272584,"upper_bound":11759.544282864645},"point_estimate":11747.9336392037,"standard_error":5.443133436161976},"median":{"confidence_interval":{"confidence_level":0.95,"lower_bound":11731.163800904977,"upper_bound":11747.20358056266},"point_estimate":11738.202048319326,"standard_error":3.8266828505937833},"median_abs_dev":{"confidence_interval":{"confidence_level":0.95,"lower_bound":24.685766225227948,"upper_bound":42.38036942406974},"point_estimate":33.258438817538675,"standard_error":4.6867517275943795},"slope":{"confidence_interval":{"confidence_level":0.95,"lower_bound":11724.397543789115,"upper_bound":11755.764382715039},"point_estimate":11737.341413850954,"standard_error":8.14294511198027},"std_dev":{"confidence_interval":{"confidence_level":0.95,"lower_bound":29.901447436108366,"upper_bound":79.24121065747165},"point_estimate":54.57344400595935,"standard_error":13.451500888256891}}