{"mean":{"confidence_interval":{"confidence_level":0.95,"lower_bound":16149.98837906594,"upper_bound":16255.243315267506},"point_estimate":16189.311380276948,"standard_error":29.085246476905564},"median":{"confidence_interval":{"confidence_level":0.95,"lower_bound":16134.335751037499,"upper_bound":16153.918058085408},"point_estimate":16146.557236879831,"standard_error":5.715253284602398},"median_abs_dev":{"confidence_interval":{"confidence_level":0.95,"lower_bound":25.72964566492657,"upper_bound":46.57657914102768},"point_estimate":34.815214538270006,"standard_error":5.427935362446861},"slope":{"confidence_interval":{"confidence_level":0.95,"lower_bound":16143.045844768341,"upper_bound":16162.015161316718},"point_estimate":16151.95467105311,"standard_error":4.8434804857337195},"std_dev":{"confidence_interval":{"confidence_level":0.95,"lower_bound":46.69684299432555,"upper_bound":490.9307125145939},"point_estimate":292.1718191293686,"standard_error":146.029837580231}}