{"mean":{"confidence_interval":{"confidence_level":0.95,"lower_bound":15919.9272949221,"upper_bound":15968.575916689104},"point_estimate":15937.672066983774,"standard_error":13.837155759604286},"median":{"confidence_interval":{"confidence_level":0.95,"lower_bound":15916.581732108049,"upper_bound":15924.719966583125},"point_estimate":15920.891737891738,"standard_error":2.5054757136516463},"median_abs_dev":{"confidence_interval":{"confidence_level":0.95,"lower_bound":15.900368709041386,"upper_bound":24.80227875159216},"point_estimate":22.012609804557886,"standard_error":2.293958236263092},"slope":{"confidence_interval":{"confidence_level":0.95,"lower_bound":15917.351774576004,"upper_bound":15925.714563519303},"point_estimate":15921.406531791772,"standard_error":2.135193697301328},"std_dev":{"confidence_interval":{"confidence_level":0.95,"lower_bound":16.01048255751921,"upper_bound":235.56693209586123},"point_estimate":139.02842121286787,"standard_error":73.6051441802459}}