{"mean":{"confidence_interval":{"confidence_level":0.95,"lower_bound":2860473202.1,"upper_bound":2928225199.4},"point_estimate":2893785886.8,"standard_error":17369228.959163755},"median":{"confidence_interval":{"confidence_level":0.95,"lower_bound":2836110711.0,"upper_bound":2945313438.0},"point_estimate":2889972680.5,"standard_error":26843832.320941716},"median_abs_dev":{"confidence_interval":{"confidence_level":0.95,"lower_bound":13745050.18067658,"upper_bound":96234198.07560146},"point_estimate":80951980.08791506,"standard_error":22460870.883925345},"slope":null,"std_dev":{"confidence_interval":{"confidence_level":0.95,"lower_bound":33746586.68872963,"upper_bound":70124495.32431495},"point_estimate":57777155.57417272,"standard_error":9152101.296395503}}