{"mean":{"confidence_interval":{"confidence_level":0.95,"lower_bound":2501466887.7025,"upper_bound":2518913992.7},"point_estimate":2509920174.2,"standard_error":4458836.1541328635},"median":{"confidence_interval":{"confidence_level":0.95,"lower_bound":2499369821.0,"upper_bound":2517523647.0},"point_estimate":2510426453.5,"standard_error":4482213.804405909},"median_abs_dev":{"confidence_interval":{"confidence_level":0.95,"lower_bound":2466718.701606989,"upper_bound":24862198.57970774},"point_estimate":12526487.177610397,"standard_error":5668329.837975943},"slope":null,"std_dev":{"confidence_interval":{"confidence_level":0.95,"lower_bound":6952046.719095496,"upper_bound":20124518.552038886},"point_estimate":14874081.51197832,"standard_error":3457316.9487241087}}