{"mean":{"confidence_interval":{"confidence_level":0.95,"lower_bound":2889586641.3725004,"upper_bound":2939763449.1},"point_estimate":2914702442.9,"standard_error":12892928.354144191},"median":{"confidence_interval":{"confidence_level":0.95,"lower_bound":2875224801.0,"upper_bound":2949657244.0},"point_estimate":2922198559.0,"standard_error":23557573.01825729},"median_abs_dev":{"confidence_interval":{"confidence_level":0.95,"lower_bound":9708659.891536832,"upper_bound":68686697.37366736},"point_estimate":54221150.30768216,"standard_error":16302019.81540108},"slope":null,"std_dev":{"confidence_interval":{"confidence_level":0.95,"lower_bound":27698284.093917195,"upper_bound":51223224.15398487},"point_estimate":42883253.04099478,"standard_error":6015877.353721865}}