{"mean":{"confidence_interval":{"confidence_level":0.95,"lower_bound":2806969623.77,"upper_bound":2942033332.0},"point_estimate":2857477472.2,"standard_error":38315098.89774723},"median":{"confidence_interval":{"confidence_level":0.95,"lower_bound":2798755311.0,"upper_bound":2849430360.5},"point_estimate":2817876196.5,"standard_error":14516275.615085267},"median_abs_dev":{"confidence_interval":{"confidence_level":0.95,"lower_bound":6598228.898558021,"upper_bound":58180810.85908413},"point_estimate":27682042.20174551,"standard_error":16696035.234603005},"slope":null,"std_dev":{"confidence_interval":{"confidence_level":0.95,"lower_bound":14620169.115867516,"upper_bound":196194982.6015003},"point_estimate":127930523.27219152,"standard_error":62496637.85263584}}