{"mean":{"confidence_interval":{"confidence_level":0.95,"lower_bound":2024953648.475,"upper_bound":2046582057.5500002},"point_estimate":2035798066.0,"standard_error":5548921.397245274},"median":{"confidence_interval":{"confidence_level":0.95,"lower_bound":2020971542.0,"upper_bound":2052059209.5},"point_estimate":2037584789.5,"standard_error":6968711.2106208755},"median_abs_dev":{"confidence_interval":{"confidence_level":0.95,"lower_bound":4228942.960721254,"upper_bound":35323873.22177589},"point_estimate":16933834.358364344,"standard_error":8357203.584004691},"slope":null,"std_dev":{"confidence_interval":{"confidence_level":0.95,"lower_bound":10568103.263102924,"upper_bound":23100260.31935478},"point_estimate":18528293.43122215,"standard_error":3216358.315452444}}