{"mean":{"confidence_interval":{"confidence_level":0.95,"lower_bound":-0.05107536704129827,"upper_bound":-0.03228016943552597},"point_estimate":-0.04172804579093792,"standard_error":0.004816659933185793},"median":{"confidence_interval":{"confidence_level":0.95,"lower_bound":-0.05373615340109861,"upper_bound":-0.034491203832108686},"point_estimate":-0.04096802995582194,"standard_error":0.0048121377978417295}}