{"mean":{"confidence_interval":{"confidence_level":0.95,"lower_bound":-0.0758401818085541,"upper_bound":-0.04902576553115823},"point_estimate":-0.06091162355147717,"standard_error":0.007031732737361078},"median":{"confidence_interval":{"confidence_level":0.95,"lower_bound":-0.07280717939609183,"upper_bound":-0.04572747004583699},"point_estimate":-0.0525425409107001,"standard_error":0.005750733499858649}}