{"mean":{"confidence_interval":{"confidence_level":0.95,"lower_bound":-0.04193176227226264,"upper_bound":0.03580242904315821},"point_estimate":-0.004098296122890366,"standard_error":0.019864141616598663},"median":{"confidence_interval":{"confidence_level":0.95,"lower_bound":-0.08069191312943957,"upper_bound":0.0767559648605034},"point_estimate":0.011989191156471124,"standard_error":0.039730950795478046}}