{"mean":{"confidence_interval":{"confidence_level":0.95,"lower_bound":0.02848238259180268,"upper_bound":0.044345697740336934},"point_estimate":0.03696835433606904,"standard_error":0.004043307920860547},"median":{"confidence_interval":{"confidence_level":0.95,"lower_bound":0.028307457236934175,"upper_bound":0.04772034283604665},"point_estimate":0.04038093828218137,"standard_error":0.0038692838606449683}}