{"mean":{"confidence_interval":{"confidence_level":0.95,"lower_bound":-0.02498910478214842,"upper_bound":-0.014334211317932688},"point_estimate":-0.019340760967861526,"standard_error":0.0027095339579957622},"median":{"confidence_interval":{"confidence_level":0.95,"lower_bound":-0.026194738286165475,"upper_bound":-0.014007906305715134},"point_estimate":-0.019017661381291018,"standard_error":0.002891548570894934}}