{"mean":{"confidence_interval":{"confidence_level":0.95,"lower_bound":-0.0006580614181710715,"upper_bound":0.0083610723110384},"point_estimate":0.004374178403528273,"standard_error":0.002322743491482658},"median":{"confidence_interval":{"confidence_level":0.95,"lower_bound":-0.000019049171049556612,"upper_bound":0.009259797135953872},"point_estimate":0.00769189669446968,"standard_error":0.002311665709194065}}