{"mean":{"confidence_interval":{"confidence_level":0.95,"lower_bound":-0.028053518995391415,"upper_bound":0.03713377234798214},"point_estimate":0.004427000912668566,"standard_error":0.016839501720534562},"median":{"confidence_interval":{"confidence_level":0.95,"lower_bound":-0.05582192011284959,"upper_bound":0.07823832566121869},"point_estimate":-0.001030571435967742,"standard_error":0.03386096452861262}}