{"mean":{"confidence_interval":{"confidence_level":0.95,"lower_bound":304488.0076757324,"upper_bound":306869.6252336998},"point_estimate":305728.3384723316,"standard_error":609.3817171068246},"median":{"confidence_interval":{"confidence_level":0.95,"lower_bound":307744.55572755414,"upper_bound":308609.6514084507},"point_estimate":308277.8779644269,"standard_error":292.9308680131472},"median_abs_dev":{"confidence_interval":{"confidence_level":0.95,"lower_bound":1421.895313544218,"upper_bound":4260.03646006778},"point_estimate":2732.3405331292597,"standard_error":703.2253237298669},"slope":{"confidence_interval":{"confidence_level":0.95,"lower_bound":308458.8063332105,"upper_bound":309526.16605857824},"point_estimate":308989.9348182356,"standard_error":272.4223046534289},"std_dev":{"confidence_interval":{"confidence_level":0.95,"lower_bound":4615.037656785638,"upper_bound":7551.925426370938},"point_estimate":6117.310110996049,"standard_error":756.9739956942068}}