{"mean":{"confidence_interval":{"confidence_level":0.95,"lower_bound":-0.07327427262379091,"upper_bound":-0.07194660605704006},"point_estimate":-0.07260345029277604,"standard_error":0.0003391723956371886},"median":{"confidence_interval":{"confidence_level":0.95,"lower_bound":-0.07332308098255513,"upper_bound":-0.07180536379269176},"point_estimate":-0.07280766163083152,"standard_error":0.0004124028682962049}}