{"mean":{"confidence_interval":{"confidence_level":0.95,"lower_bound":-0.05842729840054183,"upper_bound":-0.05295845757962064},"point_estimate":-0.055814123193693166,"standard_error":0.0013996111412487927},"median":{"confidence_interval":{"confidence_level":0.95,"lower_bound":-0.057618203037911986,"upper_bound":-0.05288292535548051},"point_estimate":-0.0568647350100675,"standard_error":0.0010304563549009321}}