{"mean":{"confidence_interval":{"confidence_level":0.95,"lower_bound":-0.1358433330173541,"upper_bound":-0.13308835905481942},"point_estimate":-0.13444688697521334,"standard_error":0.0007070244568465384},"median":{"confidence_interval":{"confidence_level":0.95,"lower_bound":-0.1360476557236302,"upper_bound":-0.1325837250570805},"point_estimate":-0.1342689640968836,"standard_error":0.000991955174015559}}