{"mean":{"confidence_interval":{"confidence_level":0.95,"lower_bound":-0.05893757938973528,"upper_bound":-0.04142557541624175},"point_estimate":-0.051611160508544085,"standard_error":0.0048030215368225345},"median":{"confidence_interval":{"confidence_level":0.95,"lower_bound":-0.058215105292351965,"upper_bound":-0.05620206645516501},"point_estimate":-0.05754970288952055,"standard_error":0.0006456147764734818}}