{"mean":{"confidence_interval":{"confidence_level":0.95,"lower_bound":0.02906976220938113,"upper_bound":0.03677101169649421},"point_estimate":0.03305620747762039,"standard_error":0.001974028766849914},"median":{"confidence_interval":{"confidence_level":0.95,"lower_bound":0.026578218789896413,"upper_bound":0.03923379352485057},"point_estimate":0.03712116998164272,"standard_error":0.004089577841918143}}