{"mean":{"confidence_interval":{"confidence_level":0.95,"lower_bound":0.07551528052694646,"upper_bound":0.08034890581399076},"point_estimate":0.07815218509114819,"standard_error":0.0012293537529725162},"median":{"confidence_interval":{"confidence_level":0.95,"lower_bound":0.07741268345107621,"upper_bound":0.08019009377314301},"point_estimate":0.07856409747432247,"standard_error":0.0007349204701240275}}