{"mean":{"confidence_interval":{"confidence_level":0.95,"lower_bound":3211239382.9,"upper_bound":3288162997.7},"point_estimate":3250475481.5,"standard_error":19529136.45351735},"median":{"confidence_interval":{"confidence_level":0.95,"lower_bound":3221965899.0,"upper_bound":3280993747.0},"point_estimate":3250074869.5,"standard_error":14604137.596208997},"median_abs_dev":{"confidence_interval":{"confidence_level":0.95,"lower_bound":8316941.813644767,"upper_bound":103240574.8861134},"point_estimate":36018390.50774574,"standard_error":23746327.49330114},"slope":null,"std_dev":{"confidence_interval":{"confidence_level":0.95,"lower_bound":22569972.486781247,"upper_bound":90584760.96368146},"point_estimate":65277622.650589086,"standard_error":17491223.165366113}}