{"mean":{"confidence_interval":{"confidence_level":0.95,"lower_bound":3081411646.54,"upper_bound":3116939000.6},"point_estimate":3099568774.9,"standard_error":9117678.392449856},"median":{"confidence_interval":{"confidence_level":0.95,"lower_bound":3071172857.0,"upper_bound":3120951601.5},"point_estimate":3108669762.5,"standard_error":12759452.814367505},"median_abs_dev":{"confidence_interval":{"confidence_level":0.95,"lower_bound":3014618.7109798193,"upper_bound":51013590.48392773},"point_estimate":28908417.024073005,"standard_error":12318486.026921654},"slope":null,"std_dev":{"confidence_interval":{"confidence_level":0.95,"lower_bound":16744145.1091676,"upper_bound":37486703.97142379},"point_estimate":30409694.825692452,"standard_error":5191392.672029532}}