{"mean":{"confidence_interval":{"confidence_level":0.95,"lower_bound":3070880202.5,"upper_bound":3099593278.7225003},"point_estimate":3085526826.7,"standard_error":7261585.70633282},"median":{"confidence_interval":{"confidence_level":0.95,"lower_bound":3075919323.0,"upper_bound":3096076979.5},"point_estimate":3086298208.0,"standard_error":5575653.3231565505},"median_abs_dev":{"confidence_interval":{"confidence_level":0.95,"lower_bound":3465249.0425795317,"upper_bound":39903027.05267966},"point_estimate":13948483.653464913,"standard_error":8068815.823305327},"slope":null,"std_dev":{"confidence_interval":{"confidence_level":0.95,"lower_bound":7782671.264486368,"upper_bound":33566521.259171374},"point_estimate":24098179.027192075,"standard_error":6711484.299991136}}