{"mean":{"confidence_interval":{"confidence_level":0.95,"lower_bound":3102617080.48,"upper_bound":3158421755.0725},"point_estimate":3129478233.6,"standard_error":14294810.609776273},"median":{"confidence_interval":{"confidence_level":0.95,"lower_bound":3088099268.0,"upper_bound":3177758211.0},"point_estimate":3112320260.5,"standard_error":25454903.64639646},"median_abs_dev":{"confidence_interval":{"confidence_level":0.95,"lower_bound":7694610.096493363,"upper_bound":73722185.83956957},"point_estimate":47462195.71117759,"standard_error":18559209.693840183},"slope":null,"std_dev":{"confidence_interval":{"confidence_level":0.95,"lower_bound":28754891.809704285,"upper_bound":56389364.06894896},"point_estimate":47638676.48357771,"standard_error":7160202.092728598}}