{"mean":{"confidence_interval":{"confidence_level":0.95,"lower_bound":3177674848.4,"upper_bound":3199736399.0625},"point_estimate":3189041853.7,"standard_error":5643930.479319494},"median":{"confidence_interval":{"confidence_level":0.95,"lower_bound":3172497917.0,"upper_bound":3206730156.0},"point_estimate":3188857836.0,"standard_error":8576530.891986012},"median_abs_dev":{"confidence_interval":{"confidence_level":0.95,"lower_bound":3377783.0571323633,"upper_bound":31890457.824531198},"point_estimate":25376358.32017958,"standard_error":7620269.6448858995},"slope":null,"std_dev":{"confidence_interval":{"confidence_level":0.95,"lower_bound":10937253.131523548,"upper_bound":22856016.648518667},"point_estimate":18822681.816249542,"standard_error":2990595.8152656453}}