{"mean":{"confidence_interval":{"confidence_level":0.95,"lower_bound":3290691173.1,"upper_bound":3327501906.7},"point_estimate":3307234832.6,"standard_error":9480027.167194631},"median":{"confidence_interval":{"confidence_level":0.95,"lower_bound":3286428455.0,"upper_bound":3330758454.0},"point_estimate":3296937891.0,"standard_error":8895223.153702686},"median_abs_dev":{"confidence_interval":{"confidence_level":0.95,"lower_bound":3971549.5205909014,"upper_bound":40672302.95972228},"point_estimate":15052165.914970636,"standard_error":9528571.795243958},"slope":null,"std_dev":{"confidence_interval":{"confidence_level":0.95,"lower_bound":8292810.705497363,"upper_bound":40435336.59048564},"point_estimate":31664113.66516813,"standard_error":8503890.476302827}}