{"mean":{"confidence_interval":{"confidence_level":0.95,"lower_bound":3122029650.6,"upper_bound":3190535945.3},"point_estimate":3161466124.0,"standard_error":17837404.72460344},"median":{"confidence_interval":{"confidence_level":0.95,"lower_bound":3150091524.0,"upper_bound":3201140709.5},"point_estimate":3166321548.0,"standard_error":16932206.961910814},"median_abs_dev":{"confidence_interval":{"confidence_level":0.95,"lower_bound":3430003.9347052574,"upper_bound":70612363.45387995},"point_estimate":35253463.06642592,"standard_error":16675854.537000084},"slope":null,"std_dev":{"confidence_interval":{"confidence_level":0.95,"lower_bound":20412747.628712267,"upper_bound":87161588.77915257},"point_estimate":59270464.04992883,"standard_error":21230226.36570266}}