{"mean":{"confidence_interval":{"confidence_level":0.95,"lower_bound":3426080489.7,"upper_bound":3460160574.8050003},"point_estimate":3443089587.8,"standard_error":8722048.791413004},"median":{"confidence_interval":{"confidence_level":0.95,"lower_bound":3415186239.0,"upper_bound":3469427051.0},"point_estimate":3444632172.5,"standard_error":15342052.25785357},"median_abs_dev":{"confidence_interval":{"confidence_level":0.95,"lower_bound":5343655.766031146,"upper_bound":50629983.308038116},"point_estimate":35710746.565407515,"standard_error":10973396.789856521},"slope":null,"std_dev":{"confidence_interval":{"confidence_level":0.95,"lower_bound":18672420.34447091,"upper_bound":34383296.85512871},"point_estimate":29115536.109370675,"standard_error":4004975.4889540123}}