{"mean":{"confidence_interval":{"confidence_level":0.95,"lower_bound":3211821383.0125003,"upper_bound":3260214660.7},"point_estimate":3236830838.3,"standard_error":12384313.217393262},"median":{"confidence_interval":{"confidence_level":0.95,"lower_bound":3201523866.5,"upper_bound":3268471637.0},"point_estimate":3242113425.5,"standard_error":12089530.978093626},"median_abs_dev":{"confidence_interval":{"confidence_level":0.95,"lower_bound":6262055.284926295,"upper_bound":82212683.03003311},"point_estimate":18264693.931236863,"standard_error":20458362.325833555},"slope":null,"std_dev":{"confidence_interval":{"confidence_level":0.95,"lower_bound":19553044.690942492,"upper_bound":53181118.21807047},"point_estimate":41423009.22579481,"standard_error":8643552.739327358}}