{"mean":{"confidence_interval":{"confidence_level":0.95,"lower_bound":-0.21788961868587042,"upper_bound":-0.16486770741170734},"point_estimate":-0.1948411002519952,"standard_error":0.013930548660345701},"median":{"confidence_interval":{"confidence_level":0.95,"lower_bound":-0.20987102365216526,"upper_bound":-0.18537897055967634},"point_estimate":-0.20002385102600495,"standard_error":0.00720422245453071}}