{"mean":{"confidence_interval":{"confidence_level":0.95,"lower_bound":-0.22779996166887562,"upper_bound":-0.20915559505237338},"point_estimate":-0.21868368039818542,"standard_error":0.004765970005834915},"median":{"confidence_interval":{"confidence_level":0.95,"lower_bound":-0.2273875299801119,"upper_bound":-0.2060383370634189},"point_estimate":-0.2187341957621607,"standard_error":0.005151550609106407}}