{"mean":{"confidence_interval":{"confidence_level":0.95,"lower_bound":-0.005740841969502722,"upper_bound":0.009226782059696445},"point_estimate":0.0009254866324488464,"standard_error":0.0038534216394498703},"median":{"confidence_interval":{"confidence_level":0.95,"lower_bound":-0.008337202349935291,"upper_bound":0.005412261757923309},"point_estimate":0.0007894920223783242,"standard_error":0.0035546590268005556}}