{"mean":{"confidence_interval":{"confidence_level":0.95,"lower_bound":2589253243.8,"upper_bound":2604830091.4100003},"point_estimate":2597119298.6,"standard_error":3986786.5659511914},"median":{"confidence_interval":{"confidence_level":0.95,"lower_bound":2586883222.0,"upper_bound":2608091177.0},"point_estimate":2597827885.0,"standard_error":5487498.254201631},"median_abs_dev":{"confidence_interval":{"confidence_level":0.95,"lower_bound":3912594.673937559,"upper_bound":22158285.380011797},"point_estimate":14572638.227283955,"standard_error":4676339.701522707},"slope":null,"std_dev":{"confidence_interval":{"confidence_level":0.95,"lower_bound":7526962.125887754,"upper_bound":16916804.78756398},"point_estimate":13317711.664639682,"standard_error":2410432.6875981526}}