{"mean":{"confidence_interval":{"confidence_level":0.95,"lower_bound":2502501434.355,"upper_bound":2525626687.9},"point_estimate":2513820364.6,"standard_error":5954978.292579224},"median":{"confidence_interval":{"confidence_level":0.95,"lower_bound":2492911079.0,"upper_bound":2530153353.0},"point_estimate":2515397665.0,"standard_error":11565655.98642412},"median_abs_dev":{"confidence_interval":{"confidence_level":0.95,"lower_bound":1667545.4247951508,"upper_bound":34049955.12479246},"point_estimate":24538801.27134919,"standard_error":8981850.864248192},"slope":null,"std_dev":{"confidence_interval":{"confidence_level":0.95,"lower_bound":13047210.031364193,"upper_bound":24125715.70532368},"point_estimate":19993934.405781243,"standard_error":2882876.943992761}}