{"mean":{"confidence_interval":{"confidence_level":0.95,"lower_bound":2600510307.9,"upper_bound":2622322282.3},"point_estimate":2611456304.2,"standard_error":5598244.167062121},"median":{"confidence_interval":{"confidence_level":0.95,"lower_bound":2594608454.0,"upper_bound":2628705070.0},"point_estimate":2611699231.0,"standard_error":8093686.51789371},"median_abs_dev":{"confidence_interval":{"confidence_level":0.95,"lower_bound":5123587.521538138,"upper_bound":32477299.063512683},"point_estimate":25275820.992064476,"standard_error":7266649.328427489},"slope":null,"std_dev":{"confidence_interval":{"confidence_level":0.95,"lower_bound":11157821.766083525,"upper_bound":22666717.669226192},"point_estimate":18622112.33186419,"standard_error":2935045.689099912}}