{"mean":{"confidence_interval":{"confidence_level":0.95,"lower_bound":3009066012.9,"upper_bound":3041780440.6},"point_estimate":3025386658.2,"standard_error":8402924.63391893},"median":{"confidence_interval":{"confidence_level":0.95,"lower_bound":2997329001.0,"upper_bound":3049474517.5},"point_estimate":3026436554.5,"standard_error":16128075.923654808},"median_abs_dev":{"confidence_interval":{"confidence_level":0.95,"lower_bound":6378436.417660117,"upper_bound":46730267.9800719},"point_estimate":33030901.15238428,"standard_error":10281512.082785137},"slope":null,"std_dev":{"confidence_interval":{"confidence_level":0.95,"lower_bound":18632097.90191666,"upper_bound":32784817.826941002},"point_estimate":28053044.34184216,"standard_error":3598688.182678351}}