{"mean":{"confidence_interval":{"confidence_level":0.95,"lower_bound":33837703803.692497,"upper_bound":34027158244.0},"point_estimate":33926248049.8,"standard_error":48709088.066788144},"median":{"confidence_interval":{"confidence_level":0.95,"lower_bound":33801519384.0,"upper_bound":34021116085.0},"point_estimate":33900528664.0,"standard_error":63847582.76595795},"median_abs_dev":{"confidence_interval":{"confidence_level":0.95,"lower_bound":35721959.469008446,"upper_bound":274174880.26132286},"point_estimate":153504439.76755142,"standard_error":55498343.30989539},"slope":null,"std_dev":{"confidence_interval":{"confidence_level":0.95,"lower_bound":80496617.75326318,"upper_bound":217646334.80138162},"point_estimate":162566106.50143307,"standard_error":38343186.16562701}}