{"mean":{"confidence_interval":{"confidence_level":0.95,"lower_bound":32034450449.88,"upper_bound":32101463138.5},"point_estimate":32068702689.5,"standard_error":17173827.169918634},"median":{"confidence_interval":{"confidence_level":0.95,"lower_bound":32028172245.5,"upper_bound":32128470081.0},"point_estimate":32064977748.5,"standard_error":19489803.485253483},"median_abs_dev":{"confidence_interval":{"confidence_level":0.95,"lower_bound":5481187.669989467,"upper_bound":101686707.07300007},"point_estimate":54783046.8021065,"standard_error":32515489.37090444},"slope":null,"std_dev":{"confidence_interval":{"confidence_level":0.95,"lower_bound":31247096.910896588,"upper_bound":73145767.52332346},"point_estimate":57195068.964841455,"standard_error":10992864.478024699}}