{"mean":{"confidence_interval":{"confidence_level":0.95,"lower_bound":33591426186.1525,"upper_bound":33805337765.26},"point_estimate":33696340459.9,"standard_error":54952000.392997034},"median":{"confidence_interval":{"confidence_level":0.95,"lower_bound":33550171789.5,"upper_bound":33846548036.0},"point_estimate":33690191775.0,"standard_error":85031418.71391262},"median_abs_dev":{"confidence_interval":{"confidence_level":0.95,"lower_bound":41104574.99714792,"upper_bound":312328935.274753},"point_estimate":193783668.40925217,"standard_error":69812142.7484985},"slope":null,"std_dev":{"confidence_interval":{"confidence_level":0.95,"lower_bound":108689877.97763892,"upper_bound":223555652.8039353},"point_estimate":182847349.11174595,"standard_error":29320673.17136165}}