{"mean":{"confidence_interval":{"confidence_level":0.95,"lower_bound":38273902847.9,"upper_bound":38662635524.8},"point_estimate":38495109348.5,"standard_error":101135886.10176913},"median":{"confidence_interval":{"confidence_level":0.95,"lower_bound":38417725888.0,"upper_bound":38725505855.0},"point_estimate":38528839464.0,"standard_error":83521032.95366797},"median_abs_dev":{"confidence_interval":{"confidence_level":0.95,"lower_bound":35402087.7833873,"upper_bound":393770733.776772},"point_estimate":229879803.49441767,"standard_error":87621322.73732479},"slope":null,"std_dev":{"confidence_interval":{"confidence_level":0.95,"lower_bound":115122169.24388036,"upper_bound":491628125.96758974},"point_estimate":338040348.4665418,"standard_error":116326575.35442612}}