{"mean":{"confidence_interval":{"confidence_level":0.95,"lower_bound":37274856529.0,"upper_bound":37560587518.8425},"point_estimate":37407980882.7,"standard_error":73490407.09682667},"median":{"confidence_interval":{"confidence_level":0.95,"lower_bound":37230469491.0,"upper_bound":37588365753.5},"point_estimate":37379070921.0,"standard_error":75741053.18588996},"median_abs_dev":{"confidence_interval":{"confidence_level":0.95,"lower_bound":38069346.66393399,"upper_bound":422022148.48330915},"point_estimate":172338758.24557543,"standard_error":96835018.51139045},"slope":null,"std_dev":{"confidence_interval":{"confidence_level":0.95,"lower_bound":101232574.39718382,"upper_bound":317749571.6294016},"point_estimate":245093487.832551,"standard_error":56458647.0066151}}