{"mean":{"confidence_interval":{"confidence_level":0.95,"lower_bound":32700228695.25,"upper_bound":33813094489.9025},"point_estimate":33248404607.5,"standard_error":285205667.82542044},"median":{"confidence_interval":{"confidence_level":0.95,"lower_bound":32395057031.5,"upper_bound":34208910266.0},"point_estimate":32996880996.0,"standard_error":573787569.1631285},"median_abs_dev":{"confidence_interval":{"confidence_level":0.95,"lower_bound":64947380.8303535,"upper_bound":1459833072.855082},"point_estimate":1240283406.991768,"standard_error":379727143.6921231},"slope":null,"std_dev":{"confidence_interval":{"confidence_level":0.95,"lower_bound":622945238.592765,"upper_bound":1076815015.3956137},"point_estimate":946089429.4961016,"standard_error":116286788.45551758}}