{"mean":{"confidence_interval":{"confidence_level":0.95,"lower_bound":32408179660.7,"upper_bound":32492669482.49},"point_estimate":32447491204.4,"standard_error":21618548.560643908},"median":{"confidence_interval":{"confidence_level":0.95,"lower_bound":32400363638.0,"upper_bound":32499863638.0},"point_estimate":32431586014.0,"standard_error":21136932.427863747},"median_abs_dev":{"confidence_interval":{"confidence_level":0.95,"lower_bound":1085777.6429235935,"upper_bound":115381450.41266978},"point_estimate":50697386.00934148,"standard_error":28878672.46078133},"slope":null,"std_dev":{"confidence_interval":{"confidence_level":0.95,"lower_bound":26033204.948445663,"upper_bound":91938459.71979925},"point_estimate":71999923.26807112,"standard_error":16387003.984003074}}