{"mean":{"confidence_interval":{"confidence_level":0.95,"lower_bound":-0.3544191741587357,"upper_bound":-0.2649734150469618},"point_estimate":-0.31449742473062403,"standard_error":0.022918698341661194},"median":{"confidence_interval":{"confidence_level":0.95,"lower_bound":-0.3830281012319442,"upper_bound":-0.26221626443371515},"point_estimate":-0.3081631041604336,"standard_error":0.03551618320833524}}