{"mean":{"confidence_interval":{"confidence_level":0.95,"lower_bound":0.02556135050292263,"upper_bound":0.11175544834851413},"point_estimate":0.0642249692036716,"standard_error":0.02210468740336779},"median":{"confidence_interval":{"confidence_level":0.95,"lower_bound":0.014882860038126333,"upper_bound":0.134155953940708},"point_estimate":0.0325757609090529,"standard_error":0.029164314779155785}}