{"mean":{"confidence_interval":{"confidence_level":0.95,"lower_bound":-0.02472908443406807,"upper_bound":0.05808752937738265},"point_estimate":0.016247051962912762,"standard_error":0.02114740430692479},"median":{"confidence_interval":{"confidence_level":0.95,"lower_bound":-0.04473919574090823,"upper_bound":0.07108151092089598},"point_estimate":0.017952873296344096,"standard_error":0.03359145463102757}}