{"mean":{"confidence_interval":{"confidence_level":0.95,"lower_bound":-0.05848495145888698,"upper_bound":-0.0032239595349734403},"point_estimate":-0.029645746929315764,"standard_error":0.014285377766262368},"median":{"confidence_interval":{"confidence_level":0.95,"lower_bound":-0.050220259697389524,"upper_bound":0.0018257309231235475},"point_estimate":-0.025080529870641355,"standard_error":0.013089899159099687}}