{"mean":{"confidence_interval":{"confidence_level":0.95,"lower_bound":0.38204031659778,"upper_bound":0.512576575506047},"point_estimate":0.44269884715826824,"standard_error":0.033278592696360416},"median":{"confidence_interval":{"confidence_level":0.95,"lower_bound":0.3472194525553307,"upper_bound":0.5683648357585855},"point_estimate":0.430258533280655,"standard_error":0.04926998498675655}}