{"mean":{"confidence_interval":{"confidence_level":0.95,"lower_bound":856074327.4675,"upper_bound":862258603.8249999},"point_estimate":859146071.1,"standard_error":1582862.778118578},"median":{"confidence_interval":{"confidence_level":0.95,"lower_bound":854706550.0,"upper_bound":862268024.5},"point_estimate":860497870.0,"standard_error":2330426.187928985},"median_abs_dev":{"confidence_interval":{"confidence_level":0.95,"lower_bound":406072.27199077606,"upper_bound":9484687.220013142},"point_estimate":6127616.084513068,"standard_error":2396688.7446188554},"slope":null,"std_dev":{"confidence_interval":{"confidence_level":0.95,"lower_bound":3036279.9601811646,"upper_bound":6800053.19753189},"point_estimate":5268071.769230105,"standard_error":989679.8200013717}}