{"mean":{"confidence_interval":{"confidence_level":0.95,"lower_bound":842442783.86,"upper_bound":849458296.3},"point_estimate":845497864.7,"standard_error":1823135.787312076},"median":{"confidence_interval":{"confidence_level":0.95,"lower_bound":841853262.5,"upper_bound":848882083.0},"point_estimate":842985905.5,"standard_error":1723891.1347183706},"median_abs_dev":{"confidence_interval":{"confidence_level":0.95,"lower_bound":419866.38214588165,"upper_bound":8589818.045300245},"point_estimate":1829509.8350197077,"standard_error":2095894.7002680402},"slope":null,"std_dev":{"confidence_interval":{"confidence_level":0.95,"lower_bound":1216056.8903355154,"upper_bound":8566764.856357206},"point_estimate":6079200.186085704,"standard_error":1927222.4047151455}}