{"mean":{"confidence_interval":{"confidence_level":0.95,"lower_bound":353152482.10375,"upper_bound":362434236.219},"point_estimate":357666501.93,"standard_error":2367469.59814381},"median":{"confidence_interval":{"confidence_level":0.95,"lower_bound":348083479.5,"upper_bound":357430475.0},"point_estimate":353592663.5,"standard_error":2414318.6045714323},"median_abs_dev":{"confidence_interval":{"confidence_level":0.95,"lower_bound":14234912.331479788,"upper_bound":23976124.188038707},"point_estimate":19588510.412934422,"standard_error":2532745.950358741},"slope":null,"std_dev":{"confidence_interval":{"confidence_level":0.95,"lower_bound":19182228.67542039,"upper_bound":27943382.23773465},"point_estimate":23831371.577220652,"standard_error":2237063.5698200096}}