{"mean":{"confidence_interval":{"confidence_level":0.95,"lower_bound":524605263.51625,"upper_bound":528723053.76274997},"point_estimate":526682005.5,"standard_error":1050878.3491173778},"median":{"confidence_interval":{"confidence_level":0.95,"lower_bound":523760171.0,"upper_bound":532270097.0},"point_estimate":529238128.0,"standard_error":2373504.324951863},"median_abs_dev":{"confidence_interval":{"confidence_level":0.95,"lower_bound":8216548.297727108,"upper_bound":14811420.58994472},"point_estimate":11448238.91865313,"standard_error":1922323.2050510705},"slope":null,"std_dev":{"confidence_interval":{"confidence_level":0.95,"lower_bound":9461174.861833861,"upper_bound":11489449.544115001},"point_estimate":10552670.783307519,"standard_error":515394.8813724644}}