{"mean":{"confidence_interval":{"confidence_level":0.95,"lower_bound":351001640.09725004,"upper_bound":362506845.03275},"point_estimate":356594048.09,"standard_error":2938135.794421192},"median":{"confidence_interval":{"confidence_level":0.95,"lower_bound":340487771.0,"upper_bound":352564330.0},"point_estimate":344984424.0,"standard_error":3064064.154404443},"median_abs_dev":{"confidence_interval":{"confidence_level":0.95,"lower_bound":13871418.1068331,"upper_bound":30357701.493743062},"point_estimate":20932826.06316805,"standard_error":4005608.212025727},"slope":null,"std_dev":{"confidence_interval":{"confidence_level":0.95,"lower_bound":24080716.29818981,"upper_bound":34677436.16859513},"point_estimate":29718199.44096468,"standard_error":2714121.0655189813}}