{"mean":{"confidence_interval":{"confidence_level":0.95,"lower_bound":445422310.266,"upper_bound":452714670.36724997},"point_estimate":448982929.92,"standard_error":1867247.243620943},"median":{"confidence_interval":{"confidence_level":0.95,"lower_bound":440430858.0,"upper_bound":448519891.0},"point_estimate":444709984.0,"standard_error":2115452.7294846717},"median_abs_dev":{"confidence_interval":{"confidence_level":0.95,"lower_bound":12127942.362205986,"upper_bound":19912259.097486734},"point_estimate":17948399.759352207,"standard_error":2181061.7647752953},"slope":null,"std_dev":{"confidence_interval":{"confidence_level":0.95,"lower_bound":15430255.762764163,"upper_bound":21528621.942808554},"point_estimate":18673781.202848926,"standard_error":1554725.9350349836}}