{"mean":{"confidence_interval":{"confidence_level":0.95,"lower_bound":354918141.68375,"upper_bound":367389711.179},"point_estimate":360973593.25,"standard_error":3178837.7785598},"median":{"confidence_interval":{"confidence_level":0.95,"lower_bound":346608665.0,"upper_bound":354681529.0},"point_estimate":350758643.0,"standard_error":2322781.53278294},"median_abs_dev":{"confidence_interval":{"confidence_level":0.95,"lower_bound":14697346.382769942,"upper_bound":29424111.255517602},"point_estimate":21839235.054776073,"standard_error":3806420.418558487},"slope":null,"std_dev":{"confidence_interval":{"confidence_level":0.95,"lower_bound":25474201.23439001,"upper_bound":37453830.911321916},"point_estimate":31902096.063813694,"standard_error":3071302.1137923673}}