{"mean":{"confidence_interval":{"confidence_level":0.95,"lower_bound":0.022250966969141604,"upper_bound":0.030453192645113872},"point_estimate":0.025757204065438355,"standard_error":0.0021464237272209286},"median":{"confidence_interval":{"confidence_level":0.95,"lower_bound":0.022179417386014366,"upper_bound":0.02285262177777536},"point_estimate":0.022541611654701033,"standard_error":0.0001668286993013372}}