{"mean":{"confidence_interval":{"confidence_level":0.95,"lower_bound":0.0259302001022028,"upper_bound":0.028617447696890744},"point_estimate":0.02726638132342174,"standard_error":0.0006808968333525041},"median":{"confidence_interval":{"confidence_level":0.95,"lower_bound":0.02602457868211494,"upper_bound":0.027598014561230677},"point_estimate":0.0269388204905896,"standard_error":0.0003953048676639431}}