{"mean":{"confidence_interval":{"confidence_level":0.95,"lower_bound":-0.0026212971933218853,"upper_bound":0.005429134468885913},"point_estimate":0.0012956270123987146,"standard_error":0.0020427318416046756},"median":{"confidence_interval":{"confidence_level":0.95,"lower_bound":-0.002076186660905255,"upper_bound":-0.0003560801933858416},"point_estimate":-0.0013283659831042627,"standard_error":0.00043675241857683416}}