{"mean":{"confidence_interval":{"confidence_level":0.95,"lower_bound":0.07479983485382706,"upper_bound":0.08574095029742926},"point_estimate":0.07994965401584064,"standard_error":0.002989350732531633},"median":{"confidence_interval":{"confidence_level":0.95,"lower_bound":0.06867070553904675,"upper_bound":0.07941333336570944},"point_estimate":0.07528131229743229,"standard_error":0.0032966802124511614}}