{"mean":{"confidence_interval":{"confidence_level":0.95,"lower_bound":-0.18278402618335554,"upper_bound":-0.11449346888715663},"point_estimate":-0.1476183599682569,"standard_error":0.017530375307156714},"median":{"confidence_interval":{"confidence_level":0.95,"lower_bound":-0.1997290780868346,"upper_bound":-0.09461594577319987},"point_estimate":-0.13039746416666187,"standard_error":0.024147780352560686}}