{"mean":{"confidence_interval":{"confidence_level":0.95,"lower_bound":-0.041702594029918855,"upper_bound":0.016668879888091258},"point_estimate":-0.014746505020741596,"standard_error":0.01485615728605726},"median":{"confidence_interval":{"confidence_level":0.95,"lower_bound":-0.06254465037061496,"upper_bound":0.01996986185105465},"point_estimate":-0.03007033157860417,"standard_error":0.021011307261224195}}