{"mean":{"confidence_interval":{"confidence_level":0.95,"lower_bound":-0.001862345954808303,"upper_bound":0.047421343596410793},"point_estimate":0.02334922622655844,"standard_error":0.012615194662558648},"median":{"confidence_interval":{"confidence_level":0.95,"lower_bound":-0.0036590331314528823,"upper_bound":0.05037504839215723},"point_estimate":0.026497977470318457,"standard_error":0.013223042693715804}}