{"mean":{"confidence_interval":{"confidence_level":0.95,"lower_bound":-0.08018596476224298,"upper_bound":-0.021676125849471022},"point_estimate":-0.05174320526181864,"standard_error":0.014877328932308951},"median":{"confidence_interval":{"confidence_level":0.95,"lower_bound":-0.09665985637728136,"upper_bound":-0.021802459293519427},"point_estimate":-0.07530429452373677,"standard_error":0.019744060208706667}}