{"mean":{"confidence_interval":{"confidence_level":0.95,"lower_bound":0.14734986955776308,"upper_bound":0.1973643513806958},"point_estimate":0.1713700307391488,"standard_error":0.012793703795341161},"median":{"confidence_interval":{"confidence_level":0.95,"lower_bound":0.14189548955490294,"upper_bound":0.20458812468450605},"point_estimate":0.1678970985727526,"standard_error":0.01624130082264576}}