{"mean":{"confidence_interval":{"confidence_level":0.95,"lower_bound":0.24903703422352408,"upper_bound":0.4042853972078347},"point_estimate":0.33093152401052395,"standard_error":0.039665340881377624},"median":{"confidence_interval":{"confidence_level":0.95,"lower_bound":0.2207179960272072,"upper_bound":0.4480928996381972},"point_estimate":0.31756579192101575,"standard_error":0.05672045832257623}}