{"mean":{"confidence_interval":{"confidence_level":0.95,"lower_bound":-0.04109726134396239,"upper_bound":0.018223319364615458},"point_estimate":-0.013797702315058169,"standard_error":0.01554075108636022},"median":{"confidence_interval":{"confidence_level":0.95,"lower_bound":-0.057019789685452626,"upper_bound":0.020748233847512898},"point_estimate":-0.033953146186537,"standard_error":0.021540006996568058}}