{"mean":{"confidence_interval":{"confidence_level":0.95,"lower_bound":0.03838087432211764,"upper_bound":0.15675282249484937},"point_estimate":0.09669884984735355,"standard_error":0.03035670894058977},"median":{"confidence_interval":{"confidence_level":0.95,"lower_bound":0.015271742988022474,"upper_bound":0.14596544079237406},"point_estimate":0.08374905724724524,"standard_error":0.032985840446823914}}