{"mean":{"confidence_interval":{"confidence_level":0.95,"lower_bound":0.3032121146357339,"upper_bound":0.4371349840018449},"point_estimate":0.37214080360971513,"standard_error":0.0341380363139181},"median":{"confidence_interval":{"confidence_level":0.95,"lower_bound":0.28299424997853717,"upper_bound":0.4741138043110855},"point_estimate":0.3857965574091702,"standard_error":0.04579631664704798}}