{"mean":{"confidence_interval":{"confidence_level":0.95,"lower_bound":-0.12551402017790245,"upper_bound":-0.034478528508825226},"point_estimate":-0.07470816709306727,"standard_error":0.02276342679818452},"median":{"confidence_interval":{"confidence_level":0.95,"lower_bound":-0.13586995873540364,"upper_bound":-0.014368367254487535},"point_estimate":-0.052304870369714984,"standard_error":0.027680539433969673}}