{"mean":{"confidence_interval":{"confidence_level":0.95,"lower_bound":-0.32916546991177303,"upper_bound":-0.1892861225673402},"point_estimate":-0.2584783815969619,"standard_error":0.036360583833983905},"median":{"confidence_interval":{"confidence_level":0.95,"lower_bound":-0.2861368852910665,"upper_bound":-0.15599691740386945},"point_estimate":-0.17206939587197378,"standard_error":0.03562662817888433}}