{"mean":{"confidence_interval":{"confidence_level":0.95,"lower_bound":-0.009662586339912226,"upper_bound":0.0883385395197754},"point_estimate":0.038431497232491285,"standard_error":0.02513193247089489},"median":{"confidence_interval":{"confidence_level":0.95,"lower_bound":-0.025764991342711263,"upper_bound":0.09559347924620763},"point_estimate":0.040962585183251354,"standard_error":0.024285821072957386}}