{"mean":{"confidence_interval":{"confidence_level":0.95,"lower_bound":1199.4309661823152,"upper_bound":1289.1274533218411},"point_estimate":1235.440961922188,"standard_error":25.19277691303384},"median":{"confidence_interval":{"confidence_level":0.95,"lower_bound":1194.5745669935582,"upper_bound":1247.4374699860646},"point_estimate":1202.9329736203247,"standard_error":16.034516150405494}}