{"mean":{"confidence_interval":{"confidence_level":0.95,"lower_bound":-0.0008576000318040548,"upper_bound":0.05494959404487422},"point_estimate":0.02698168797475886,"standard_error":0.014274880064065283},"median":{"confidence_interval":{"confidence_level":0.95,"lower_bound":-0.0049515167344897915,"upper_bound":0.04480905519133427},"point_estimate":0.03160866215684899,"standard_error":0.011449239406369244}}