{"mean":{"confidence_interval":{"confidence_level":0.95,"lower_bound":0.18763100953222733,"upper_bound":0.20585484615965233},"point_estimate":0.1965955710965348,"standard_error":0.004674682936468746},"median":{"confidence_interval":{"confidence_level":0.95,"lower_bound":0.18849700610712272,"upper_bound":0.20724987555048835},"point_estimate":0.19587255358721167,"standard_error":0.004596647808013054}}