{"mean":{"confidence_interval":{"confidence_level":0.95,"lower_bound":4128424113.0,"upper_bound":4249756229.1},"point_estimate":4193951466.6,"standard_error":31118717.76548891},"median":{"confidence_interval":{"confidence_level":0.95,"lower_bound":4131737669.5,"upper_bound":4270317267.5},"point_estimate":4210675273.5,"standard_error":39064482.41999014},"median_abs_dev":{"confidence_interval":{"confidence_level":0.95,"lower_bound":15825685.764437914,"upper_bound":163041430.89073598},"point_estimate":78177607.80707002,"standard_error":37141228.81491157},"slope":null,"std_dev":{"confidence_interval":{"confidence_level":0.95,"lower_bound":47646222.43024088,"upper_bound":139307971.79718494},"point_estimate":103328407.40083128,"standard_error":25448140.01360757}}