{"mean":{"confidence_interval":{"confidence_level":0.95,"lower_bound":3468676731.5,"upper_bound":3610461380.0},"point_estimate":3529759593.7,"standard_error":36957245.17083828},"median":{"confidence_interval":{"confidence_level":0.95,"lower_bound":3455605182.0,"upper_bound":3571019116.0},"point_estimate":3496446549.0,"standard_error":26718804.72697836},"median_abs_dev":{"confidence_interval":{"confidence_level":0.95,"lower_bound":17551169.71360445,"upper_bound":146262526.0057211},"point_estimate":57844809.22704935,"standard_error":34755373.298258126},"slope":null,"std_dev":{"confidence_interval":{"confidence_level":0.95,"lower_bound":33461957.319921732,"upper_bound":177154684.60557687},"point_estimate":123530342.73281181,"standard_error":41762385.098391935}}