{"mean":{"confidence_interval":{"confidence_level":0.95,"lower_bound":3697096398.2,"upper_bound":3791783241.6349998},"point_estimate":3742358692.6,"standard_error":24314704.526421316},"median":{"confidence_interval":{"confidence_level":0.95,"lower_bound":3673855089.0,"upper_bound":3819118234.5},"point_estimate":3718667233.5,"standard_error":38684105.403435804},"median_abs_dev":{"confidence_interval":{"confidence_level":0.95,"lower_bound":4879891.822564602,"upper_bound":138087277.01286077},"point_estimate":73698379.73179221,"standard_error":34184510.51872829},"slope":null,"std_dev":{"confidence_interval":{"confidence_level":0.95,"lower_bound":42374103.67032292,"upper_bound":97058679.82006946},"point_estimate":80759038.82172745,"standard_error":13744119.978121724}}