{"mean":{"confidence_interval":{"confidence_level":0.95,"lower_bound":3581720281.1,"upper_bound":3609797203.8375},"point_estimate":3596789785.8,"standard_error":7204331.516380206},"median":{"confidence_interval":{"confidence_level":0.95,"lower_bound":3585514138.0,"upper_bound":3616380571.0},"point_estimate":3597093219.0,"standard_error":7252417.837920617},"median_abs_dev":{"confidence_interval":{"confidence_level":0.95,"lower_bound":3973232.2715610266,"upper_bound":37434412.84700632},"point_estimate":20112008.309340477,"standard_error":8773252.387944728},"slope":null,"std_dev":{"confidence_interval":{"confidence_level":0.95,"lower_bound":10862046.746591946,"upper_bound":32869479.98458479},"point_estimate":24016649.45067819,"standard_error":6145523.385209662}}