{"mean":{"confidence_interval":{"confidence_level":0.95,"lower_bound":54685240.58675,"upper_bound":55305037.03425},"point_estimate":54992473.57,"standard_error":158235.56648239482},"median":{"confidence_interval":{"confidence_level":0.95,"lower_bound":54608557.0,"upper_bound":55492195.0},"point_estimate":55032298.5,"standard_error":232639.32213647856},"median_abs_dev":{"confidence_interval":{"confidence_level":0.95,"lower_bound":1401463.744961545,"upper_bound":2147794.397369027},"point_estimate":1898899.2202877998,"standard_error":192894.26763780357},"slope":null,"std_dev":{"confidence_interval":{"confidence_level":0.95,"lower_bound":1365825.8927856898,"upper_bound":1798928.3825898978},"point_estimate":1587856.7074782536,"standard_error":110955.73668386896}}