{"mean":{"confidence_interval":{"confidence_level":0.95,"lower_bound":32266080.329249997,"upper_bound":33042399.570499998},"point_estimate":32652317.3,"standard_error":198464.75020299695},"median":{"confidence_interval":{"confidence_level":0.95,"lower_bound":31598864.0,"upper_bound":33353024.5},"point_estimate":32640605.5,"standard_error":437397.36760858475},"median_abs_dev":{"confidence_interval":{"confidence_level":0.95,"lower_bound":1964096.33174032,"upper_bound":3018901.20100379},"point_estimate":2701221.5394437313,"standard_error":278225.18831380113},"slope":null,"std_dev":{"confidence_interval":{"confidence_level":0.95,"lower_bound":1804530.790823036,"upper_bound":2170413.294603269},"point_estimate":2000159.3210841748,"standard_error":93483.52336478647}}