{"mean":{"confidence_interval":{"confidence_level":0.95,"lower_bound":30686036.337,"upper_bound":30969954.881750003},"point_estimate":30830427.88,"standard_error":72370.4929283191},"median":{"confidence_interval":{"confidence_level":0.95,"lower_bound":30798135.5,"upper_bound":31072242.0},"point_estimate":30974759.5,"standard_error":80448.89850581331},"median_abs_dev":{"confidence_interval":{"confidence_level":0.95,"lower_bound":476792.29073524475,"upper_bound":780550.3385424614},"point_estimate":613185.5579137802,"standard_error":81576.0207611276},"slope":null,"std_dev":{"confidence_interval":{"confidence_level":0.95,"lower_bound":610172.2122876896,"upper_bound":831267.8113436394},"point_estimate":726443.1783240037,"standard_error":56474.17772320833}}