{"mean":{"confidence_interval":{"confidence_level":0.95,"lower_bound":-0.16657434942483737,"upper_bound":-0.12203776848087897},"point_estimate":-0.14417822274138592,"standard_error":0.011368273166908516},"median":{"confidence_interval":{"confidence_level":0.95,"lower_bound":-0.17705710816730613,"upper_bound":-0.118542616372735},"point_estimate":-0.1389519653582345,"standard_error":0.014770688474941132}}