{"mean":{"confidence_interval":{"confidence_level":0.95,"lower_bound":-0.1563470024348972,"upper_bound":-0.12811598517044295},"point_estimate":-0.14352936906730585,"standard_error":0.007256797715495999},"median":{"confidence_interval":{"confidence_level":0.95,"lower_bound":-0.16329339129946696,"upper_bound":-0.13081025327759888},"point_estimate":-0.1458485288250524,"standard_error":0.008713406662853055}}