{"mean":{"confidence_interval":{"confidence_level":0.95,"lower_bound":-0.49638150199512787,"upper_bound":-0.41951459691944276},"point_estimate":-0.4615715504351474,"standard_error":0.01969457799607267},"median":{"confidence_interval":{"confidence_level":0.95,"lower_bound":-0.5126458324143293,"upper_bound":-0.38578620321474577},"point_estimate":-0.4720645530417027,"standard_error":0.028289538412396318}}