{"mean":{"confidence_interval":{"confidence_level":0.95,"lower_bound":-0.335329637110595,"upper_bound":-0.2860555588615368},"point_estimate":-0.3150870734017568,"standard_error":0.012675312374186396},"median":{"confidence_interval":{"confidence_level":0.95,"lower_bound":-0.3459777155126068,"upper_bound":-0.30974919837045023},"point_estimate":-0.3324325071585219,"standard_error":0.009598843327330025}}