{"mean":{"confidence_interval":{"confidence_level":0.95,"lower_bound":-0.07554326360952841,"upper_bound":-0.030713606779895125},"point_estimate":-0.05314930652489369,"standard_error":0.011479525936142293},"median":{"confidence_interval":{"confidence_level":0.95,"lower_bound":-0.08904666242756687,"upper_bound":-0.02224092136532818},"point_estimate":-0.04636502711606605,"standard_error":0.017221422470798796}}