{"mean":{"confidence_interval":{"confidence_level":0.95,"lower_bound":-0.2883980351541676,"upper_bound":-0.2754174381762579},"point_estimate":-0.2819540051771492,"standard_error":0.0033413716617575278},"median":{"confidence_interval":{"confidence_level":0.95,"lower_bound":-0.289964392073889,"upper_bound":-0.27385518289425115},"point_estimate":-0.2838913385901016,"standard_error":0.003924285461785071}}