{"mean":{"confidence_interval":{"confidence_level":0.95,"lower_bound":36560202338.7,"upper_bound":37115045764.037506},"point_estimate":36814092337.7,"standard_error":142753977.5576459},"median":{"confidence_interval":{"confidence_level":0.95,"lower_bound":36414897254.0,"upper_bound":37033358458.0},"point_estimate":36787356338.5,"standard_error":151336455.60020867},"median_abs_dev":{"confidence_interval":{"confidence_level":0.95,"lower_bound":94583419.37390864,"upper_bound":731794777.4704456},"point_estimate":371102189.37681913,"standard_error":157315434.39892986},"slope":null,"std_dev":{"confidence_interval":{"confidence_level":0.95,"lower_bound":204416230.62336785,"upper_bound":663368261.230543},"point_estimate":475904215.76488864,"standard_error":132468084.20410247}}