{"mean":{"confidence_interval":{"confidence_level":0.95,"lower_bound":37755631719.3,"upper_bound":37985101506.0},"point_estimate":37871943154.2,"standard_error":58499019.25883336},"median":{"confidence_interval":{"confidence_level":0.95,"lower_bound":37737203050.0,"upper_bound":37971280976.0},"point_estimate":37908590357.5,"standard_error":60075806.531453714},"median_abs_dev":{"confidence_interval":{"confidence_level":0.95,"lower_bound":9893544.556054473,"upper_bound":355603646.70957327},"point_estimate":114132089.36035037,"standard_error":98183857.42391682},"slope":null,"std_dev":{"confidence_interval":{"confidence_level":0.95,"lower_bound":93794254.7543555,"upper_bound":255383194.3066637},"point_estimate":194316857.3662618,"standard_error":41002268.139061265}}