{"mean":{"confidence_interval":{"confidence_level":0.95,"lower_bound":41897657668.9,"upper_bound":43384961993.3},"point_estimate":42646502605.3,"standard_error":380499831.3402326},"median":{"confidence_interval":{"confidence_level":0.95,"lower_bound":41424228441.0,"upper_bound":43772680531.0},"point_estimate":42858225660.0,"standard_error":746718527.1505357},"median_abs_dev":{"confidence_interval":{"confidence_level":0.95,"lower_bound":83228766.61339402,"upper_bound":2005633770.3322828},"point_estimate":1762207529.4561625,"standard_error":506053068.8690341},"slope":null,"std_dev":{"confidence_interval":{"confidence_level":0.95,"lower_bound":837840682.6682991,"upper_bound":1485995250.2832377},"point_estimate":1270044103.6227999,"standard_error":165508939.74215868}}