{"mean":{"confidence_interval":{"confidence_level":0.95,"lower_bound":38930260041.6025,"upper_bound":39321041716.845},"point_estimate":39121197483.3,"standard_error":99777490.00896789},"median":{"confidence_interval":{"confidence_level":0.95,"lower_bound":38837936449.0,"upper_bound":39392877619.0},"point_estimate":39099237111.0,"standard_error":137096031.30685893},"median_abs_dev":{"confidence_interval":{"confidence_level":0.95,"lower_bound":85259649.84853864,"upper_bound":553941545.7028717},"point_estimate":411377882.01758265,"standard_error":122406290.49964458},"slope":null,"std_dev":{"confidence_interval":{"confidence_level":0.95,"lower_bound":185397891.26782504,"upper_bound":415432169.2328004},"point_estimate":332974420.9020134,"standard_error":58661281.06329326}}