{"mean":{"confidence_interval":{"confidence_level":0.95,"lower_bound":37904465889.762505,"upper_bound":38415201891.6975},"point_estimate":38140322270.5,"standard_error":131190591.32656877},"median":{"confidence_interval":{"confidence_level":0.95,"lower_bound":37829446261.0,"upper_bound":38370984320.0},"point_estimate":38111792952.0,"standard_error":120702909.11381987},"median_abs_dev":{"confidence_interval":{"confidence_level":0.95,"lower_bound":30943926.712435484,"upper_bound":630649121.53624},"point_estimate":332443755.33494353,"standard_error":149297336.63889697},"slope":null,"std_dev":{"confidence_interval":{"confidence_level":0.95,"lower_bound":179020804.6967758,"upper_bound":608280216.8034847},"point_estimate":437461826.8500546,"standard_error":120244135.44789208}}