{"mean":{"confidence_interval":{"confidence_level":0.95,"lower_bound":-0.29645375760728376,"upper_bound":-0.28755467809338287},"point_estimate":-0.292111438243307,"standard_error":0.0022735236877789115},"median":{"confidence_interval":{"confidence_level":0.95,"lower_bound":-0.2986965064359659,"upper_bound":-0.28630238459128465},"point_estimate":-0.29272892313387144,"standard_error":0.0029757704390393817}}