{"mean":{"confidence_interval":{"confidence_level":0.95,"lower_bound":-0.04841574136382323,"upper_bound":-0.03480929533661511},"point_estimate":-0.041885128624270074,"standard_error":0.0034658880787883997},"median":{"confidence_interval":{"confidence_level":0.95,"lower_bound":-0.05245053198680227,"upper_bound":-0.031443801099332425},"point_estimate":-0.0453138488056386,"standard_error":0.0052385607772857815}}