{"mean":{"confidence_interval":{"confidence_level":0.95,"lower_bound":-0.2847082389977861,"upper_bound":-0.2728936804112921},"point_estimate":-0.27890160442614553,"standard_error":0.003026643154831727},"median":{"confidence_interval":{"confidence_level":0.95,"lower_bound":-0.28732780592592677,"upper_bound":-0.26949607898544325},"point_estimate":-0.2812422629372606,"standard_error":0.004677318253911431}}