{"mean":{"confidence_interval":{"confidence_level":0.95,"lower_bound":0.044973950026153,"upper_bound":0.06368267447744128},"point_estimate":0.05427308722950519,"standard_error":0.004760329976498014},"median":{"confidence_interval":{"confidence_level":0.95,"lower_bound":0.04301475309102876,"upper_bound":0.06519594212235602},"point_estimate":0.056799383105729184,"standard_error":0.005555185383885061}}