{"mean":{"confidence_interval":{"confidence_level":0.95,"lower_bound":-0.18329676982340515,"upper_bound":-0.1749605966008455},"point_estimate":-0.17933445024055383,"standard_error":0.0021265085248014714},"median":{"confidence_interval":{"confidence_level":0.95,"lower_bound":-0.18394262246145054,"upper_bound":-0.17550636228030858},"point_estimate":-0.1801955704006012,"standard_error":0.0019149546877763287}}