{"mean":{"confidence_interval":{"confidence_level":0.95,"lower_bound":-0.11027854934489886,"upper_bound":-0.044395506708461964},"point_estimate":-0.08166578462243634,"standard_error":0.016981389557581716},"median":{"confidence_interval":{"confidence_level":0.95,"lower_bound":-0.12094555656406103,"upper_bound":-0.05745043303498043},"point_estimate":-0.09350355188681503,"standard_error":0.01854657017629325}}