{"mean":{"confidence_interval":{"confidence_level":0.95,"lower_bound":-0.166411872769414,"upper_bound":-0.14903126351061627},"point_estimate":-0.15767272872273286,"standard_error":0.0044411980740691045},"median":{"confidence_interval":{"confidence_level":0.95,"lower_bound":-0.17047422835584158,"upper_bound":-0.14599120203668925},"point_estimate":-0.15965343541333643,"standard_error":0.006391140773460017}}