{"mean":{"confidence_interval":{"confidence_level":0.95,"lower_bound":-0.2176551956025699,"upper_bound":-0.20693749096973713},"point_estimate":-0.212395665072458,"standard_error":0.0027620357711147575},"median":{"confidence_interval":{"confidence_level":0.95,"lower_bound":-0.22060779793298912,"upper_bound":-0.20618659632989889},"point_estimate":-0.21415220566504567,"standard_error":0.003582183471083523}}