{"mean":{"confidence_interval":{"confidence_level":0.95,"lower_bound":7181559.442500001,"upper_bound":7620239.86},"point_estimate":7376803.6,"standard_error":113758.92553519426},"median":{"confidence_interval":{"confidence_level":0.95,"lower_bound":7138844.5,"upper_bound":7628525.0},"point_estimate":7255076.5,"standard_error":104071.80800723622},"median_abs_dev":{"confidence_interval":{"confidence_level":0.95,"lower_bound":38701.048412919044,"upper_bound":455463.6075139046},"point_estimate":156511.40752136707,"standard_error":109627.84830487221},"slope":null,"std_dev":{"confidence_interval":{"confidence_level":0.95,"lower_bound":91461.90460899661,"upper_bound":495027.4775504901},"point_estimate":378026.3243132973,"standard_error":107824.29512852378}}