{"mean":{"confidence_interval":{"confidence_level":0.95,"lower_bound":6655157.0725,"upper_bound":6929183.86},"point_estimate":6792229.1,"standard_error":70216.05258760773},"median":{"confidence_interval":{"confidence_level":0.95,"lower_bound":6592029.0,"upper_bound":6976644.0},"point_estimate":6798125.0,"standard_error":89892.14737003598},"median_abs_dev":{"confidence_interval":{"confidence_level":0.95,"lower_bound":63579.075971245766,"upper_bound":441630.94975948334},"point_estimate":232163.2950782776,"standard_error":95772.99517361446},"slope":null,"std_dev":{"confidence_interval":{"confidence_level":0.95,"lower_bound":135080.58017471948,"upper_bound":290112.52330219507},"point_estimate":233474.57962006627,"standard_error":39934.45296199646}}