{"mean":{"confidence_interval":{"confidence_level":0.95,"lower_bound":7736185.5,"upper_bound":8074692.7},"point_estimate":7898460.6,"standard_error":86649.58822031607},"median":{"confidence_interval":{"confidence_level":0.95,"lower_bound":7619897.0,"upper_bound":8118311.5},"point_estimate":7879869.5,"standard_error":150387.0518416349},"median_abs_dev":{"confidence_interval":{"confidence_level":0.95,"lower_bound":12744.42937374115,"upper_bound":541867.3100799322},"point_estimate":358549.0124344826,"standard_error":139493.14315830736},"slope":null,"std_dev":{"confidence_interval":{"confidence_level":0.95,"lower_bound":169676.60136562402,"upper_bound":356733.89974889625},"point_estimate":288102.0239557122,"standard_error":49519.872900798626}}