{"mean":{"confidence_interval":{"confidence_level":0.95,"lower_bound":6863598.040000001,"upper_bound":7925124.6},"point_estimate":7293958.1,"standard_error":285222.49016854743},"median":{"confidence_interval":{"confidence_level":0.95,"lower_bound":6842198.5,"upper_bound":7426780.5},"point_estimate":6926501.5,"standard_error":164223.14843225005},"median_abs_dev":{"confidence_interval":{"confidence_level":0.95,"lower_bound":12456.063678860664,"upper_bound":853019.083955884},"point_estimate":190448.12091886997,"standard_error":231809.93600944578},"slope":null,"std_dev":{"confidence_interval":{"confidence_level":0.95,"lower_bound":159196.8307154176,"upper_bound":1414145.1572873706},"point_estimate":948784.6758115176,"standard_error":384409.1280100356}}