{"mean":{"confidence_interval":{"confidence_level":0.95,"lower_bound":6394626.13,"upper_bound":6740015.4225},"point_estimate":6557562.1,"standard_error":88646.17097263545},"median":{"confidence_interval":{"confidence_level":0.95,"lower_bound":6340751.0,"upper_bound":6846411.0},"point_estimate":6463470.0,"standard_error":123671.72580824394},"median_abs_dev":{"confidence_interval":{"confidence_level":0.95,"lower_bound":49886.52391433716,"upper_bound":464396.27235531807},"point_estimate":199166.5500640869,"standard_error":112672.71542680773},"slope":null,"std_dev":{"confidence_interval":{"confidence_level":0.95,"lower_bound":131025.61222079191,"upper_bound":367802.4111911511},"point_estimate":295628.3236357023,"standard_error":57299.56829018633}}