{"mean":{"confidence_interval":{"confidence_level":0.95,"lower_bound":11366923.1,"upper_bound":12438258.614999996},"point_estimate":11891080.3,"standard_error":275095.26985071116},"median":{"confidence_interval":{"confidence_level":0.95,"lower_bound":11004487.0,"upper_bound":12632361.0},"point_estimate":11805482.5,"standard_error":467971.50897848094},"median_abs_dev":{"confidence_interval":{"confidence_level":0.95,"lower_bound":209701.90547704697,"upper_bound":1526040.1529073715},"point_estimate":1173660.2389633656,"standard_error":350875.4617325599},"slope":null,"std_dev":{"confidence_interval":{"confidence_level":0.95,"lower_bound":561127.3143103033,"upper_bound":1116557.4950984078},"point_estimate":914467.9566330784,"standard_error":144520.91615746423}}