{"mean":{"confidence_interval":{"confidence_level":0.95,"lower_bound":8513370.9,"upper_bound":8964302.8525},"point_estimate":8743826.8,"standard_error":115630.35799602722},"median":{"confidence_interval":{"confidence_level":0.95,"lower_bound":8265752.0,"upper_bound":9080798.0},"point_estimate":8843450.0,"standard_error":189515.98673816092},"median_abs_dev":{"confidence_interval":{"confidence_level":0.95,"lower_bound":34563.85318636894,"upper_bound":671923.2036709785},"point_estimate":407482.96586573124,"standard_error":167963.82745584653},"slope":null,"std_dev":{"confidence_interval":{"confidence_level":0.95,"lower_bound":220889.56285249573,"upper_bound":458752.63013110554},"point_estimate":385798.4596486732,"standard_error":58179.105190065944}}