{"mean":{"confidence_interval":{"confidence_level":0.95,"lower_bound":6472653.6,"upper_bound":6753871.352499999},"point_estimate":6611087.6,"standard_error":71733.88731211318},"median":{"confidence_interval":{"confidence_level":0.95,"lower_bound":6444870.0,"upper_bound":6787932.0},"point_estimate":6564078.0,"standard_error":87615.56495400562},"median_abs_dev":{"confidence_interval":{"confidence_level":0.95,"lower_bound":34431.90178871155,"upper_bound":406436.991584301},"point_estimate":268348.37133586407,"standard_error":100553.77080767085},"slope":null,"std_dev":{"confidence_interval":{"confidence_level":0.95,"lower_bound":122573.43029504557,"upper_bound":314744.8404184007},"point_estimate":238837.71387013214,"standard_error":48878.43381430707}}