{"mean":{"confidence_interval":{"confidence_level":0.95,"lower_bound":6607532.3,"upper_bound":6948860.8},"point_estimate":6769263.4,"standard_error":87645.40106715041},"median":{"confidence_interval":{"confidence_level":0.95,"lower_bound":6540905.5,"upper_bound":7051826.0},"point_estimate":6615190.5,"standard_error":156329.41782772186},"median_abs_dev":{"confidence_interval":{"confidence_level":0.95,"lower_bound":11374.506998062134,"upper_bound":450442.0414030552},"point_estimate":166266.9153481722,"standard_error":136513.29981411147},"slope":null,"std_dev":{"confidence_interval":{"confidence_level":0.95,"lower_bound":160080.77378147488,"upper_bound":345102.73170914064},"point_estimate":292840.0518501525,"standard_error":47471.24156672737}}