{"mean":{"confidence_interval":{"confidence_level":0.95,"lower_bound":6306303.155,"upper_bound":6499440.3175},"point_estimate":6401824.7,"standard_error":49648.200830359834},"median":{"confidence_interval":{"confidence_level":0.95,"lower_bound":6247082.0,"upper_bound":6545158.0},"point_estimate":6419994.5,"standard_error":95133.51248415741},"median_abs_dev":{"confidence_interval":{"confidence_level":0.95,"lower_bound":1894.0214663743973,"upper_bound":256360.067948699},"point_estimate":230247.034612298,"standard_error":67225.34192235504},"slope":null,"std_dev":{"confidence_interval":{"confidence_level":0.95,"lower_bound":109855.005686547,"upper_bound":195579.93199842988},"point_estimate":165796.86432770675,"standard_error":22207.690792084595}}