{"mean":{"confidence_interval":{"confidence_level":0.95,"lower_bound":4481752.077500001,"upper_bound":4713812.8},"point_estimate":4593331.4,"standard_error":59372.03157986434},"median":{"confidence_interval":{"confidence_level":0.95,"lower_bound":4402483.0,"upper_bound":4689626.5},"point_estimate":4625258.5,"standard_error":79508.98546227734},"median_abs_dev":{"confidence_interval":{"confidence_level":0.95,"lower_bound":23384.400747345248,"upper_bound":368848.63445162773},"point_estimate":148601.7366617918,"standard_error":87538.98381149172},"slope":null,"std_dev":{"confidence_interval":{"confidence_level":0.95,"lower_bound":104323.33737636649,"upper_bound":263765.47314958076},"point_estimate":198257.13635310417,"standard_error":43299.72747507177}}