{"mean":{"confidence_interval":{"confidence_level":0.95,"lower_bound":6546592.8975,"upper_bound":6893446.1},"point_estimate":6712409.4,"standard_error":88723.71103323248},"median":{"confidence_interval":{"confidence_level":0.95,"lower_bound":6464800.5,"upper_bound":6897172.0},"point_estimate":6696548.0,"standard_error":102054.72106063926},"median_abs_dev":{"confidence_interval":{"confidence_level":0.95,"lower_bound":46825.69626867771,"upper_bound":519508.96117687225},"point_estimate":272275.77866613865,"standard_error":118565.38319155322},"slope":null,"std_dev":{"confidence_interval":{"confidence_level":0.95,"lower_bound":151131.21873426,"upper_bound":384086.5851411487},"point_estimate":297325.0517819774,"standard_error":60778.70308749228}}