{"mean":{"confidence_interval":{"confidence_level":0.95,"lower_bound":6310152.4,"upper_bound":6585787.4},"point_estimate":6443365.1,"standard_error":70791.17705437337},"median":{"confidence_interval":{"confidence_level":0.95,"lower_bound":6228413.0,"upper_bound":6648647.5},"point_estimate":6409434.5,"standard_error":105782.66878638165},"median_abs_dev":{"confidence_interval":{"confidence_level":0.95,"lower_bound":55435.15431582928,"upper_bound":409108.6367368698},"point_estimate":274281.7364305258,"standard_error":92173.45771998631},"slope":null,"std_dev":{"confidence_interval":{"confidence_level":0.95,"lower_bound":130568.60527833748,"upper_bound":288520.70865344687},"point_estimate":236778.7281964371,"standard_error":39973.13773400392}}