{"mean":{"confidence_interval":{"confidence_level":0.95,"lower_bound":6324135.8,"upper_bound":6575110.0},"point_estimate":6446063.4,"standard_error":64269.02569176995},"median":{"confidence_interval":{"confidence_level":0.95,"lower_bound":6242843.0,"upper_bound":6640436.5},"point_estimate":6431844.0,"standard_error":109423.89798119215},"median_abs_dev":{"confidence_interval":{"confidence_level":0.95,"lower_bound":30881.074851751328,"upper_bound":364820.410323143},"point_estimate":249488.21707069874,"standard_error":93585.97001224977},"slope":null,"std_dev":{"confidence_interval":{"confidence_level":0.95,"lower_bound":126745.14466795168,"upper_bound":257596.4711562986},"point_estimate":213621.23915690903,"standard_error":33672.23377093477}}