{"mean":{"confidence_interval":{"confidence_level":0.95,"lower_bound":18160.717232825376,"upper_bound":18254.533821342666},"point_estimate":18200.94869051335,"standard_error":24.316127291582713},"median":{"confidence_interval":{"confidence_level":0.95,"lower_bound":18113.038328108676,"upper_bound":18201.710606060606},"point_estimate":18188.610917626975,"standard_error":27.924069610357293},"median_abs_dev":{"confidence_interval":{"confidence_level":0.95,"lower_bound":69.64103079004337,"upper_bound":140.23202182581085},"point_estimate":122.58326862585142,"standard_error":18.22979436159441},"slope":{"confidence_interval":{"confidence_level":0.95,"lower_bound":18135.61132081584,"upper_bound":18193.345117187662},"point_estimate":18161.838557115414,"standard_error":14.773216077159198},"std_dev":{"confidence_interval":{"confidence_level":0.95,"lower_bound":82.52300361356932,"upper_bound":380.9968187300349},"point_estimate":244.70812240523682,"standard_error":80.86028205840356}}