{"mean":{"confidence_interval":{"confidence_level":0.95,"lower_bound":15715.205811894364,"upper_bound":15756.882579570321},"point_estimate":15732.37513735149,"standard_error":10.890776667076441},"median":{"confidence_interval":{"confidence_level":0.95,"lower_bound":15708.608994708995,"upper_bound":15716.91602142212},"point_estimate":15711.287843200342,"standard_error":1.8517956651965857},"median_abs_dev":{"confidence_interval":{"confidence_level":0.95,"lower_bound":13.264217019415236,"upper_bound":23.392525140254612},"point_estimate":18.875015263192502,"standard_error":2.6023153866830255},"slope":{"confidence_interval":{"confidence_level":0.95,"lower_bound":15716.708829571446,"upper_bound":15756.192149247288},"point_estimate":15733.379061270733,"standard_error":10.234819196081592},"std_dev":{"confidence_interval":{"confidence_level":0.95,"lower_bound":25.87275263225919,"upper_bound":174.61030875973086},"point_estimate":109.21360203384626,"standard_error":41.09114201012484}}