{"mean":{"confidence_interval":{"confidence_level":0.95,"lower_bound":-0.29320598766436207,"upper_bound":-0.2812193627630835},"point_estimate":-0.28724388945675683,"standard_error":0.0030814845158700413},"median":{"confidence_interval":{"confidence_level":0.95,"lower_bound":-0.2960726308134902,"upper_bound":-0.27847106879354555},"point_estimate":-0.28692671632905964,"standard_error":0.004539164207464599}}