{"mean":{"confidence_interval":{"confidence_level":0.95,"lower_bound":-0.06316899961533746,"upper_bound":-0.04945340029165228},"point_estimate":-0.056161165278415415,"standard_error":0.003509640618224174},"median":{"confidence_interval":{"confidence_level":0.95,"lower_bound":-0.06462190944413504,"upper_bound":-0.0482464967098305},"point_estimate":-0.05293095001457804,"standard_error":0.004762695889983713}}