{"mean":{"confidence_interval":{"confidence_level":0.95,"lower_bound":-0.09451869804228412,"upper_bound":-0.07096632213268049},"point_estimate":-0.08292322062340673,"standard_error":0.006011339237948119},"median":{"confidence_interval":{"confidence_level":0.95,"lower_bound":-0.09537408682207504,"upper_bound":-0.06876884956426144},"point_estimate":-0.08228174341924088,"standard_error":0.007222982115909219}}