{"mean":{"confidence_interval":{"confidence_level":0.95,"lower_bound":-0.10890234677750212,"upper_bound":-0.09156515858144726},"point_estimate":-0.10035190955393314,"standard_error":0.004506663729358174},"median":{"confidence_interval":{"confidence_level":0.95,"lower_bound":-0.10986624367300146,"upper_bound":-0.09333404631986764},"point_estimate":-0.1004061233274326,"standard_error":0.004577793918067882}}