{"mean":{"confidence_interval":{"confidence_level":0.95,"lower_bound":0.07871785015749572,"upper_bound":0.09331080824993232},"point_estimate":0.08613288569987265,"standard_error":0.003742737706292038},"median":{"confidence_interval":{"confidence_level":0.95,"lower_bound":0.07772804594205263,"upper_bound":0.09533271339688998},"point_estimate":0.0900992527029656,"standard_error":0.004085806141750464}}