{"mean":{"confidence_interval":{"confidence_level":0.95,"lower_bound":0.013596461330655197,"upper_bound":0.030940907976897514},"point_estimate":0.02233913013334532,"standard_error":0.004423926829210301},"median":{"confidence_interval":{"confidence_level":0.95,"lower_bound":0.012746481107713814,"upper_bound":0.034304552932856724},"point_estimate":0.02782201917256466,"standard_error":0.0057788864618632}}