{"mean":{"confidence_interval":{"confidence_level":0.95,"lower_bound":-0.008545371093899233,"upper_bound":0.004224029540979011},"point_estimate":-0.002497438340664848,"standard_error":0.0032507225266649406},"median":{"confidence_interval":{"confidence_level":0.95,"lower_bound":-0.012173695425958808,"upper_bound":0.0037325329117738892},"point_estimate":-0.003568187267399603,"standard_error":0.00420059253978567}}