{"mean":{"confidence_interval":{"confidence_level":0.95,"lower_bound":-0.013336169472796486,"upper_bound":0.004227515294526991},"point_estimate":-0.00488288948474902,"standard_error":0.004484612835595882},"median":{"confidence_interval":{"confidence_level":0.95,"lower_bound":-0.015431506993845559,"upper_bound":0.005998095251730673},"point_estimate":-0.002753626181805968,"standard_error":0.005469509340960927}}