{"mean":{"confidence_interval":{"confidence_level":0.95,"lower_bound":-0.3286441088005545,"upper_bound":-0.3107369939667879},"point_estimate":-0.3198262860192814,"standard_error":0.004590056596817752},"median":{"confidence_interval":{"confidence_level":0.95,"lower_bound":-0.3312645665724011,"upper_bound":-0.3129374124097033},"point_estimate":-0.31999067298837414,"standard_error":0.004389847272064717}}