{"mean":{"confidence_interval":{"confidence_level":0.95,"lower_bound":20168.44024175636,"upper_bound":20372.55242477226},"point_estimate":20271.696337493897,"standard_error":52.116523022705856},"median":{"confidence_interval":{"confidence_level":0.95,"lower_bound":20332.431910946198,"upper_bound":20597.013230302975},"point_estimate":20564.31816271224,"standard_error":80.73768314632838},"median_abs_dev":{"confidence_interval":{"confidence_level":0.95,"lower_bound":214.57727348157582,"upper_bound":597.0354540261949},"point_estimate":272.57819416596493,"standard_error":110.76353838064244},"slope":{"confidence_interval":{"confidence_level":0.95,"lower_bound":20026.776025467367,"upper_bound":20314.91488040233},"point_estimate":20166.983607663842,"standard_error":73.81076124735613},"std_dev":{"confidence_interval":{"confidence_level":0.95,"lower_bound":474.9013480556832,"upper_bound":556.0035654808697},"point_estimate":522.8297957299004,"standard_error":20.66649373794939}}