{"mean":{"confidence_interval":{"confidence_level":0.95,"lower_bound":20927.523325503415,"upper_bound":21070.816127572933},"point_estimate":20987.36339583354,"standard_error":37.304603875619854},"median":{"confidence_interval":{"confidence_level":0.95,"lower_bound":20921.097098214286,"upper_bound":20975.39474826389},"point_estimate":20951.34263737034,"standard_error":13.679250575341618},"median_abs_dev":{"confidence_interval":{"confidence_level":0.95,"lower_bound":76.02364915195652,"upper_bound":121.55961175235592},"point_estimate":95.73374538372008,"standard_error":11.345240451937169},"slope":{"confidence_interval":{"confidence_level":0.95,"lower_bound":20936.44647116041,"upper_bound":21211.50596747047},"point_estimate":21038.90027671051,"standard_error":75.98238702701462},"std_dev":{"confidence_interval":{"confidence_level":0.95,"lower_bound":105.60814484575428,"upper_bound":594.4139578301737},"point_estimate":375.31865736026515,"standard_error":135.38627707322524}}