{"mean":{"confidence_interval":{"confidence_level":0.95,"lower_bound":20168.03686802675,"upper_bound":20378.961505678377},"point_estimate":20274.427944274277,"standard_error":53.99149061874111},"median":{"confidence_interval":{"confidence_level":0.95,"lower_bound":20350.96496455725,"upper_bound":20586.99375671321},"point_estimate":20562.51120505345,"standard_error":83.70539769507535},"median_abs_dev":{"confidence_interval":{"confidence_level":0.95,"lower_bound":213.26145823766578,"upper_bound":554.6888436012019},"point_estimate":274.86793288381,"standard_error":113.00990056368141},"slope":{"confidence_interval":{"confidence_level":0.95,"lower_bound":20026.51744511641,"upper_bound":20329.08315578827},"point_estimate":20173.38585428083,"standard_error":77.18962527051227},"std_dev":{"confidence_interval":{"confidence_level":0.95,"lower_bound":486.37905472632144,"upper_bound":595.7747767038842},"point_estimate":544.6302333908617,"standard_error":27.769885427103425}}