{"mean":{"confidence_interval":{"confidence_level":0.95,"lower_bound":0.27826502094965255,"upper_bound":0.29969625739774963},"point_estimate":0.28898104738964214,"standard_error":0.005530487054508736},"median":{"confidence_interval":{"confidence_level":0.95,"lower_bound":0.27159641876446794,"upper_bound":0.3079673592066978},"point_estimate":0.2888075127667715,"standard_error":0.010333228865008122}}