{"mean":{"confidence_interval":{"confidence_level":0.95,"lower_bound":0.14009221508340794,"upper_bound":0.1579454532667547},"point_estimate":0.14907785691790432,"standard_error":0.004568703663355593},"median":{"confidence_interval":{"confidence_level":0.95,"lower_bound":0.13879012889813902,"upper_bound":0.15920765137021853},"point_estimate":0.15235603841671463,"standard_error":0.004853559525199745}}