{"mean":{"confidence_interval":{"confidence_level":0.95,"lower_bound":3408570896.5375,"upper_bound":3438431543.3774996},"point_estimate":3423345089.0,"standard_error":7646831.248618983},"median":{"confidence_interval":{"confidence_level":0.95,"lower_bound":3403274199.0,"upper_bound":3445394409.0},"point_estimate":3417349215.0,"standard_error":11375885.606220124},"median_abs_dev":{"confidence_interval":{"confidence_level":0.95,"lower_bound":6365295.392793417,"upper_bound":43032605.08301854},"point_estimate":25263019.48259175,"standard_error":9970395.212368153},"slope":null,"std_dev":{"confidence_interval":{"confidence_level":0.95,"lower_bound":14648507.323949896,"upper_bound":31968869.499205917},"point_estimate":25486148.82995925,"standard_error":4406899.310418567}}