{"mean":{"confidence_interval":{"confidence_level":0.95,"lower_bound":3316911822.3325,"upper_bound":3333734154.4},"point_estimate":3326108030.7,"standard_error":4330853.221683401},"median":{"confidence_interval":{"confidence_level":0.95,"lower_bound":3321045713.0,"upper_bound":3334747514.0},"point_estimate":3328523314.5,"standard_error":3388957.038576378},"median_abs_dev":{"confidence_interval":{"confidence_level":0.95,"lower_bound":790110.1431727409,"upper_bound":21043593.331101537},"point_estimate":9855118.529936671,"standard_error":5342726.426595872},"slope":null,"std_dev":{"confidence_interval":{"confidence_level":0.95,"lower_bound":5523212.082926307,"upper_bound":20098564.07868766},"point_estimate":14432952.264878334,"standard_error":4150344.993160134}}