{"mean":{"confidence_interval":{"confidence_level":0.95,"lower_bound":3648327814.1,"upper_bound":3737707476.04},"point_estimate":3690627175.4,"standard_error":23053822.098525226},"median":{"confidence_interval":{"confidence_level":0.95,"lower_bound":3629245157.0,"upper_bound":3758615192.0},"point_estimate":3668050638.5,"standard_error":31401512.78900721},"median_abs_dev":{"confidence_interval":{"confidence_level":0.95,"lower_bound":17156984.186902642,"upper_bound":121533632.43744671},"point_estimate":63046838.147994876,"standard_error":29060324.30435887},"slope":null,"std_dev":{"confidence_interval":{"confidence_level":0.95,"lower_bound":33438936.73690383,"upper_bound":94441429.58147636},"point_estimate":76611544.28243116,"standard_error":14517178.454676062}}