{"mean":{"confidence_interval":{"confidence_level":0.95,"lower_bound":3291308591.9,"upper_bound":3327698561.7},"point_estimate":3309541954.5,"standard_error":9336275.386954121},"median":{"confidence_interval":{"confidence_level":0.95,"lower_bound":3285350673.0,"upper_bound":3336350276.0},"point_estimate":3308930638.0,"standard_error":11429735.978505678},"median_abs_dev":{"confidence_interval":{"confidence_level":0.95,"lower_bound":3644595.4548954964,"upper_bound":54365201.20372474},"point_estimate":37806005.03270924,"standard_error":14326614.23013651},"slope":null,"std_dev":{"confidence_interval":{"confidence_level":0.95,"lower_bound":17826964.18757752,"upper_bound":38847185.74157724},"point_estimate":31159592.98069076,"standard_error":5404832.87993293}}