{"mean":{"confidence_interval":{"confidence_level":0.95,"lower_bound":3320265507.36,"upper_bound":3342270600.995},"point_estimate":3331751529.7,"standard_error":5620542.680385692},"median":{"confidence_interval":{"confidence_level":0.95,"lower_bound":3316825711.0,"upper_bound":3348665653.0},"point_estimate":3335273626.0,"standard_error":8540565.899132054},"median_abs_dev":{"confidence_interval":{"confidence_level":0.95,"lower_bound":4528420.001104474,"upper_bound":31927250.025478005},"point_estimate":21459570.85351646,"standard_error":6920228.8397938125},"slope":null,"std_dev":{"confidence_interval":{"confidence_level":0.95,"lower_bound":10579939.213701608,"upper_bound":23933867.77981082},"point_estimate":18760346.415219836,"standard_error":3569205.465631764}}