{"mean":{"confidence_interval":{"confidence_level":0.95,"lower_bound":-0.032782688920827203,"upper_bound":0.006426832611863963},"point_estimate":-0.016518489117973822,"standard_error":0.01022826871022649},"median":{"confidence_interval":{"confidence_level":0.95,"lower_bound":-0.038192763993464496,"upper_bound":-0.008401600909349716},"point_estimate":-0.02334453177686624,"standard_error":0.008145606024335603}}