{"mean":{"confidence_interval":{"confidence_level":0.95,"lower_bound":-0.017148564309687205,"upper_bound":-0.005913719268273864},"point_estimate":-0.011924793799093392,"standard_error":0.0028459284484059705},"median":{"confidence_interval":{"confidence_level":0.95,"lower_bound":-0.020283190107014515,"upper_bound":-0.0025943012458531367},"point_estimate":-0.01863680154320435,"standard_error":0.0054215429490506}}