{"mean":{"confidence_interval":{"confidence_level":0.95,"lower_bound":-0.019714522893472385,"upper_bound":0.004097662996314821},"point_estimate":-0.007344893257549834,"standard_error":0.006107928975299193},"median":{"confidence_interval":{"confidence_level":0.95,"lower_bound":-0.02401113397736554,"upper_bound":0.006185533207453853},"point_estimate":-0.009195752723846429,"standard_error":0.00819363083336824}}