{"mean":{"confidence_interval":{"confidence_level":0.95,"lower_bound":-0.13226151078552867,"upper_bound":-0.12331892010274105},"point_estimate":-0.12787183911877686,"standard_error":0.0022930648870703794},"median":{"confidence_interval":{"confidence_level":0.95,"lower_bound":-0.13408150781785877,"upper_bound":-0.11931557455813346},"point_estimate":-0.13038593258839615,"standard_error":0.0039056347331827713}}