{"mean":{"confidence_interval":{"confidence_level":0.95,"lower_bound":-0.20421171796563287,"upper_bound":-0.17270790534201136},"point_estimate":-0.1898113839017238,"standard_error":0.008091648109231976},"median":{"confidence_interval":{"confidence_level":0.95,"lower_bound":-0.20524452005890384,"upper_bound":-0.17087641577443513},"point_estimate":-0.1989257293058766,"standard_error":0.008007916298481561}}