{"mean":{"confidence_interval":{"confidence_level":0.95,"lower_bound":0.004870107439091093,"upper_bound":0.01298451572988245},"point_estimate":0.009013215734079871,"standard_error":0.002088555602431517},"median":{"confidence_interval":{"confidence_level":0.95,"lower_bound":0.001742585402375152,"upper_bound":0.017320744817210132},"point_estimate":0.006393528903440249,"standard_error":0.004010600307144033}}