{"mean":{"confidence_interval":{"confidence_level":0.95,"lower_bound":534251794.62600005,"upper_bound":536346390.74},"point_estimate":535278846.99,"standard_error":532021.7740612053},"median":{"confidence_interval":{"confidence_level":0.95,"lower_bound":533161102.5,"upper_bound":535684649.5},"point_estimate":534172638.0,"standard_error":707107.2777696037},"median_abs_dev":{"confidence_interval":{"confidence_level":0.95,"lower_bound":3928838.0392491817,"upper_bound":6233808.048927784},"point_estimate":5035415.077203512,"standard_error":570329.9654062353},"slope":null,"std_dev":{"confidence_interval":{"confidence_level":0.95,"lower_bound":4431010.740616576,"upper_bound":6199425.105612825},"point_estimate":5360816.337139812,"standard_error":452203.7362971075}}