{"mean":{"confidence_interval":{"confidence_level":0.95,"lower_bound":1678214.4484800007,"upper_bound":1710949.6293299997},"point_estimate":1694547.8608000001,"standard_error":8356.485056490483},"median":{"confidence_interval":{"confidence_level":0.95,"lower_bound":1675465.4,"upper_bound":1719019.6400000001},"point_estimate":1701778.38,"standard_error":10877.932403860412},"median_abs_dev":{"confidence_interval":{"confidence_level":0.95,"lower_bound":74983.82800877096,"upper_bound":127840.35623568008},"point_estimate":101205.98070323485,"standard_error":13183.985038167482},"slope":null,"std_dev":{"confidence_interval":{"confidence_level":0.95,"lower_bound":74721.02159208278,"upper_bound":92270.27299170982},"point_estimate":84070.69296068425,"standard_error":4460.660512968763}}