{"mean":{"confidence_interval":{"confidence_level":0.95,"lower_bound":287029592.8875,"upper_bound":288277823.02025},"point_estimate":287615555.88,"standard_error":317695.5826235605},"median":{"confidence_interval":{"confidence_level":0.95,"lower_bound":286125606.0,"upper_bound":287765118.5},"point_estimate":287108887.5,"standard_error":383287.768072762},"median_abs_dev":{"confidence_interval":{"confidence_level":0.95,"lower_bound":2145004.144218564,"upper_bound":3519935.4839086533},"point_estimate":3091341.0357177258,"standard_error":329804.1867666061},"slope":null,"std_dev":{"confidence_interval":{"confidence_level":0.95,"lower_bound":2268377.7901284453,"upper_bound":4263438.018278041},"point_estimate":3184917.745327842,"standard_error":558161.8369653649}}