{"mean":{"confidence_interval":{"confidence_level":0.95,"lower_bound":890021062.2102499,"upper_bound":891457882.048},"point_estimate":890684810.89,"standard_error":366153.94802012626},"median":{"confidence_interval":{"confidence_level":0.95,"lower_bound":889491452.0,"upper_bound":890826570.5},"point_estimate":890412270.5,"standard_error":357879.43614770396},"median_abs_dev":{"confidence_interval":{"confidence_level":0.95,"lower_bound":2013957.1325451136,"upper_bound":3256483.3989858627},"point_estimate":2822298.80759418,"standard_error":308649.0455760925},"slope":null,"std_dev":{"confidence_interval":{"confidence_level":0.95,"lower_bound":2398946.958425538,"upper_bound":5176349.2511767605},"point_estimate":3690747.3669220824,"standard_error":811852.3404122355}}