{"mean":{"confidence_interval":{"confidence_level":0.95,"lower_bound":1716225.0420312502,"upper_bound":1730531.281666667},"point_estimate":1722633.8637499998,"standard_error":3679.498727219566},"median":{"confidence_interval":{"confidence_level":0.95,"lower_bound":1710773.0416666667,"upper_bound":1717996.25},"point_estimate":1715156.2083333335,"standard_error":2018.9549658317571},"median_abs_dev":{"confidence_interval":{"confidence_level":0.95,"lower_bound":10989.0310049057,"upper_bound":18639.55574408162},"point_estimate":15118.844119087093,"standard_error":1925.546148994261},"slope":null,"std_dev":{"confidence_interval":{"confidence_level":0.95,"lower_bound":18555.373537129584,"upper_bound":51935.496426998965},"point_estimate":36838.36618526248,"standard_error":8750.293596079198}}