{"mean":{"confidence_interval":{"confidence_level":0.95,"lower_bound":1607407.8646562502,"upper_bound":1622845.4386041667},"point_estimate":1614682.81375,"standard_error":3946.7977519163833},"median":{"confidence_interval":{"confidence_level":0.95,"lower_bound":1596620.75,"upper_bound":1617027.6458333335},"point_estimate":1604584.5833333335,"standard_error":4903.535918994626},"median_abs_dev":{"confidence_interval":{"confidence_level":0.95,"lower_bound":22573.325899243355,"upper_bound":38673.24966341257},"point_estimate":27103.68810631352,"standard_error":4392.224102083336},"slope":null,"std_dev":{"confidence_interval":{"confidence_level":0.95,"lower_bound":27963.944048677735,"upper_bound":50832.882163296636},"point_estimate":39601.757087210746,"standard_error":5916.772385273753}}