{"mean":{"confidence_interval":{"confidence_level":0.95,"lower_bound":1546900.624524013,"upper_bound":1555766.5264718325},"point_estimate":1550695.9502195052,"standard_error":2296.4600840277258},"median":{"confidence_interval":{"confidence_level":0.95,"lower_bound":1546145.6818181819,"upper_bound":1548734.1333333333},"point_estimate":1547363.9910052912,"standard_error":689.3800131401562},"median_abs_dev":{"confidence_interval":{"confidence_level":0.95,"lower_bound":5060.417908586679,"upper_bound":7660.5030886763725},"point_estimate":6252.492240331591,"standard_error":654.1101960703411},"slope":{"confidence_interval":{"confidence_level":0.95,"lower_bound":1546667.7132441564,"upper_bound":1550722.3901421549},"point_estimate":1548529.1964474656,"standard_error":1036.4711759806776},"std_dev":{"confidence_interval":{"confidence_level":0.95,"lower_bound":8442.241640773253,"upper_bound":35877.29079912126},"point_estimate":23108.893711198518,"standard_error":7575.459283607932}}