{"mean":{"confidence_interval":{"confidence_level":0.95,"lower_bound":858123233.5435001,"upper_bound":859775176.36175},"point_estimate":858911584.43,"standard_error":421385.0207193361},"median":{"confidence_interval":{"confidence_level":0.95,"lower_bound":856878205.5,"upper_bound":858125240.0},"point_estimate":857397591.5,"standard_error":354394.5155815949},"median_abs_dev":{"confidence_interval":{"confidence_level":0.95,"lower_bound":1539570.3602671623,"upper_bound":3014789.951276779},"point_estimate":2204472.711762786,"standard_error":393173.352995325},"slope":null,"std_dev":{"confidence_interval":{"confidence_level":0.95,"lower_bound":3305485.245557112,"upper_bound":5026787.04450695},"point_estimate":4230190.987135057,"standard_error":439777.7067985618}}