{"mean":{"confidence_interval":{"confidence_level":0.95,"lower_bound":-0.28614869868949383,"upper_bound":-0.14579291194567878},"point_estimate":-0.22103711282021365,"standard_error":0.0358680842779946},"median":{"confidence_interval":{"confidence_level":0.95,"lower_bound":-0.2843504426421969,"upper_bound":-0.19006892397332573},"point_estimate":-0.2416473875777604,"standard_error":0.023202119375832577}}