{"mean":{"confidence_interval":{"confidence_level":0.95,"lower_bound":-0.3419068198954297,"upper_bound":-0.26517066654400023},"point_estimate":-0.3075591453321983,"standard_error":0.019693835794463953},"median":{"confidence_interval":{"confidence_level":0.95,"lower_bound":-0.36037880493161545,"upper_bound":-0.28086578340140256},"point_estimate":-0.3399076675832706,"standard_error":0.020737269291765226}}