{"mean":{"confidence_interval":{"confidence_level":0.95,"lower_bound":0.08537518830617273,"upper_bound":0.24216918801494208},"point_estimate":0.16150658367117665,"standard_error":0.03992728327508287},"median":{"confidence_interval":{"confidence_level":0.95,"lower_bound":0.07075654746045723,"upper_bound":0.2576368541462697},"point_estimate":0.1354623691338992,"standard_error":0.04762119092107388}}