{"mean":{"confidence_interval":{"confidence_level":0.95,"lower_bound":21434749.156785715,"upper_bound":22776813.63313492},"point_estimate":22117540.88123016,"standard_error":344238.26599414984},"median":{"confidence_interval":{"confidence_level":0.95,"lower_bound":20838503.0,"upper_bound":23097833.666666668},"point_estimate":22624385.13392857,"standard_error":737573.824185808},"median_abs_dev":{"confidence_interval":{"confidence_level":0.95,"lower_bound":81927.69206215907,"upper_bound":1672858.2794408258},"point_estimate":958081.5616448203,"standard_error":468591.02509276324},"slope":{"confidence_interval":{"confidence_level":0.95,"lower_bound":21343758.983164985,"upper_bound":22878578.543682765},"point_estimate":22149023.92207792,"standard_error":410138.7662507952},"std_dev":{"confidence_interval":{"confidence_level":0.95,"lower_bound":729686.2193724865,"upper_bound":1265294.3184326699},"point_estimate":1149078.8066591073,"standard_error":135212.39664909636}}