{"mean":{"confidence_interval":{"confidence_level":0.95,"lower_bound":12263443.281666664,"upper_bound":14599734.874166666},"point_estimate":13362853.533333333,"standard_error":600922.4631021752},"median":{"confidence_interval":{"confidence_level":0.95,"lower_bound":11812336.0,"upper_bound":15009360.333333332},"point_estimate":12470467.166666668,"standard_error":939906.7194970745},"median_abs_dev":{"confidence_interval":{"confidence_level":0.95,"lower_bound":265637.1901839981,"upper_bound":3378020.026028156},"point_estimate":1555339.2935872092,"standard_error":843801.5051823572},"slope":null,"std_dev":{"confidence_interval":{"confidence_level":0.95,"lower_bound":1018136.4340671091,"upper_bound":2493582.6252680724},"point_estimate":2003184.2196713954,"standard_error":380270.2336848986}}