{"mean":{"confidence_interval":{"confidence_level":0.95,"lower_bound":16259006.818333331,"upper_bound":18229473.833333336},"point_estimate":17226402.533333335,"standard_error":502705.08922805625},"median":{"confidence_interval":{"confidence_level":0.95,"lower_bound":15937251.833333334,"upper_bound":18333758.0},"point_estimate":17316602.5,"standard_error":590453.4425373375},"median_abs_dev":{"confidence_interval":{"confidence_level":0.95,"lower_bound":119878.09187173475,"upper_bound":2808636.401736736},"point_estimate":1610552.552106976,"standard_error":682349.2284773405},"slope":null,"std_dev":{"confidence_interval":{"confidence_level":0.95,"lower_bound":883525.9516311415,"upper_bound":2156751.201456048},"point_estimate":1675792.877885483,"standard_error":327004.0854893944}}