{"mean":{"confidence_interval":{"confidence_level":0.95,"lower_bound":782621.7226872202,"upper_bound":785508.0036223036},"point_estimate":783959.826490639,"standard_error":743.8852387273266},"median":{"confidence_interval":{"confidence_level":0.95,"lower_bound":781739.282051282,"upper_bound":785546.2706552707},"point_estimate":783504.6810897435,"standard_error":797.769052589303},"median_abs_dev":{"confidence_interval":{"confidence_level":0.95,"lower_bound":217.587121884883,"upper_bound":4029.938780697851},"point_estimate":2319.2380177996574,"standard_error":996.4570791795454},"slope":{"confidence_interval":{"confidence_level":0.95,"lower_bound":782773.2506319971,"upper_bound":783972.4375220739},"point_estimate":783393.8123210124,"standard_error":298.5295035138406},"std_dev":{"confidence_interval":{"confidence_level":0.95,"lower_bound":1000.3338380567772,"upper_bound":3199.7980984887113},"point_estimate":2480.6470041763946,"standard_error":571.4986737262302}}