{"mean":{"confidence_interval":{"confidence_level":0.95,"lower_bound":31765053.922500003,"upper_bound":33364252.759999998},"point_estimate":32533513.0,"standard_error":410349.3787042839},"median":{"confidence_interval":{"confidence_level":0.95,"lower_bound":31545390.0,"upper_bound":33429263.0},"point_estimate":32287694.5,"standard_error":551981.8608938664},"median_abs_dev":{"confidence_interval":{"confidence_level":0.95,"lower_bound":255511.279463768,"upper_bound":2343547.0756687215},"point_estimate":1185615.9251511097,"standard_error":525549.8717060424},"slope":null,"std_dev":{"confidence_interval":{"confidence_level":0.95,"lower_bound":700072.060075207,"upper_bound":1764729.6215019235},"point_estimate":1368131.9265648325,"standard_error":275480.7856834305}}