{"mean":{"confidence_interval":{"confidence_level":0.95,"lower_bound":29477782.7,"upper_bound":29770240.8925},"point_estimate":29619451.4,"standard_error":75318.2285040479},"median":{"confidence_interval":{"confidence_level":0.95,"lower_bound":29405230.0,"upper_bound":29916489.0},"point_estimate":29549864.0,"standard_error":141877.44957108292},"median_abs_dev":{"confidence_interval":{"confidence_level":0.95,"lower_bound":29297.658079862595,"upper_bound":411997.48278558254},"point_estimate":228271.4701473713,"standard_error":120791.11500695639},"slope":null,"std_dev":{"confidence_interval":{"confidence_level":0.95,"lower_bound":138144.19842455626,"upper_bound":287318.6498068728},"point_estimate":250727.97553001097,"standard_error":35566.961653047896}}