{"mean":{"confidence_interval":{"confidence_level":0.95,"lower_bound":30654403.3575,"upper_bound":32160459.5},"point_estimate":31378092.8,"standard_error":386149.0707028459},"median":{"confidence_interval":{"confidence_level":0.95,"lower_bound":30362404.0,"upper_bound":32151693.0},"point_estimate":31293191.5,"standard_error":606108.661020235},"median_abs_dev":{"confidence_interval":{"confidence_level":0.95,"lower_bound":220477.44208574295,"upper_bound":2378106.666380167},"point_estimate":1322891.339313984,"standard_error":547941.2461780494},"slope":null,"std_dev":{"confidence_interval":{"confidence_level":0.95,"lower_bound":728970.4695791792,"upper_bound":1668315.6129393936},"point_estimate":1281898.4933987386,"standard_error":257138.53900445273}}