{"mean":{"confidence_interval":{"confidence_level":0.95,"lower_bound":93368270.54619047,"upper_bound":93740996.18166666},"point_estimate":93550043.80976191,"standard_error":95708.20624370377},"median":{"confidence_interval":{"confidence_level":0.95,"lower_bound":93267952.0,"upper_bound":93865979.6},"point_estimate":93460768.41666667,"standard_error":169185.65737375247},"median_abs_dev":{"confidence_interval":{"confidence_level":0.95,"lower_bound":44947.77160203016,"upper_bound":520670.76358124614},"point_estimate":338683.28473716974,"standard_error":125956.91407460361},"slope":{"confidence_interval":{"confidence_level":0.95,"lower_bound":93439071.15254237,"upper_bound":93856404.15709028},"point_estimate":93667711.84415585,"standard_error":106506.77697355204},"std_dev":{"confidence_interval":{"confidence_level":0.95,"lower_bound":192640.31750963675,"upper_bound":374721.6514668274},"point_estimate":320140.09981075354,"standard_error":46337.52965191486}}