{"mean":{"confidence_interval":{"confidence_level":0.95,"lower_bound":332645182.0285,"upper_bound":335561981.9915},"point_estimate":334155669.23,"standard_error":743431.9601885533},"median":{"confidence_interval":{"confidence_level":0.95,"lower_bound":333527841.0,"upper_bound":335665075.5},"point_estimate":334447482.5,"standard_error":604907.391693601},"median_abs_dev":{"confidence_interval":{"confidence_level":0.95,"lower_bound":4212616.569811106,"upper_bound":8394400.990569592},"point_estimate":5949195.555880666,"standard_error":1046720.2822733278},"slope":null,"std_dev":{"confidence_interval":{"confidence_level":0.95,"lower_bound":5681113.748594588,"upper_bound":9645453.287916856},"point_estimate":7467604.001984347,"standard_error":1087878.4592253033}}