{"mean":{"confidence_interval":{"confidence_level":0.95,"lower_bound":297997241.233,"upper_bound":299437891.419},"point_estimate":298760025.2,"standard_error":366449.44500036497},"median":{"confidence_interval":{"confidence_level":0.95,"lower_bound":298065125.0,"upper_bound":299067137.0},"point_estimate":298370163.5,"standard_error":245540.52547088044},"median_abs_dev":{"confidence_interval":{"confidence_level":0.95,"lower_bound":1341595.0792819262,"upper_bound":2338815.8026327183},"point_estimate":1943309.7611993551,"standard_error":258253.65184649307},"slope":null,"std_dev":{"confidence_interval":{"confidence_level":0.95,"lower_bound":2231788.9894683827,"upper_bound":5312762.033946549},"point_estimate":3690729.5414035697,"standard_error":863388.5047926934}}