{"mean":{"confidence_interval":{"confidence_level":0.95,"lower_bound":269734067.924,"upper_bound":273053439.01575},"point_estimate":271362149.68,"standard_error":848616.6758495043},"median":{"confidence_interval":{"confidence_level":0.95,"lower_bound":266544122.0,"upper_bound":276035982.0},"point_estimate":271747784.5,"standard_error":3527670.94388421},"median_abs_dev":{"confidence_interval":{"confidence_level":0.95,"lower_bound":5716720.173507929,"upper_bound":11772711.853292584},"point_estimate":9631119.171613455,"standard_error":1433051.7242668138},"slope":null,"std_dev":{"confidence_interval":{"confidence_level":0.95,"lower_bound":7223415.388734429,"upper_bound":9742435.544553954},"point_estimate":8461049.796955109,"standard_error":650686.6194523791}}