{"mean":{"confidence_interval":{"confidence_level":0.95,"lower_bound":311747509.77075,"upper_bound":313963803.45625},"point_estimate":312766730.82,"standard_error":565479.1614812033},"median":{"confidence_interval":{"confidence_level":0.95,"lower_bound":310517884.0,"upper_bound":311700877.0},"point_estimate":311051777.5,"standard_error":342714.4453797274},"median_abs_dev":{"confidence_interval":{"confidence_level":0.95,"lower_bound":1930759.5524221659,"upper_bound":3334836.5836948156},"point_estimate":2584874.506509304,"standard_error":357185.8830633212},"slope":null,"std_dev":{"confidence_interval":{"confidence_level":0.95,"lower_bound":3544519.518241354,"upper_bound":7676976.779200596},"point_estimate":5700166.556548291,"standard_error":1065398.186217678}}