{"mean":{"confidence_interval":{"confidence_level":0.95,"lower_bound":283040785.26175004,"upper_bound":284889290.36175},"point_estimate":283866352.39,"standard_error":474268.85131023714},"median":{"confidence_interval":{"confidence_level":0.95,"lower_bound":282416464.5,"upper_bound":283686579.0},"point_estimate":283305201.0,"standard_error":361617.5796324541},"median_abs_dev":{"confidence_interval":{"confidence_level":0.95,"lower_bound":1748417.5468593836,"upper_bound":3114732.015502453},"point_estimate":2541882.0724725723,"standard_error":339913.9885987238},"slope":null,"std_dev":{"confidence_interval":{"confidence_level":0.95,"lower_bound":2301411.1507367566,"upper_bound":6932604.671617904},"point_estimate":4745799.172163096,"standard_error":1209206.2725696794}}