{"mean":{"confidence_interval":{"confidence_level":0.95,"lower_bound":296210435.2965,"upper_bound":300582117.49},"point_estimate":298378474.91,"standard_error":1117388.2068099268},"median":{"confidence_interval":{"confidence_level":0.95,"lower_bound":293284777.0,"upper_bound":301160732.0},"point_estimate":299297973.0,"standard_error":2173815.9797981186},"median_abs_dev":{"confidence_interval":{"confidence_level":0.95,"lower_bound":10139513.080787659,"upper_bound":14946558.09494555},"point_estimate":12591959.53374803,"standard_error":1226673.3789338886},"slope":null,"std_dev":{"confidence_interval":{"confidence_level":0.95,"lower_bound":9656259.578196809,"upper_bound":12882209.555889001},"point_estimate":11285920.519014208,"standard_error":822708.0915219695}}