{"mean":{"confidence_interval":{"confidence_level":0.95,"lower_bound":0.47936936528296564,"upper_bound":0.4964681913488069},"point_estimate":0.4896248449795624,"standard_error":0.004470730594242091},"median":{"confidence_interval":{"confidence_level":0.95,"lower_bound":0.48368521299324563,"upper_bound":0.491420728218092},"point_estimate":0.48685814183820053,"standard_error":0.001789072006601051}}