{"mean":{"confidence_interval":{"confidence_level":0.95,"lower_bound":-0.001999670004863399,"upper_bound":0.0028662070969223876},"point_estimate":0.000448010831653356,"standard_error":0.0012444797376367487},"median":{"confidence_interval":{"confidence_level":0.95,"lower_bound":-0.0010501568525477234,"upper_bound":0.005288538446287738},"point_estimate":0.0020339674915212935,"standard_error":0.0016924703941658644}}