{"mean":{"confidence_interval":{"confidence_level":0.95,"lower_bound":0.05445049292220665,"upper_bound":0.06299142267543315},"point_estimate":0.0586460564080562,"standard_error":0.0021681437365992295},"median":{"confidence_interval":{"confidence_level":0.95,"lower_bound":0.05627729442758089,"upper_bound":0.06219295115749368},"point_estimate":0.05965451980050451,"standard_error":0.00153163653969761}}