{"mean":{"confidence_interval":{"confidence_level":0.95,"lower_bound":-0.031217245761171804,"upper_bound":-0.025785030524508316},"point_estimate":-0.02867347639202167,"standard_error":0.0013958888297475975},"median":{"confidence_interval":{"confidence_level":0.95,"lower_bound":-0.030482345573262237,"upper_bound":-0.027274404311950176},"point_estimate":-0.028686757673694663,"standard_error":0.0008689230825716218}}