{"mean":{"confidence_interval":{"confidence_level":0.95,"lower_bound":-0.15057012838273245,"upper_bound":-0.14670090344541636},"point_estimate":-0.14855721946204026,"standard_error":0.0009839756072877613},"median":{"confidence_interval":{"confidence_level":0.95,"lower_bound":-0.14832500298916662,"upper_bound":-0.14594332812271182},"point_estimate":-0.14747501020549525,"standard_error":0.0006261174449649632}}