{"mean":{"confidence_interval":{"confidence_level":0.95,"lower_bound":1784214.4570833328,"upper_bound":1790991.4236354164},"point_estimate":1787528.7545833332,"standard_error":1727.5285774132733},"median":{"confidence_interval":{"confidence_level":0.95,"lower_bound":1780826.4166666667,"upper_bound":1788121.75},"point_estimate":1783953.5416666665,"standard_error":1734.4977621917526},"median_abs_dev":{"confidence_interval":{"confidence_level":0.95,"lower_bound":10476.607389003211,"upper_bound":18829.668303206563},"point_estimate":13974.647589400469,"standard_error":2130.3891592550845},"slope":null,"std_dev":{"confidence_interval":{"confidence_level":0.95,"lower_bound":14099.145521719289,"upper_bound":20358.469078676626},"point_estimate":17333.205300651265,"standard_error":1602.1019346405276}}