{"mean":{"confidence_interval":{"confidence_level":0.95,"lower_bound":867408991.526,"upper_bound":869948129.1955},"point_estimate":868391835.44,"standard_error":682007.0141011078},"median":{"confidence_interval":{"confidence_level":0.95,"lower_bound":867193388.0,"upper_bound":868110590.0},"point_estimate":867713700.5,"standard_error":257493.42623122604},"median_abs_dev":{"confidence_interval":{"confidence_level":0.95,"lower_bound":1637810.399723053,"upper_bound":2554192.1000540257},"point_estimate":2090165.7363921404,"standard_error":224612.19981136938},"slope":null,"std_dev":{"confidence_interval":{"confidence_level":0.95,"lower_bound":1965364.1782951772,"upper_bound":11391521.030426633},"point_estimate":6858051.218307597,"standard_error":3206755.452752227}}