{"mean":{"confidence_interval":{"confidence_level":0.95,"lower_bound":869787305.0735,"upper_bound":870803579.82825},"point_estimate":870288369.47,"standard_error":259287.5005927537},"median":{"confidence_interval":{"confidence_level":0.95,"lower_bound":869168357.5,"upper_bound":870643310.0},"point_estimate":870049608.5,"standard_error":358992.95712555735},"median_abs_dev":{"confidence_interval":{"confidence_level":0.95,"lower_bound":2128596.95160985,"upper_bound":3433465.2126038065},"point_estimate":2936204.7396719456,"standard_error":348990.1071727214},"slope":null,"std_dev":{"confidence_interval":{"confidence_level":0.95,"lower_bound":2260332.8952596392,"upper_bound":2885479.8419517097},"point_estimate":2594819.6348618474,"standard_error":159734.00309587634}}