{"mean":{"confidence_interval":{"confidence_level":0.95,"lower_bound":877508569.8535,"upper_bound":879040524.305},"point_estimate":878228906.8,"standard_error":391308.64870513795},"median":{"confidence_interval":{"confidence_level":0.95,"lower_bound":877007039.5,"upper_bound":878618773.5},"point_estimate":877764434.0,"standard_error":374770.8337319366},"median_abs_dev":{"confidence_interval":{"confidence_level":0.95,"lower_bound":2339927.493157983,"upper_bound":3696072.5861915927},"point_estimate":2998404.9976676702,"standard_error":340055.67314703896},"slope":null,"std_dev":{"confidence_interval":{"confidence_level":0.95,"lower_bound":2651437.667980579,"upper_bound":5135525.689958617},"point_estimate":3906739.7480806694,"standard_error":646074.5636244362}}