{"mean":{"confidence_interval":{"confidence_level":0.95,"lower_bound":1946430.5732826092,"upper_bound":1960380.031086956},"point_estimate":1952871.6147826079,"standard_error":3554.009007204502},"median":{"confidence_interval":{"confidence_level":0.95,"lower_bound":1939318.5652173914,"upper_bound":1949794.4347826086},"point_estimate":1944553.847826087,"standard_error":3168.4328979547863},"median_abs_dev":{"confidence_interval":{"confidence_level":0.95,"lower_bound":15701.700634282282,"upper_bound":27775.930359052643},"point_estimate":21147.80602455139,"standard_error":3086.537209071345},"slope":null,"std_dev":{"confidence_interval":{"confidence_level":0.95,"lower_bound":23657.129898261082,"upper_bound":49041.36493271983},"point_estimate":35832.26718693871,"standard_error":6966.648355758246}}