{"mean":{"confidence_interval":{"confidence_level":0.95,"lower_bound":867886938.58,"upper_bound":870262439.8485},"point_estimate":868854292.02,"standard_error":622868.5756943143},"median":{"confidence_interval":{"confidence_level":0.95,"lower_bound":867377014.0,"upper_bound":868323551.0},"point_estimate":868002378.5,"standard_error":277397.40718056296},"median_abs_dev":{"confidence_interval":{"confidence_level":0.95,"lower_bound":1638817.0851051817,"upper_bound":2666206.975865364},"point_estimate":2214506.2070846558,"standard_error":256419.03349578826},"slope":null,"std_dev":{"confidence_interval":{"confidence_level":0.95,"lower_bound":2141255.3668338303,"upper_bound":10118426.245123666},"point_estimate":6267916.137534798,"standard_error":2514045.0752861695}}