{"mean":{"confidence_interval":{"confidence_level":0.95,"lower_bound":529477179.1145,"upper_bound":532686119.839},"point_estimate":531012525.34,"standard_error":819186.1638038013},"median":{"confidence_interval":{"confidence_level":0.95,"lower_bound":527857296.0,"upper_bound":530119693.0},"point_estimate":528747754.5,"standard_error":581168.5364051664},"median_abs_dev":{"confidence_interval":{"confidence_level":0.95,"lower_bound":3392475.622871518,"upper_bound":6004838.27419281},"point_estimate":4686387.3217999935,"standard_error":646996.4880172923},"slope":null,"std_dev":{"confidence_interval":{"confidence_level":0.95,"lower_bound":6075571.54674891,"upper_bound":10031959.370277058},"point_estimate":8251868.500053842,"standard_error":1010539.5437991923}}