{"mean":{"confidence_interval":{"confidence_level":0.95,"lower_bound":13041121.380875,"upper_bound":13099903.837437501},"point_estimate":13070686.8025,"standard_error":14970.280416041449},"median":{"confidence_interval":{"confidence_level":0.95,"lower_bound":13030070.0,"upper_bound":13109799.0},"point_estimate":13073453.0,"standard_error":18690.896558411405},"median_abs_dev":{"confidence_interval":{"confidence_level":0.95,"lower_bound":105616.34497493505,"upper_bound":184205.81905469298},"point_estimate":147933.45472365618,"standard_error":19257.7293480371},"slope":null,"std_dev":{"confidence_interval":{"confidence_level":0.95,"lower_bound":129722.00796872744,"upper_bound":170231.2022338878},"point_estimate":151009.83471730025,"standard_error":10355.522606381552}}