{"mean":{"confidence_interval":{"confidence_level":0.95,"lower_bound":7379981.948321428,"upper_bound":7442783.771321428},"point_estimate":7412385.667142857,"standard_error":16047.606361429123},"median":{"confidence_interval":{"confidence_level":0.95,"lower_bound":7415877.714285715,"upper_bound":7478285.714285715},"point_estimate":7441061.214285715,"standard_error":16186.021399495883},"median_abs_dev":{"confidence_interval":{"confidence_level":0.95,"lower_bound":86244.95846884532,"upper_bound":153211.35177995457},"point_estimate":131598.96246365167,"standard_error":17919.237782960325},"slope":null,"std_dev":{"confidence_interval":{"confidence_level":0.95,"lower_bound":127798.4209213928,"upper_bound":191144.11896915632},"point_estimate":161206.21646089328,"standard_error":16154.949782200641}}