{"mean":{"confidence_interval":{"confidence_level":0.95,"lower_bound":11458721.409550004,"upper_bound":11518339.948749999},"point_estimate":11487267.050000004,"standard_error":15204.266568950552},"median":{"confidence_interval":{"confidence_level":0.95,"lower_bound":11406504.0,"upper_bound":11458719.9},"point_estimate":11426852.8,"standard_error":15848.225520634294},"median_abs_dev":{"confidence_interval":{"confidence_level":0.95,"lower_bound":55093.85980188819,"upper_bound":124617.27210760006},"point_estimate":84231.39708459488,"standard_error":19232.25666666683},"slope":null,"std_dev":{"confidence_interval":{"confidence_level":0.95,"lower_bound":116603.140808324,"upper_bound":183851.31513873444},"point_estimate":152336.44290156482,"standard_error":17237.33989432645}}