{"mean":{"confidence_interval":{"confidence_level":0.95,"lower_bound":345304.93652595126,"upper_bound":348290.7445037275},"point_estimate":346780.3152917922,"standard_error":765.612367973046},"median":{"confidence_interval":{"confidence_level":0.95,"lower_bound":341887.55555555556,"upper_bound":348133.99047619046},"point_estimate":346152.87256205676,"standard_error":2023.624924958973},"median_abs_dev":{"confidence_interval":{"confidence_level":0.95,"lower_bound":5321.225852997221,"upper_bound":10798.302255766617},"point_estimate":9394.580148031868,"standard_error":1586.5140610779797},"slope":{"confidence_interval":{"confidence_level":0.95,"lower_bound":343540.79693374824,"upper_bound":346636.5521631266},"point_estimate":345069.0115156889,"standard_error":792.0477818910775},"std_dev":{"confidence_interval":{"confidence_level":0.95,"lower_bound":6877.873148418691,"upper_bound":8366.020340533976},"point_estimate":7680.799522033315,"standard_error":381.4037047388646}}