{"mean":{"confidence_interval":{"confidence_level":0.95,"lower_bound":54421391.474249996,"upper_bound":55367934.39875},"point_estimate":54854566.61,"standard_error":241170.683963101},"median":{"confidence_interval":{"confidence_level":0.95,"lower_bound":54228890.0,"upper_bound":54981172.0},"point_estimate":54667131.5,"standard_error":195618.3368857973},"median_abs_dev":{"confidence_interval":{"confidence_level":0.95,"lower_bound":1330308.0827473106,"upper_bound":2187600.0568923336},"point_estimate":1785930.2913933992,"standard_error":206029.1153241501},"slope":null,"std_dev":{"confidence_interval":{"confidence_level":0.95,"lower_bound":1527817.1457899194,"upper_bound":3455736.80411508},"point_estimate":2427149.007353023,"standard_error":567854.8688662003}}