{"mean":{"confidence_interval":{"confidence_level":0.95,"lower_bound":55407499.86,"upper_bound":56392554.4},"point_estimate":55879835.45,"standard_error":251702.55095465702},"median":{"confidence_interval":{"confidence_level":0.95,"lower_bound":55134609.0,"upper_bound":56044896.0},"point_estimate":55507209.0,"standard_error":196437.18686818852},"median_abs_dev":{"confidence_interval":{"confidence_level":0.95,"lower_bound":1614133.278143406,"upper_bound":2611398.220038414},"point_estimate":2212255.6203246117,"standard_error":263080.47630591755},"slope":null,"std_dev":{"confidence_interval":{"confidence_level":0.95,"lower_bound":1900721.5189632245,"upper_bound":3213291.6854569903},"point_estimate":2540731.59020137,"standard_error":343808.8383960932}}