{"mean":{"confidence_interval":{"confidence_level":0.95,"lower_bound":31469330.15825,"upper_bound":32128451.73},"point_estimate":31796210.98,"standard_error":167747.00402465428},"median":{"confidence_interval":{"confidence_level":0.95,"lower_bound":31132873.0,"upper_bound":32160341.0},"point_estimate":31603887.5,"standard_error":241933.08507284842},"median_abs_dev":{"confidence_interval":{"confidence_level":0.95,"lower_bound":1431996.612676978,"upper_bound":2298622.999191284},"point_estimate":1797543.4969872236,"standard_error":218232.22080373295},"slope":null,"std_dev":{"confidence_interval":{"confidence_level":0.95,"lower_bound":1464612.585849379,"upper_bound":1879603.7036812142},"point_estimate":1685024.2579051817,"standard_error":105555.48052977108}}