{"mean":{"confidence_interval":{"confidence_level":0.95,"lower_bound":32162366.44,"upper_bound":33193408.66525},"point_estimate":32668710.49,"standard_error":263322.1371257855},"median":{"confidence_interval":{"confidence_level":0.95,"lower_bound":30988021.5,"upper_bound":32525296.0},"point_estimate":31288229.0,"standard_error":437718.7224707578},"median_abs_dev":{"confidence_interval":{"confidence_level":0.95,"lower_bound":1193397.3511129618,"upper_bound":3318610.2682828903},"point_estimate":1823070.1620340347,"standard_error":560252.8616604761},"slope":null,"std_dev":{"confidence_interval":{"confidence_level":0.95,"lower_bound":2363163.9825966987,"upper_bound":2862706.320989934},"point_estimate":2643867.8880871898,"standard_error":126829.21530130626}}