{"mean":{"confidence_interval":{"confidence_level":0.95,"lower_bound":29978067.32625,"upper_bound":30343675.15025},"point_estimate":30159280.71,"standard_error":93323.65371212807},"median":{"confidence_interval":{"confidence_level":0.95,"lower_bound":29752764.0,"upper_bound":30262164.0},"point_estimate":30033084.0,"standard_error":129858.68325672453},"median_abs_dev":{"confidence_interval":{"confidence_level":0.95,"lower_bound":736604.555657655,"upper_bound":1265196.7026382685},"point_estimate":999718.6448514462,"standard_error":129722.9858833328},"slope":null,"std_dev":{"confidence_interval":{"confidence_level":0.95,"lower_bound":826705.3164996839,"upper_bound":1032251.7822204566},"point_estimate":936979.6174342093,"standard_error":52415.664412503436}}