{"mean":{"confidence_interval":{"confidence_level":0.95,"lower_bound":54090598.43075,"upper_bound":54556075.149500005},"point_estimate":54320059.51,"standard_error":119009.35716031524},"median":{"confidence_interval":{"confidence_level":0.95,"lower_bound":53797733.0,"upper_bound":54346320.0},"point_estimate":54126217.5,"standard_error":148120.73946833145},"median_abs_dev":{"confidence_interval":{"confidence_level":0.95,"lower_bound":776737.8327101469,"upper_bound":1387741.744762659},"point_estimate":1091657.6344192028,"standard_error":153009.1540374864},"slope":null,"std_dev":{"confidence_interval":{"confidence_level":0.95,"lower_bound":1002550.0524393105,"upper_bound":1355871.2814375167},"point_estimate":1192064.2827105473,"standard_error":89931.5172315983}}