{"mean":{"confidence_interval":{"confidence_level":0.95,"lower_bound":52751168.95824999,"upper_bound":53428221.07825},"point_estimate":53062067.12,"standard_error":172720.97261524523},"median":{"confidence_interval":{"confidence_level":0.95,"lower_bound":52797371.0,"upper_bound":53369979.0},"point_estimate":53149257.0,"standard_error":142794.15652779752},"median_abs_dev":{"confidence_interval":{"confidence_level":0.95,"lower_bound":902723.9893734455,"upper_bound":1457220.8273291588},"point_estimate":1164540.0252252817,"standard_error":140379.21905019082},"slope":null,"std_dev":{"confidence_interval":{"confidence_level":0.95,"lower_bound":1079124.5447010389,"upper_bound":2523655.722304515},"point_estimate":1746201.1662360404,"standard_error":432937.52836202696}}