{"mean":{"confidence_interval":{"confidence_level":0.95,"lower_bound":39034885.03875,"upper_bound":39499247.758},"point_estimate":39265895.16,"standard_error":118295.61441511037},"median":{"confidence_interval":{"confidence_level":0.95,"lower_bound":38812609.0,"upper_bound":39510327.0},"point_estimate":39349948.5,"standard_error":195993.4920161039},"median_abs_dev":{"confidence_interval":{"confidence_level":0.95,"lower_bound":1002427.3550033569,"upper_bound":1557558.7457478046},"point_estimate":1303674.619755149,"standard_error":143919.20118157982},"slope":null,"std_dev":{"confidence_interval":{"confidence_level":0.95,"lower_bound":1031295.6341343784,"upper_bound":1321520.8843272752},"point_estimate":1185550.261707662,"standard_error":74215.74666704064}}