{"mean":{"confidence_interval":{"confidence_level":0.95,"lower_bound":16241.480199540196,"upper_bound":16285.726828280804},"point_estimate":16260.237449136554,"standard_error":11.512603172556204},"median":{"confidence_interval":{"confidence_level":0.95,"lower_bound":16222.154918032787,"upper_bound":16241.712098921114},"point_estimate":16230.56184370557,"standard_error":4.550064755982795},"median_abs_dev":{"confidence_interval":{"confidence_level":0.95,"lower_bound":24.71202497111001,"upper_bound":45.870594624597295},"point_estimate":32.357491675566266,"standard_error":5.386929978197416},"slope":{"confidence_interval":{"confidence_level":0.95,"lower_bound":16234.21239105253,"upper_bound":16282.834055289171},"point_estimate":16252.37041694627,"standard_error":13.184831261771699},"std_dev":{"confidence_interval":{"confidence_level":0.95,"lower_bound":43.803807025890976,"upper_bound":181.314636001416},"point_estimate":115.85322170086465,"standard_error":39.7808530749174}}