{"mean":{"confidence_interval":{"confidence_level":0.95,"lower_bound":0.01012025532330731,"upper_bound":0.04428451819983423},"point_estimate":0.02506154343195499,"standard_error":0.008561064224208697},"median":{"confidence_interval":{"confidence_level":0.95,"lower_bound":0.010092178323113599,"upper_bound":0.022672944853881383},"point_estimate":0.010766942422831605,"standard_error":0.005622328608214145}}