{"mean":{"confidence_interval":{"confidence_level":0.95,"lower_bound":0.3140049963378723,"upper_bound":0.31583062457431105},"point_estimate":0.31499553151606574,"standard_error":0.00046379322615729406},"median":{"confidence_interval":{"confidence_level":0.95,"lower_bound":0.31457230309583273,"upper_bound":0.31561432649775445},"point_estimate":0.31512337966978965,"standard_error":0.00026599953613066135}}