{"mean":{"confidence_interval":{"confidence_level":0.95,"lower_bound":-0.011840453211049741,"upper_bound":-0.0049901931876669085},"point_estimate":-0.008019053106251506,"standard_error":0.00176995976478007},"median":{"confidence_interval":{"confidence_level":0.95,"lower_bound":-0.006979256647406729,"upper_bound":-0.0050489553387146335},"point_estimate":-0.00658662433892343,"standard_error":0.0005886517431580478}}