{"mean":{"confidence_interval":{"confidence_level":0.95,"lower_bound":-0.00880760690626118,"upper_bound":-0.006348160233553477},"point_estimate":-0.007404018192212591,"standard_error":0.0006412600964348156},"median":{"confidence_interval":{"confidence_level":0.95,"lower_bound":-0.007587008543196161,"upper_bound":-0.0063356719349452195},"point_estimate":-0.006939553061556025,"standard_error":0.00035548581385826046}}