{"mean":{"confidence_interval":{"confidence_level":0.95,"lower_bound":2159859.012333334,"upper_bound":2220086.6704375003},"point_estimate":2188358.5266666664,"standard_error":15396.686869685496},"median":{"confidence_interval":{"confidence_level":0.95,"lower_bound":2125070.0833333335,"upper_bound":2168363.9583333335},"point_estimate":2140412.9375,"standard_error":10806.119549172763},"median_abs_dev":{"confidence_interval":{"confidence_level":0.95,"lower_bound":59808.144713193295,"upper_bound":100909.55337099663},"point_estimate":80553.85726988321,"standard_error":10376.251523560031},"slope":null,"std_dev":{"confidence_interval":{"confidence_level":0.95,"lower_bound":112734.44263693129,"upper_bound":193126.5375634775},"point_estimate":154277.1373216845,"standard_error":20616.63222211333}}