{"mean":{"confidence_interval":{"confidence_level":0.95,"lower_bound":2476556.4428947354,"upper_bound":2541074.206513158},"point_estimate":2508565.2778947367,"standard_error":16511.841642368356},"median":{"confidence_interval":{"confidence_level":0.95,"lower_bound":2462266.578947368,"upper_bound":2553532.6842105263},"point_estimate":2519325.657894737,"standard_error":26392.113922582077},"median_abs_dev":{"confidence_interval":{"confidence_level":0.95,"lower_bound":132166.0625272673,"upper_bound":208709.96806307853},"point_estimate":168838.68008146167,"standard_error":20281.128754901696},"slope":null,"std_dev":{"confidence_interval":{"confidence_level":0.95,"lower_bound":143435.18069277034,"upper_bound":186853.83257425734},"point_estimate":166158.06658825258,"standard_error":11135.706966886808}}