{"mean":{"confidence_interval":{"confidence_level":0.95,"lower_bound":2371362.5115681826,"upper_bound":2386523.287272727},"point_estimate":2378871.8454545448,"standard_error":3877.5199009221137},"median":{"confidence_interval":{"confidence_level":0.95,"lower_bound":2359762.5454545454,"upper_bound":2382776.0454545454},"point_estimate":2377087.4318181816,"standard_error":7614.626846454571},"median_abs_dev":{"confidence_interval":{"confidence_level":0.95,"lower_bound":27437.669021974973,"upper_bound":48231.470607356685},"point_estimate":40951.90473659481,"standard_error":5856.019071029783},"slope":null,"std_dev":{"confidence_interval":{"confidence_level":0.95,"lower_bound":33790.57961662704,"upper_bound":43218.70123421277},"point_estimate":38822.77757099275,"standard_error":2409.0830658806444}}