{"mean":{"confidence_interval":{"confidence_level":0.95,"lower_bound":1937558.0238576003,"upper_bound":1944050.321231594},"point_estimate":1940732.865180118,"standard_error":1656.105327785494},"median":{"confidence_interval":{"confidence_level":0.95,"lower_bound":1935402.7174390242,"upper_bound":1941608.2307692308},"point_estimate":1938107.552522746,"standard_error":1631.2992363066767},"median_abs_dev":{"confidence_interval":{"confidence_level":0.95,"lower_bound":9248.601953804511,"upper_bound":17533.384926430565},"point_estimate":12553.429467164926,"standard_error":2186.204661714285},"slope":{"confidence_interval":{"confidence_level":0.95,"lower_bound":1939477.567289357,"upper_bound":1947718.0825262114},"point_estimate":1943330.4064016552,"standard_error":2105.509427703339},"std_dev":{"confidence_interval":{"confidence_level":0.95,"lower_bound":13538.348499697579,"upper_bound":19380.629258238085},"point_estimate":16634.624311561874,"standard_error":1497.7909362259245}}