{"mean":{"confidence_interval":{"confidence_level":0.95,"lower_bound":102903036.8075,"upper_bound":116286129.1},"point_estimate":109234220.5,"standard_error":3426230.9970010296},"median":{"confidence_interval":{"confidence_level":0.95,"lower_bound":100093932.0,"upper_bound":118743371.0},"point_estimate":103358201.5,"standard_error":6012958.035735927},"median_abs_dev":{"confidence_interval":{"confidence_level":0.95,"lower_bound":453540.67534804344,"upper_bound":20990488.082644343},"point_estimate":5828171.661329269,"standard_error":5691867.730026503},"slope":null,"std_dev":{"confidence_interval":{"confidence_level":0.95,"lower_bound":5956556.700367169,"upper_bound":14553512.85460137},"point_estimate":11464518.262410615,"standard_error":2253041.205957823}}