{"mean":{"confidence_interval":{"confidence_level":0.95,"lower_bound":121643294.8,"upper_bound":136320671.83749998},"point_estimate":127910989.3,"standard_error":3826069.1054652855},"median":{"confidence_interval":{"confidence_level":0.95,"lower_bound":119973015.0,"upper_bound":133381206.0},"point_estimate":123216463.0,"standard_error":3030763.970510813},"median_abs_dev":{"confidence_interval":{"confidence_level":0.95,"lower_bound":100338.6597186327,"upper_bound":15040686.143374443},"point_estimate":4832548.69890511,"standard_error":3484195.6408023713},"slope":null,"std_dev":{"confidence_interval":{"confidence_level":0.95,"lower_bound":2070810.0691085195,"upper_bound":17850400.69323866},"point_estimate":12765504.3232731,"standard_error":4338887.09947691}}