{"mean":{"confidence_interval":{"confidence_level":0.95,"lower_bound":128634864.1775,"upper_bound":143117177.0},"point_estimate":135837559.2,"standard_error":3705273.892568798},"median":{"confidence_interval":{"confidence_level":0.95,"lower_bound":124744518.5,"upper_bound":146820376.5},"point_estimate":136843221.5,"standard_error":5602636.954143304},"median_abs_dev":{"confidence_interval":{"confidence_level":0.95,"lower_bound":2875215.0245547295,"upper_bound":21902603.601551056},"point_estimate":15173741.336712241,"standard_error":5020225.5626292},"slope":null,"std_dev":{"confidence_interval":{"confidence_level":0.95,"lower_bound":7531833.307320418,"upper_bound":14973403.650257984},"point_estimate":12383017.07097635,"standard_error":1899335.454369334}}