{"mean":{"confidence_interval":{"confidence_level":0.95,"lower_bound":127772331.42500001,"upper_bound":149871571.5},"point_estimate":138649734.0,"standard_error":5654587.47121453},"median":{"confidence_interval":{"confidence_level":0.95,"lower_bound":123367368.0,"upper_bound":160701317.0},"point_estimate":127030587.5,"standard_error":12615472.004564276},"median_abs_dev":{"confidence_interval":{"confidence_level":0.95,"lower_bound":591574.4393974543,"upper_bound":28348984.610804915},"point_estimate":9714568.052431941,"standard_error":8761863.163525522},"slope":null,"std_dev":{"confidence_interval":{"confidence_level":0.95,"lower_bound":11745752.008679213,"upper_bound":20258987.83999996},"point_estimate":18810631.975551095,"standard_error":2222422.4283971866}}