{"mean":{"confidence_interval":{"confidence_level":0.95,"lower_bound":113934020.655,"upper_bound":132483597.3},"point_estimate":122744191.1,"standard_error":4755732.658977892},"median":{"confidence_interval":{"confidence_level":0.95,"lower_bound":108226789.0,"upper_bound":132295495.5},"point_estimate":123908256.5,"standard_error":7196721.322410475},"median_abs_dev":{"confidence_interval":{"confidence_level":0.95,"lower_bound":831884.6213310957,"upper_bound":30233340.266650915},"point_estimate":19832161.63390875,"standard_error":7361768.8099570945},"slope":null,"std_dev":{"confidence_interval":{"confidence_level":0.95,"lower_bound":8755734.197689883,"upper_bound":20912351.605903514},"point_estimate":15867122.120664747,"standard_error":3447788.004612893}}