{"mean":{"confidence_interval":{"confidence_level":0.95,"lower_bound":124513930.3975,"upper_bound":137815550.635},"point_estimate":131620539.8,"standard_error":3410128.066275941},"median":{"confidence_interval":{"confidence_level":0.95,"lower_bound":123897774.5,"upper_bound":139987823.0},"point_estimate":134546879.5,"standard_error":3813135.4246522803},"median_abs_dev":{"confidence_interval":{"confidence_level":0.95,"lower_bound":2330189.035230875,"upper_bound":19040938.799455762},"point_estimate":8230494.374379516,"standard_error":4253465.77587941},"slope":null,"std_dev":{"confidence_interval":{"confidence_level":0.95,"lower_bound":4608342.473948869,"upper_bound":14561089.962937815},"point_estimate":11392231.788512358,"standard_error":2511099.802925336}}