{"mean":{"confidence_interval":{"confidence_level":0.95,"lower_bound":34328.22930205549,"upper_bound":34536.04031869811},"point_estimate":34432.9552441302,"standard_error":53.08551207900459},"median":{"confidence_interval":{"confidence_level":0.95,"lower_bound":34334.34357795173,"upper_bound":34528.57759562841},"point_estimate":34457.93070512821,"standard_error":58.54499715332146},"median_abs_dev":{"confidence_interval":{"confidence_level":0.95,"lower_bound":233.78157306808365,"upper_bound":875.4593774299516},"point_estimate":665.9193842620587,"standard_error":198.0014654029004},"slope":{"confidence_interval":{"confidence_level":0.95,"lower_bound":34359.86499096944,"upper_bound":34638.115910221306},"point_estimate":34505.806742820554,"standard_error":71.00466054062882},"std_dev":{"confidence_interval":{"confidence_level":0.95,"lower_bound":460.8230712854764,"upper_bound":595.0271323014113},"point_estimate":531.9216182861044,"standard_error":34.20260038819498}}