{"mean":{"confidence_interval":{"confidence_level":0.95,"lower_bound":25958.950296063398,"upper_bound":26113.87386789842},"point_estimate":26028.78913917619,"standard_error":39.688943211850635},"median":{"confidence_interval":{"confidence_level":0.95,"lower_bound":25874.107744107743,"upper_bound":25949.552908923608},"point_estimate":25902.02628049916,"standard_error":24.442292877319172},"median_abs_dev":{"confidence_interval":{"confidence_level":0.95,"lower_bound":184.20551022130502,"upper_bound":336.9986144680641},"point_estimate":247.0899416067765,"standard_error":43.432561855788656},"slope":{"confidence_interval":{"confidence_level":0.95,"lower_bound":25891.478243864298,"upper_bound":26018.052802254253},"point_estimate":25951.473038614997,"standard_error":32.357000495590626},"std_dev":{"confidence_interval":{"confidence_level":0.95,"lower_bound":240.266759119819,"upper_bound":581.713730411449},"point_estimate":399.01806512620755,"standard_error":105.31259331594353}}