{"mean":{"confidence_interval":{"confidence_level":0.95,"lower_bound":31118.0090625238,"upper_bound":31231.332836555277},"point_estimate":31162.947966672116,"standard_error":29.874435541824973},"median":{"confidence_interval":{"confidence_level":0.95,"lower_bound":31093.562434662483,"upper_bound":31123.30284090909},"point_estimate":31111.00517578125,"standard_error":7.917873253350951},"median_abs_dev":{"confidence_interval":{"confidence_level":0.95,"lower_bound":39.37351386063942,"upper_bound":64.86650879596992},"point_estimate":54.768790727146666,"standard_error":6.801109152281085},"slope":{"confidence_interval":{"confidence_level":0.95,"lower_bound":31119.549676886734,"upper_bound":31186.57846081984},"point_estimate":31149.38902264667,"standard_error":17.19636260448317},"std_dev":{"confidence_interval":{"confidence_level":0.95,"lower_bound":76.01180220090286,"upper_bound":491.39370566987407},"point_estimate":300.55143339191955,"standard_error":127.62862535149783}}