{"mean":{"confidence_interval":{"confidence_level":0.95,"lower_bound":34320.78053034656,"upper_bound":34566.738750873206},"point_estimate":34443.066853527685,"standard_error":62.723820426976985},"median":{"confidence_interval":{"confidence_level":0.95,"lower_bound":34359.63930552207,"upper_bound":34596.182912872566},"point_estimate":34522.8099954582,"standard_error":64.87812967557832},"median_abs_dev":{"confidence_interval":{"confidence_level":0.95,"lower_bound":639.1263540325511,"upper_bound":1014.0706339300617},"point_estimate":776.1609035575149,"standard_error":101.80153074233833},"slope":{"confidence_interval":{"confidence_level":0.95,"lower_bound":34136.264100029366,"upper_bound":34460.323157789586},"point_estimate":34293.05467965736,"standard_error":82.65378553996467},"std_dev":{"confidence_interval":{"confidence_level":0.95,"lower_bound":559.9258425287605,"upper_bound":689.7288844274775},"point_estimate":627.6565271584107,"standard_error":33.10758603774948}}