{"mean":{"confidence_interval":{"confidence_level":0.95,"lower_bound":0.15026217695353544,"upper_bound":0.1765771814037452},"point_estimate":0.16431337279295288,"standard_error":0.0067449124823562275},"median":{"confidence_interval":{"confidence_level":0.95,"lower_bound":0.1458899548667425,"upper_bound":0.18229847907055885},"point_estimate":0.17183271976979553,"standard_error":0.008862272354629662}}