{"mean":{"confidence_interval":{"confidence_level":0.95,"lower_bound":0.03638110363360898,"upper_bound":0.07652144092120582},"point_estimate":0.05586045066986545,"standard_error":0.010282992829967787},"median":{"confidence_interval":{"confidence_level":0.95,"lower_bound":0.02774491954364411,"upper_bound":0.06845718393626443},"point_estimate":0.044867877618071095,"standard_error":0.011480857254136058}}