{"mean":{"confidence_interval":{"confidence_level":0.95,"lower_bound":-0.014701543697921442,"upper_bound":0.010160699949951345},"point_estimate":-0.002267803350906372,"standard_error":0.006365875666199388},"median":{"confidence_interval":{"confidence_level":0.95,"lower_bound":-0.016961668556580878,"upper_bound":0.017407133759435256},"point_estimate":-0.000279602060971218,"standard_error":0.009691815812102293}}