{"mean":{"confidence_interval":{"confidence_level":0.95,"lower_bound":-0.06895347479704386,"upper_bound":-0.06630780535923453},"point_estimate":-0.06767160365686553,"standard_error":0.0006648290745556927},"median":{"confidence_interval":{"confidence_level":0.95,"lower_bound":-0.06897012632625144,"upper_bound":-0.06574098645271198},"point_estimate":-0.06650098084054668,"standard_error":0.0007809598748960819}}