{"mean":{"confidence_interval":{"confidence_level":0.95,"lower_bound":0.34265131600632515,"upper_bound":0.3690391144869649},"point_estimate":0.355291420380238,"standard_error":0.006742828521387911},"median":{"confidence_interval":{"confidence_level":0.95,"lower_bound":0.3261025260304786,"upper_bound":0.36315644808029734},"point_estimate":0.3355915449581628,"standard_error":0.009589294859868968}}