{"mean":{"confidence_interval":{"confidence_level":0.95,"lower_bound":-0.22969660861804686,"upper_bound":-0.21843982436585088},"point_estimate":-0.224203281078601,"standard_error":0.0028584613130235264},"median":{"confidence_interval":{"confidence_level":0.95,"lower_bound":-0.23546881946191156,"upper_bound":-0.2129044935958483},"point_estimate":-0.2160364882704341,"standard_error":0.006590572656900861}}