{"mean":{"confidence_interval":{"confidence_level":0.95,"lower_bound":-0.24539920978317267,"upper_bound":-0.2344926413556904},"point_estimate":-0.23948147422077715,"standard_error":0.0027792266338772568},"median":{"confidence_interval":{"confidence_level":0.95,"lower_bound":-0.24899551291969546,"upper_bound":-0.22360541471985784},"point_estimate":-0.24050806156711302,"standard_error":0.007305119616743263}}