{"mean":{"confidence_interval":{"confidence_level":0.95,"lower_bound":0.12747471204239447,"upper_bound":0.13153073872139226},"point_estimate":0.12965578606663342,"standard_error":0.001034380644812079},"median":{"confidence_interval":{"confidence_level":0.95,"lower_bound":0.12865534849144744,"upper_bound":0.13062203510870962},"point_estimate":0.1293359579549378,"standard_error":0.0004904853060511973}}