{"mean":{"confidence_interval":{"confidence_level":0.95,"lower_bound":-0.0019423943142229012,"upper_bound":0.0025865888948906953},"point_estimate":0.00033499206296627726,"standard_error":0.001155680376739685},"median":{"confidence_interval":{"confidence_level":0.95,"lower_bound":0.0011113929567792833,"upper_bound":0.005230812392793993},"point_estimate":0.002896206312605898,"standard_error":0.0010878714656452062}}