{"mean":{"confidence_interval":{"confidence_level":0.95,"lower_bound":3743577111.2425003,"upper_bound":3856344215.9},"point_estimate":3797141729.7,"standard_error":29027368.367203165},"median":{"confidence_interval":{"confidence_level":0.95,"lower_bound":3719557496.5,"upper_bound":3901677098.0},"point_estimate":3763816482.0,"standard_error":42733984.31497973},"median_abs_dev":{"confidence_interval":{"confidence_level":0.95,"lower_bound":9402548.957571387,"upper_bound":153565625.18586516},"point_estimate":74299350.14852285,"standard_error":37797736.87830612},"slope":null,"std_dev":{"confidence_interval":{"confidence_level":0.95,"lower_bound":44897785.35335899,"upper_bound":120036513.8446085},"point_estimate":97213152.05522735,"standard_error":18104883.93063134}}