{"mean":{"confidence_interval":{"confidence_level":0.95,"lower_bound":3647497650.9,"upper_bound":3741380558.0175},"point_estimate":3688434520.2,"standard_error":24402147.2020553},"median":{"confidence_interval":{"confidence_level":0.95,"lower_bound":3633783421.0,"upper_bound":3723824408.0},"point_estimate":3670093878.0,"standard_error":22312675.480498426},"median_abs_dev":{"confidence_interval":{"confidence_level":0.95,"lower_bound":10481784.628111124,"upper_bound":102700485.9547019},"point_estimate":59125335.27211547,"standard_error":23987080.412818335},"slope":null,"std_dev":{"confidence_interval":{"confidence_level":0.95,"lower_bound":27616005.70654715,"upper_bound":115869867.97641525},"point_estimate":81047648.89060579,"standard_error":25928226.800084304}}