{"mean":{"confidence_interval":{"confidence_level":0.95,"lower_bound":1627239318.8,"upper_bound":1643831828.9},"point_estimate":1633813230.5,"standard_error":4506257.866701842},"median":{"confidence_interval":{"confidence_level":0.95,"lower_bound":1627134293.5,"upper_bound":1634711987.5},"point_estimate":1629195925.0,"standard_error":1812822.4084807415},"median_abs_dev":{"confidence_interval":{"confidence_level":0.95,"lower_bound":127193.73434185982,"upper_bound":12091249.198937416},"point_estimate":3066271.7527627945,"standard_error":3268046.3605280737},"slope":null,"std_dev":{"confidence_interval":{"confidence_level":0.95,"lower_bound":2495096.9695055587,"upper_bound":22729501.658586893},"point_estimate":15003169.359200552,"standard_error":6524259.883106723}}