{"mean":{"confidence_interval":{"confidence_level":0.95,"lower_bound":1582932876.0075,"upper_bound":1594520025.08},"point_estimate":1590217570.4,"standard_error":3319801.9751},"median":{"confidence_interval":{"confidence_level":0.95,"lower_bound":1591440004.0,"upper_bound":1594980471.5},"point_estimate":1593627999.0,"standard_error":1285153.5255653618},"median_abs_dev":{"confidence_interval":{"confidence_level":0.95,"lower_bound":438867.38340854645,"upper_bound":4533865.5908077955},"point_estimate":2974439.5103931427,"standard_error":1351950.226007006},"slope":null,"std_dev":{"confidence_interval":{"confidence_level":0.95,"lower_bound":1301313.4074673802,"upper_bound":16962478.168961506},"point_estimate":11038043.02827401,"standard_error":5506928.687849427}}