{"mean":{"confidence_interval":{"confidence_level":0.95,"lower_bound":1629711270.7,"upper_bound":1654511078.1},"point_estimate":1644895076.4,"standard_error":6802554.130717517},"median":{"confidence_interval":{"confidence_level":0.95,"lower_bound":1648766753.0,"upper_bound":1651836963.5},"point_estimate":1650214828.0,"standard_error":1687481.8168453923},"median_abs_dev":{"confidence_interval":{"confidence_level":0.95,"lower_bound":300690.54846167564,"upper_bound":12011551.296052337},"point_estimate":1131797.546106577,"standard_error":3032295.7036927235},"slope":null,"std_dev":{"confidence_interval":{"confidence_level":0.95,"lower_bound":1034451.8261352242,"upper_bound":34685487.096529886},"point_estimate":22690410.380174696,"standard_error":11035862.941184122}}