{"mean":{"confidence_interval":{"confidence_level":0.95,"lower_bound":1602661862.2,"upper_bound":1618555532.4},"point_estimate":1612181493.4,"standard_error":4283099.800158022},"median":{"confidence_interval":{"confidence_level":0.95,"lower_bound":1610995501.5,"upper_bound":1619606560.0},"point_estimate":1615983334.5,"standard_error":2281302.5741014206},"median_abs_dev":{"confidence_interval":{"confidence_level":0.95,"lower_bound":973560.392215848,"upper_bound":11031316.980054975},"point_estimate":5608531.146928668,"standard_error":2578263.754229392},"slope":null,"std_dev":{"confidence_interval":{"confidence_level":0.95,"lower_bound":3115396.1041981527,"upper_bound":21598264.88413161},"point_estimate":14298131.339522948,"standard_error":6082765.156652704}}