{"mean":{"confidence_interval":{"confidence_level":0.95,"lower_bound":1658412849.4,"upper_bound":1667171517.3925002},"point_estimate":1662724400.3,"standard_error":2250170.577750558},"median":{"confidence_interval":{"confidence_level":0.95,"lower_bound":1657235457.5,"upper_bound":1668436331.5},"point_estimate":1662578364.5,"standard_error":2461410.5036360193},"median_abs_dev":{"confidence_interval":{"confidence_level":0.95,"lower_bound":1792235.7890814543,"upper_bound":13715037.168109417},"point_estimate":6017275.805372,"standard_error":3298260.6201807386},"slope":null,"std_dev":{"confidence_interval":{"confidence_level":0.95,"lower_bound":4012622.8499508626,"upper_bound":9606739.282675343},"point_estimate":7518950.567648432,"standard_error":1448894.0119832254}}