{"mean":{"confidence_interval":{"confidence_level":0.95,"lower_bound":1543035835.595,"upper_bound":1556122223.115},"point_estimate":1549707152.3,"standard_error":3341069.164669255},"median":{"confidence_interval":{"confidence_level":0.95,"lower_bound":1544064370.0,"upper_bound":1557703499.0},"point_estimate":1547377558.5,"standard_error":4009882.645963397},"median_abs_dev":{"confidence_interval":{"confidence_level":0.95,"lower_bound":971379.4876545668,"upper_bound":18504297.654283047},"point_estimate":8785923.767718673,"standard_error":4835224.29242687},"slope":null,"std_dev":{"confidence_interval":{"confidence_level":0.95,"lower_bound":5328361.438417153,"upper_bound":15094980.459148394},"point_estimate":11150884.229753802,"standard_error":2575507.878330346}}