{"mean":{"confidence_interval":{"confidence_level":0.95,"lower_bound":1621290051.1,"upper_bound":1656323583.725},"point_estimate":1637522290.6,"standard_error":8995102.592474267},"median":{"confidence_interval":{"confidence_level":0.95,"lower_bound":1612122258.0,"upper_bound":1657443909.0},"point_estimate":1630525394.5,"standard_error":12836205.552655382},"median_abs_dev":{"confidence_interval":{"confidence_level":0.95,"lower_bound":1779797.5166022778,"upper_bound":49575229.81086373},"point_estimate":27394867.03464389,"standard_error":13574594.096378498},"slope":null,"std_dev":{"confidence_interval":{"confidence_level":0.95,"lower_bound":13505031.989177264,"upper_bound":38822900.000306584},"point_estimate":30091812.58165509,"standard_error":6660579.764831249}}