{"mean":{"confidence_interval":{"confidence_level":0.95,"lower_bound":1589405038.595,"upper_bound":1650569102.3},"point_estimate":1614317146.3,"standard_error":16407586.465075886},"median":{"confidence_interval":{"confidence_level":0.95,"lower_bound":1584007172.5,"upper_bound":1626539851.0},"point_estimate":1594278426.5,"standard_error":10937474.287360612},"median_abs_dev":{"confidence_interval":{"confidence_level":0.95,"lower_bound":2759647.839206457,"upper_bound":49420387.06961274},"point_estimate":18168729.68274057,"standard_error":12315097.196901573},"slope":null,"std_dev":{"confidence_interval":{"confidence_level":0.95,"lower_bound":10810640.061701585,"upper_bound":81608419.95760307},"point_estimate":54514815.06073371,"standard_error":22153774.877297863}}