{"mean":{"confidence_interval":{"confidence_level":0.95,"lower_bound":91494750.0073016,"upper_bound":95108254.30551389},"point_estimate":93244392.75257936,"standard_error":923832.6477904791},"median":{"confidence_interval":{"confidence_level":0.95,"lower_bound":91527678.0,"upper_bound":95389543.69444445},"point_estimate":92680413.79761904,"standard_error":863820.0312196242},"median_abs_dev":{"confidence_interval":{"confidence_level":0.95,"lower_bound":511425.84730037494,"upper_bound":5351887.861201644},"point_estimate":2043887.8313970836,"standard_error":1252155.7467490279},"slope":{"confidence_interval":{"confidence_level":0.95,"lower_bound":91698137.14734773,"upper_bound":96135202.69505396},"point_estimate":93573585.54025973,"standard_error":1166736.9817561053},"std_dev":{"confidence_interval":{"confidence_level":0.95,"lower_bound":1241050.68908618,"upper_bound":4138934.084042906},"point_estimate":3086652.1710722884,"standard_error":718924.3368002443}}