{"mean":{"confidence_interval":{"confidence_level":0.95,"lower_bound":86625365.42571428,"upper_bound":87160063.75827381},"point_estimate":86878792.91494048,"standard_error":137020.25861191656},"median":{"confidence_interval":{"confidence_level":0.95,"lower_bound":86532382.40833333,"upper_bound":87136847.23333333},"point_estimate":86886379.21875,"standard_error":155917.5349345576},"median_abs_dev":{"confidence_interval":{"confidence_level":0.95,"lower_bound":52239.110022577246,"upper_bound":763503.9970850922},"point_estimate":389692.3499553234,"standard_error":170057.19802717995},"slope":{"confidence_interval":{"confidence_level":0.95,"lower_bound":86678011.45011087,"upper_bound":87015926.9134086},"point_estimate":86805398.84935065,"standard_error":85104.69139395788},"std_dev":{"confidence_interval":{"confidence_level":0.95,"lower_bound":225860.04614260542,"upper_bound":610445.4315913048},"point_estimate":456959.1534958384,"standard_error":103915.12908957775}}