{"mean":{"confidence_interval":{"confidence_level":0.95,"lower_bound":47053068.20785715,"upper_bound":47582363.74833333},"point_estimate":47278618.24119048,"standard_error":139609.49240452703},"median":{"confidence_interval":{"confidence_level":0.95,"lower_bound":47020621.08333333,"upper_bound":47465520.9},"point_estimate":47057381.96428572,"standard_error":138138.10695753264},"median_abs_dev":{"confidence_interval":{"confidence_level":0.95,"lower_bound":12963.059919862837,"upper_bound":574090.866852856},"point_estimate":179914.44225588514,"standard_error":149700.9200066482},"slope":{"confidence_interval":{"confidence_level":0.95,"lower_bound":46999838.57195013,"upper_bound":47604833.12162162},"point_estimate":47195575.9987013,"standard_error":160566.71894961395},"std_dev":{"confidence_interval":{"confidence_level":0.95,"lower_bound":147515.46643849387,"upper_bound":677764.9830245053},"point_estimate":464615.60228778736,"standard_error":165285.60450197375}}