{"mean":{"confidence_interval":{"confidence_level":0.95,"lower_bound":18532.34444415205,"upper_bound":18587.094298239947},"point_estimate":18559.315233125595,"standard_error":13.994457627088588},"median":{"confidence_interval":{"confidence_level":0.95,"lower_bound":18447.222222222223,"upper_bound":18605.627215551744},"point_estimate":18539.728412874585,"standard_error":61.183356315625886},"median_abs_dev":{"confidence_interval":{"confidence_level":0.95,"lower_bound":48.826020288019116,"upper_bound":243.35367363392857},"point_estimate":153.97389042623382,"standard_error":69.6763059865937},"slope":{"confidence_interval":{"confidence_level":0.95,"lower_bound":18540.778562571562,"upper_bound":18603.805886575086},"point_estimate":18572.320546882624,"standard_error":16.112057756395266},"std_dev":{"confidence_interval":{"confidence_level":0.95,"lower_bound":124.83732517963534,"upper_bound":153.26876672878592},"point_estimate":140.617535235812,"standard_error":7.253813330797493}}