{"mean":{"confidence_interval":{"confidence_level":0.95,"lower_bound":28431826543.4,"upper_bound":28655805830.1},"point_estimate":28543804861.0,"standard_error":57217533.760749474},"median":{"confidence_interval":{"confidence_level":0.95,"lower_bound":28381073860.0,"upper_bound":28732151310.0},"point_estimate":28518261395.0,"standard_error":78582779.85597645},"median_abs_dev":{"confidence_interval":{"confidence_level":0.95,"lower_bound":37175527.17000246,"upper_bound":339849160.5849713},"point_estimate":234145379.27658856,"standard_error":86456786.98874044},"slope":null,"std_dev":{"confidence_interval":{"confidence_level":0.95,"lower_bound":111848059.36914903,"upper_bound":236449734.6332346},"point_estimate":190867353.59356138,"standard_error":32174089.654630587}}