{"mean":{"confidence_interval":{"confidence_level":0.95,"lower_bound":37281685951.4,"upper_bound":37735789888.8},"point_estimate":37491156016.9,"standard_error":116531371.80686589},"median":{"confidence_interval":{"confidence_level":0.95,"lower_bound":37216051014.0,"upper_bound":37739818195.5},"point_estimate":37424738053.5,"standard_error":117223479.26316363},"median_abs_dev":{"confidence_interval":{"confidence_level":0.95,"lower_bound":74391530.06058633,"upper_bound":627057890.0434971},"point_estimate":272413140.0711,"standard_error":145813383.2533784},"slope":null,"std_dev":{"confidence_interval":{"confidence_level":0.95,"lower_bound":161130421.4627962,"upper_bound":512687896.8121304},"point_estimate":388271446.6908824,"standard_error":92807679.11872299}}