{"mean":{"confidence_interval":{"confidence_level":0.95,"lower_bound":44703414689.0,"upper_bound":48259397312.85249},"point_estimate":46402591237.6,"standard_error":915471388.5067308},"median":{"confidence_interval":{"confidence_level":0.95,"lower_bound":43853289100.0,"upper_bound":48963381500.0},"point_estimate":46107434123.0,"standard_error":1285734751.0841892},"median_abs_dev":{"confidence_interval":{"confidence_level":0.95,"lower_bound":100037703.78477573,"upper_bound":4998906521.353269},"point_estimate":3414804636.310199,"standard_error":1286302044.605359},"slope":null,"std_dev":{"confidence_interval":{"confidence_level":0.95,"lower_bound":1456523416.142187,"upper_bound":3754571861.6800566},"point_estimate":3036716876.0775056,"standard_error":557311645.8594342}}