{"mean":{"confidence_interval":{"confidence_level":0.95,"lower_bound":36678344163.31,"upper_bound":36942071838.625},"point_estimate":36814723836.4,"standard_error":67745096.52411571},"median":{"confidence_interval":{"confidence_level":0.95,"lower_bound":36532099890.0,"upper_bound":36976503503.0},"point_estimate":36886611863.0,"standard_error":99977349.17224617},"median_abs_dev":{"confidence_interval":{"confidence_level":0.95,"lower_bound":21754127.14458704,"upper_bound":384365802.28104293},"point_estimate":173279290.01687765,"standard_error":103007285.70752284},"slope":null,"std_dev":{"confidence_interval":{"confidence_level":0.95,"lower_bound":116913314.6593685,"upper_bound":271255536.044279},"point_estimate":225214262.01017308,"standard_error":36937330.033896744}}