{"mean":{"confidence_interval":{"confidence_level":0.95,"lower_bound":38835915633.565,"upper_bound":39080156517.5},"point_estimate":38961812947.2,"standard_error":62557968.14135522},"median":{"confidence_interval":{"confidence_level":0.95,"lower_bound":38822981704.0,"upper_bound":39091133975.5},"point_estimate":38987265370.0,"standard_error":61759614.29779631},"median_abs_dev":{"confidence_interval":{"confidence_level":0.95,"lower_bound":26556073.49743545,"upper_bound":358443487.640056},"point_estimate":168801436.31177545,"standard_error":85723738.17570554},"slope":null,"std_dev":{"confidence_interval":{"confidence_level":0.95,"lower_bound":98052038.00293563,"upper_bound":278801918.12730247},"point_estimate":208641535.37807015,"standard_error":47025979.04717609}}