{"mean":{"confidence_interval":{"confidence_level":0.95,"lower_bound":39202110933.335,"upper_bound":39758813436.7975},"point_estimate":39480072562.2,"standard_error":142502950.22361442},"median":{"confidence_interval":{"confidence_level":0.95,"lower_bound":39079720635.0,"upper_bound":39882159188.0},"point_estimate":39441272408.0,"standard_error":194232526.02900347},"median_abs_dev":{"confidence_interval":{"confidence_level":0.95,"lower_bound":106878170.98653316,"upper_bound":826016621.8453735},"point_estimate":558084580.1494181,"standard_error":181512567.93348545},"slope":null,"std_dev":{"confidence_interval":{"confidence_level":0.95,"lower_bound":279295455.04951775,"upper_bound":586748572.026283},"point_estimate":476169329.15022737,"standard_error":78411535.38447304}}