{"mean":{"confidence_interval":{"confidence_level":0.95,"lower_bound":28217383511.745,"upper_bound":29653477241.6875},"point_estimate":28919336984.7,"standard_error":368213871.9319257},"median":{"confidence_interval":{"confidence_level":0.95,"lower_bound":27903563985.0,"upper_bound":30186400001.0},"point_estimate":28473118447.0,"standard_error":663379719.3248492},"median_abs_dev":{"confidence_interval":{"confidence_level":0.95,"lower_bound":173429001.47961974,"upper_bound":2017891107.0519714},"point_estimate":1465579774.9065578,"standard_error":477738527.2718424},"slope":null,"std_dev":{"confidence_interval":{"confidence_level":0.95,"lower_bound":768367430.0372046,"upper_bound":1439820442.0854797},"point_estimate":1232108875.62454,"standard_error":170017275.6886112}}