{"mean":{"confidence_interval":{"confidence_level":0.95,"lower_bound":34637219939.4525,"upper_bound":34826736308.5225},"point_estimate":34729313470.0,"standard_error":48441575.904179454},"median":{"confidence_interval":{"confidence_level":0.95,"lower_bound":34588127483.0,"upper_bound":34879210973.5},"point_estimate":34729801241.0,"standard_error":74063724.69400077},"median_abs_dev":{"confidence_interval":{"confidence_level":0.95,"lower_bound":21049195.33510208,"upper_bound":282750148.0704814},"point_estimate":178737765.73787034,"standard_error":70127979.64262341},"slope":null,"std_dev":{"confidence_interval":{"confidence_level":0.95,"lower_bound":92708763.68635154,"upper_bound":196805777.31087393},"point_estimate":161290195.17618698,"standard_error":26683913.947971378}}