{"mean":{"confidence_interval":{"confidence_level":0.95,"lower_bound":39075354823.9,"upper_bound":39469866951.5525},"point_estimate":39259348409.5,"standard_error":100854840.46375492},"median":{"confidence_interval":{"confidence_level":0.95,"lower_bound":39002446621.5,"upper_bound":39443491858.0},"point_estimate":39251653877.5,"standard_error":114889408.46429636},"median_abs_dev":{"confidence_interval":{"confidence_level":0.95,"lower_bound":81645695.28729916,"upper_bound":567553538.4663105},"point_estimate":310266981.19196,"standard_error":118098998.20519993},"slope":null,"std_dev":{"confidence_interval":{"confidence_level":0.95,"lower_bound":162636909.14852324,"upper_bound":452147125.70872337},"point_estimate":334463740.2712378,"standard_error":81080727.44592904}}