{"mean":{"confidence_interval":{"confidence_level":0.95,"lower_bound":29663334273.787502,"upper_bound":30860818953.872498},"point_estimate":30228396464.4,"standard_error":307320041.3308065},"median":{"confidence_interval":{"confidence_level":0.95,"lower_bound":29299947523.0,"upper_bound":30982079013.0},"point_estimate":30166575741.5,"standard_error":319154974.4515002},"median_abs_dev":{"confidence_interval":{"confidence_level":0.95,"lower_bound":51568001.33108497,"upper_bound":1802451467.7706897},"point_estimate":837780840.6247169,"standard_error":494386748.4678201},"slope":null,"std_dev":{"confidence_interval":{"confidence_level":0.95,"lower_bound":474537515.8093462,"upper_bound":1302565261.5933974},"point_estimate":1021796796.6350108,"standard_error":215192489.63981545}}