{"mean":{"confidence_interval":{"confidence_level":0.95,"lower_bound":41346912352.1975,"upper_bound":42720631801.695},"point_estimate":41994650513.3,"standard_error":352422419.4044733},"median":{"confidence_interval":{"confidence_level":0.95,"lower_bound":40940010434.5,"upper_bound":42658818456.5},"point_estimate":42011699824.0,"standard_error":479886288.69579035},"median_abs_dev":{"confidence_interval":{"confidence_level":0.95,"lower_bound":240848966.9183761,"upper_bound":2062957825.9554772},"point_estimate":1340633175.0907035,"standard_error":461164652.4484833},"slope":null,"std_dev":{"confidence_interval":{"confidence_level":0.95,"lower_bound":624407556.8899413,"upper_bound":1550027487.989729},"point_estimate":1177951464.8753796,"standard_error":258491431.7313045}}