{"mean":{"confidence_interval":{"confidence_level":0.95,"lower_bound":37800293176.2575,"upper_bound":38636715618.542496},"point_estimate":38191531319.2,"standard_error":215352303.54281792},"median":{"confidence_interval":{"confidence_level":0.95,"lower_bound":37604701222.0,"upper_bound":39071044659.0},"point_estimate":37891126157.5,"standard_error":328295182.99261636},"median_abs_dev":{"confidence_interval":{"confidence_level":0.95,"lower_bound":43149607.425141335,"upper_bound":1141617710.1182342},"point_estimate":427751202.4059981,"standard_error":272034957.65896034},"slope":null,"std_dev":{"confidence_interval":{"confidence_level":0.95,"lower_bound":172412049.81692216,"upper_bound":833954550.8285131},"point_estimate":715548225.041219,"standard_error":133893644.36207202}}