{"mean":{"confidence_interval":{"confidence_level":0.95,"lower_bound":3046352247.9,"upper_bound":3516137298.1974998},"point_estimate":3214803185.3,"standard_error":138495527.0918029},"median":{"confidence_interval":{"confidence_level":0.95,"lower_bound":3024332982.0,"upper_bound":3130630524.0},"point_estimate":3073936683.0,"standard_error":41625080.91706807},"median_abs_dev":{"confidence_interval":{"confidence_level":0.95,"lower_bound":19872922.754985094,"upper_bound":127306050.9267658},"point_estimate":78769228.94836664,"standard_error":44452161.17854203},"slope":null,"std_dev":{"confidence_interval":{"confidence_level":0.95,"lower_bound":36908381.29535321,"upper_bound":709913068.3567863},"point_estimate":461903124.26802355,"standard_error":242999782.37270504}}