{"mean":{"confidence_interval":{"confidence_level":0.95,"lower_bound":4287045523.7,"upper_bound":4800534260.9},"point_estimate":4482602430.5,"standard_error":143519238.3848906},"median":{"confidence_interval":{"confidence_level":0.95,"lower_bound":4236189283.0,"upper_bound":4461898645.5},"point_estimate":4376900313.5,"standard_error":79733141.97113512},"median_abs_dev":{"confidence_interval":{"confidence_level":0.95,"lower_bound":1505257.066476345,"upper_bound":285825922.5477755},"point_estimate":185839592.3346877,"standard_error":80007744.5746557},"slope":null,"std_dev":{"confidence_interval":{"confidence_level":0.95,"lower_bound":83643424.3535283,"upper_bound":731448892.1293228},"point_estimate":477331423.0368293,"standard_error":224562314.27904075}}