{"mean":{"confidence_interval":{"confidence_level":0.95,"lower_bound":3894367547.7925,"upper_bound":4320590639.1},"point_estimate":4065583105.9,"standard_error":115177883.34924775},"median":{"confidence_interval":{"confidence_level":0.95,"lower_bound":3840463057.0,"upper_bound":4070399902.0},"point_estimate":4020365194.5,"standard_error":70792628.2579268},"median_abs_dev":{"confidence_interval":{"confidence_level":0.95,"lower_bound":13934967.530804873,"upper_bound":308654417.2458887},"point_estimate":169788503.1897515,"standard_error":79150678.98499611},"slope":null,"std_dev":{"confidence_interval":{"confidence_level":0.95,"lower_bound":90246800.8367105,"upper_bound":584733430.1554207},"point_estimate":385839259.5509059,"standard_error":166086721.3731814}}