{"mean":{"confidence_interval":{"confidence_level":0.95,"lower_bound":3006939818.49,"upper_bound":3165798744.38},"point_estimate":3078482752.0,"standard_error":41026728.12077436},"median":{"confidence_interval":{"confidence_level":0.95,"lower_bound":2980816060.5,"upper_bound":3151445955.0},"point_estimate":3028641608.0,"standard_error":45059008.807762325},"median_abs_dev":{"confidence_interval":{"confidence_level":0.95,"lower_bound":23052344.313839078,"upper_bound":205122065.94365537},"point_estimate":89624735.51704288,"standard_error":47492296.68613978},"slope":null,"std_dev":{"confidence_interval":{"confidence_level":0.95,"lower_bound":48510499.24476176,"upper_bound":184785209.11449873},"point_estimate":136552593.32966805,"standard_error":36539031.28967148}}