{"mean":{"confidence_interval":{"confidence_level":0.95,"lower_bound":3727828611.9,"upper_bound":4119381945.2725},"point_estimate":3877828575.6,"standard_error":108829509.97294971},"median":{"confidence_interval":{"confidence_level":0.95,"lower_bound":3669284042.0,"upper_bound":3853212235.0},"point_estimate":3808306311.0,"standard_error":48118861.24477972},"median_abs_dev":{"confidence_interval":{"confidence_level":0.95,"lower_bound":12756934.363219142,"upper_bound":234295958.80161524},"point_estimate":77279402.04111636,"standard_error":64513277.80098516},"slope":null,"std_dev":{"confidence_interval":{"confidence_level":0.95,"lower_bound":61387722.339147255,"upper_bound":554819018.6555407},"point_estimate":362190952.94183725,"standard_error":169143641.54640013}}