{"mean":{"confidence_interval":{"confidence_level":0.95,"lower_bound":4308679779.8,"upper_bound":4464400105.2},"point_estimate":4383901683.6,"standard_error":39710657.00287656},"median":{"confidence_interval":{"confidence_level":0.95,"lower_bound":4277596252.0,"upper_bound":4448169545.5},"point_estimate":4390777183.5,"standard_error":37020437.791038044},"median_abs_dev":{"confidence_interval":{"confidence_level":0.95,"lower_bound":6946829.66516912,"upper_bound":227682258.2310319},"point_estimate":99168218.20421219,"standard_error":64754981.55853136},"slope":null,"std_dev":{"confidence_interval":{"confidence_level":0.95,"lower_bound":63611065.51523067,"upper_bound":179804267.03093448},"point_estimate":133129402.74090393,"standard_error":31003595.079807073}}