{"mean":{"confidence_interval":{"confidence_level":0.95,"lower_bound":4323368863.0,"upper_bound":4444737485.2},"point_estimate":4382715875.2,"standard_error":30951536.979600724},"median":{"confidence_interval":{"confidence_level":0.95,"lower_bound":4296791851.0,"upper_bound":4475143207.0},"point_estimate":4354791064.0,"standard_error":50575780.57749268},"median_abs_dev":{"confidence_interval":{"confidence_level":0.95,"lower_bound":26152084.278407693,"upper_bound":166866433.5582286},"point_estimate":113561750.20037591,"standard_error":40145232.01269793},"slope":null,"std_dev":{"confidence_interval":{"confidence_level":0.95,"lower_bound":62165853.8844655,"upper_bound":127714600.15124515},"point_estimate":103194622.49613456,"standard_error":16968622.027603142}}