{"mean":{"confidence_interval":{"confidence_level":0.95,"lower_bound":4027980687.6,"upper_bound":4190579778.1},"point_estimate":4104082987.2,"standard_error":41888873.73012264},"median":{"confidence_interval":{"confidence_level":0.95,"lower_bound":3991384911.5,"upper_bound":4186053165.0},"point_estimate":4080901288.5,"standard_error":56356745.86402199},"median_abs_dev":{"confidence_interval":{"confidence_level":0.95,"lower_bound":28944923.82452488,"upper_bound":234868764.2666459},"point_estimate":140632873.7395674,"standard_error":50379530.29099412},"slope":null,"std_dev":{"confidence_interval":{"confidence_level":0.95,"lower_bound":68150134.44541144,"upper_bound":186745991.45516098},"point_estimate":139850067.54130438,"standard_error":33281156.96437595}}