{"mean":{"confidence_interval":{"confidence_level":0.95,"lower_bound":255232645.94500002,"upper_bound":270242757.2},"point_estimate":263089267.9,"standard_error":3841336.980998655},"median":{"confidence_interval":{"confidence_level":0.95,"lower_bound":254772602.5,"upper_bound":272524429.0},"point_estimate":264375435.0,"standard_error":3459217.910037678},"median_abs_dev":{"confidence_interval":{"confidence_level":0.95,"lower_bound":1997148.8966435194,"upper_bound":22194242.135873437},"point_estimate":6031522.108519077,"standard_error":5627294.033311945},"slope":null,"std_dev":{"confidence_interval":{"confidence_level":0.95,"lower_bound":5733563.323614141,"upper_bound":16851025.11320622},"point_estimate":12801449.435617337,"standard_error":2915949.0844080006}}