{"mean":{"confidence_interval":{"confidence_level":0.95,"lower_bound":254413449.89000002,"upper_bound":267549259.2},"point_estimate":261446628.2,"standard_error":3364570.4960738737},"median":{"confidence_interval":{"confidence_level":0.95,"lower_bound":257413327.0,"upper_bound":267966466.0},"point_estimate":262905290.0,"standard_error":2335075.5233419538},"median_abs_dev":{"confidence_interval":{"confidence_level":0.95,"lower_bound":692936.834397912,"upper_bound":16192031.028833985},"point_estimate":6626995.785847306,"standard_error":3757655.2365361257},"slope":null,"std_dev":{"confidence_interval":{"confidence_level":0.95,"lower_bound":3631273.7402705993,"upper_bound":15986703.947313085},"point_estimate":11232237.488585146,"standard_error":3319835.6610639663}}