{"mean":{"confidence_interval":{"confidence_level":0.95,"lower_bound":308882397.9,"upper_bound":320191283.88},"point_estimate":314675368.0,"standard_error":2906057.89943737},"median":{"confidence_interval":{"confidence_level":0.95,"lower_bound":306093145.0,"upper_bound":324154666.0},"point_estimate":316510587.0,"standard_error":4634196.753730779},"median_abs_dev":{"confidence_interval":{"confidence_level":0.95,"lower_bound":1946696.7608392239,"upper_bound":16693976.369422674},"point_estimate":11825009.82606411,"standard_error":3679641.9455062244},"slope":null,"std_dev":{"confidence_interval":{"confidence_level":0.95,"lower_bound":5661620.862230297,"upper_bound":11618789.85072346},"point_estimate":9682437.0735391,"standard_error":1507987.4610629976}}