{"mean":{"confidence_interval":{"confidence_level":0.95,"lower_bound":299385679.4,"upper_bound":313463305.1},"point_estimate":306010625.2,"standard_error":3624132.8591036606},"median":{"confidence_interval":{"confidence_level":0.95,"lower_bound":296385959.0,"upper_bound":317128748.0},"point_estimate":302185374.0,"standard_error":5284164.019476717},"median_abs_dev":{"confidence_interval":{"confidence_level":0.95,"lower_bound":2187978.045755625,"upper_bound":18984453.96435857},"point_estimate":9198368.995696306,"standard_error":4718608.048074204},"slope":null,"std_dev":{"confidence_interval":{"confidence_level":0.95,"lower_bound":5107957.448560554,"upper_bound":15022628.07808087},"point_estimate":12064936.747955445,"standard_error":2351487.593348491}}