{"mean":{"confidence_interval":{"confidence_level":0.95,"lower_bound":354736830.3925,"upper_bound":402386271.44749993},"point_estimate":379461701.8,"standard_error":12202752.118478894},"median":{"confidence_interval":{"confidence_level":0.95,"lower_bound":352803877.5,"upper_bound":420424996.0},"point_estimate":375936909.5,"standard_error":19872231.63354546},"median_abs_dev":{"confidence_interval":{"confidence_level":0.95,"lower_bound":4317203.619754314,"upper_bound":77733916.7846471},"point_estimate":51190463.17818761,"standard_error":18411589.546957772},"slope":null,"std_dev":{"confidence_interval":{"confidence_level":0.95,"lower_bound":24131115.012596317,"upper_bound":51506433.48747722},"point_estimate":40634390.32510549,"standard_error":7456932.219194392}}