{"mean":{"confidence_interval":{"confidence_level":0.95,"lower_bound":17364290459.5,"upper_bound":17445719885.4725},"point_estimate":17405967093.2,"standard_error":20814780.365353353},"median":{"confidence_interval":{"confidence_level":0.95,"lower_bound":17358621336.0,"upper_bound":17459214104.0},"point_estimate":17408855707.5,"standard_error":28561739.096406348},"median_abs_dev":{"confidence_interval":{"confidence_level":0.95,"lower_bound":13059355.847150087,"upper_bound":118355954.41616178},"point_estimate":60766819.5545733,"standard_error":26105306.576129444},"slope":null,"std_dev":{"confidence_interval":{"confidence_level":0.95,"lower_bound":38168540.14920289,"upper_bound":89992274.53303617},"point_estimate":69653950.31634998,"standard_error":13437810.89026219}}