{"mean":{"confidence_interval":{"confidence_level":0.95,"lower_bound":18646602720.72,"upper_bound":18851126255.8975},"point_estimate":18735049250.4,"standard_error":53109520.93756558},"median":{"confidence_interval":{"confidence_level":0.95,"lower_bound":18628306170.0,"upper_bound":18779048493.5},"point_estimate":18704802039.0,"standard_error":35641914.48941078},"median_abs_dev":{"confidence_interval":{"confidence_level":0.95,"lower_bound":27894073.271781206,"upper_bound":210507146.29425108},"point_estimate":76815148.09835851,"standard_error":49649259.79574093},"slope":null,"std_dev":{"confidence_interval":{"confidence_level":0.95,"lower_bound":54496661.37873137,"upper_bound":256551712.68641803},"point_estimate":176526403.03164536,"standard_error":60970439.310685866}}