{"mean":{"confidence_interval":{"confidence_level":0.95,"lower_bound":19763767774.802498,"upper_bound":20819865832.84},"point_estimate":20294085075.1,"standard_error":270733558.03961086},"median":{"confidence_interval":{"confidence_level":0.95,"lower_bound":19540460620.5,"upper_bound":21076600766.5},"point_estimate":20064563046.0,"standard_error":383083506.6712376},"median_abs_dev":{"confidence_interval":{"confidence_level":0.95,"lower_bound":23096493.917155266,"upper_bound":1596326491.1444397},"point_estimate":1260212762.6908512,"standard_error":457365424.21327883},"slope":null,"std_dev":{"confidence_interval":{"confidence_level":0.95,"lower_bound":534191558.6749157,"upper_bound":1118871019.554591},"point_estimate":905601479.3051221,"standard_error":150750198.30865386}}