{"mean":{"confidence_interval":{"confidence_level":0.95,"lower_bound":-0.0005884307912423943,"upper_bound":0.002289025888098882},"point_estimate":0.0008740311439547899,"standard_error":0.0007375170512477663},"median":{"confidence_interval":{"confidence_level":0.95,"lower_bound":-0.0009654556995034723,"upper_bound":0.0033242884467215017},"point_estimate":0.0018106653681959628,"standard_error":0.0011298824520589433}}