{"mean":{"confidence_interval":{"confidence_level":0.95,"lower_bound":-0.20767062243305465,"upper_bound":-0.19753117587290756},"point_estimate":-0.20303299235893324,"standard_error":0.002633381273530218},"median":{"confidence_interval":{"confidence_level":0.95,"lower_bound":-0.21111814483467584,"upper_bound":-0.19352239990819864},"point_estimate":-0.20702388021229245,"standard_error":0.005239598752740147}}