{"mean":{"confidence_interval":{"confidence_level":0.95,"lower_bound":-0.02983921962656795,"upper_bound":-0.017760474595740785},"point_estimate":-0.023771395775795456,"standard_error":0.003045100472993115},"median":{"confidence_interval":{"confidence_level":0.95,"lower_bound":-0.03007580970766277,"upper_bound":-0.017181318974518356},"point_estimate":-0.023038871438690323,"standard_error":0.0030556902250384824}}