{"mean":{"confidence_interval":{"confidence_level":0.95,"lower_bound":3575615462.7975,"upper_bound":3638876267.8},"point_estimate":3604578496.1,"standard_error":16291122.063240563},"median":{"confidence_interval":{"confidence_level":0.95,"lower_bound":3560273975.0,"upper_bound":3634896711.0},"point_estimate":3601978306.0,"standard_error":19399786.307006393},"median_abs_dev":{"confidence_interval":{"confidence_level":0.95,"lower_bound":4927151.920625567,"upper_bound":81649170.50163746},"point_estimate":59067427.88234353,"standard_error":23016988.267719988},"slope":null,"std_dev":{"confidence_interval":{"confidence_level":0.95,"lower_bound":23834119.0882394,"upper_bound":72910623.3666239},"point_estimate":54109847.09565197,"standard_error":13638284.107414788}}