{"mean":{"confidence_interval":{"confidence_level":0.95,"lower_bound":2768009399.2749996,"upper_bound":2826825214.6},"point_estimate":2796414947.4,"standard_error":15040945.874174427},"median":{"confidence_interval":{"confidence_level":0.95,"lower_bound":2752197040.0,"upper_bound":2839099658.5},"point_estimate":2785626257.0,"standard_error":20696402.324197825},"median_abs_dev":{"confidence_interval":{"confidence_level":0.95,"lower_bound":10192040.115255117,"upper_bound":83081712.71110475},"point_estimate":52134479.05942798,"standard_error":18567497.036035154},"slope":null,"std_dev":{"confidence_interval":{"confidence_level":0.95,"lower_bound":27217817.054909468,"upper_bound":62558191.53836597},"point_estimate":50158114.80052508,"standard_error":9028672.68312022}}