{"mean":{"confidence_interval":{"confidence_level":0.95,"lower_bound":3563750314.8,"upper_bound":3643947542.5},"point_estimate":3600109037.4,"standard_error":20585473.943941038},"median":{"confidence_interval":{"confidence_level":0.95,"lower_bound":3553502742.0,"upper_bound":3648999012.5},"point_estimate":3579442488.5,"standard_error":18995912.097336326},"median_abs_dev":{"confidence_interval":{"confidence_level":0.95,"lower_bound":3783693.7257260084,"upper_bound":99181252.48188078},"point_estimate":39530010.82970202,"standard_error":22561865.106953193},"slope":null,"std_dev":{"confidence_interval":{"confidence_level":0.95,"lower_bound":19397186.266037505,"upper_bound":87331439.4269245},"point_estimate":68599436.42840602,"standard_error":17687684.19066725}}