{"mean":{"confidence_interval":{"confidence_level":0.95,"lower_bound":3811235166.56,"upper_bound":3898238765.4375},"point_estimate":3855963300.5,"standard_error":22328473.475679588},"median":{"confidence_interval":{"confidence_level":0.95,"lower_bound":3795378454.0,"upper_bound":3924781031.0},"point_estimate":3858580815.0,"standard_error":33668190.61525859},"median_abs_dev":{"confidence_interval":{"confidence_level":0.95,"lower_bound":21659866.403460503,"upper_bound":127616548.13275337},"point_estimate":85604243.88872087,"standard_error":27143777.2002955},"slope":null,"std_dev":{"confidence_interval":{"confidence_level":0.95,"lower_bound":43810342.92700926,"upper_bound":92060543.86812328},"point_estimate":74506404.51255551,"standard_error":12421661.752621002}}