{"mean":{"confidence_interval":{"confidence_level":0.95,"lower_bound":782270.7734173018,"upper_bound":784280.3863919758},"point_estimate":783076.0664777022,"standard_error":528.5825124745008},"median":{"confidence_interval":{"confidence_level":0.95,"lower_bound":781734.6666666666,"upper_bound":782636.3928571428},"point_estimate":782097.8265720082,"standard_error":217.69612546837587},"median_abs_dev":{"confidence_interval":{"confidence_level":0.95,"lower_bound":1284.2724104907854,"upper_bound":2130.0547240427336},"point_estimate":1765.471045012914,"standard_error":198.27705153406703},"slope":{"confidence_interval":{"confidence_level":0.95,"lower_bound":782375.8296911445,"upper_bound":783653.8009377624},"point_estimate":782987.0555297768,"standard_error":325.9204037261092},"std_dev":{"confidence_interval":{"confidence_level":0.95,"lower_bound":1834.3345081511184,"upper_bound":8603.817107095323},"point_estimate":5302.724749944697,"standard_error":2225.6698555581834}}