{"mean":{"confidence_interval":{"confidence_level":0.95,"lower_bound":-0.07624768223034974,"upper_bound":-0.03813521481224364},"point_estimate":-0.057470427189109996,"standard_error":0.009787885168437944},"median":{"confidence_interval":{"confidence_level":0.95,"lower_bound":-0.09044912436851826,"upper_bound":-0.026116879017069827},"point_estimate":-0.06011946642644561,"standard_error":0.01623165821268165}}