{"mean":{"confidence_interval":{"confidence_level":0.95,"lower_bound":0.0082895841733596,"upper_bound":0.093414294749348},"point_estimate":0.04919947266092062,"standard_error":0.022250960709107766},"median":{"confidence_interval":{"confidence_level":0.95,"lower_bound":-0.00018771244909787654,"upper_bound":0.07112127775931043},"point_estimate":0.027244790153324816,"standard_error":0.017654839490774555}}