{"mean":{"confidence_interval":{"confidence_level":0.95,"lower_bound":0.03199460062015796,"upper_bound":0.05950164998206043},"point_estimate":0.04630733920669372,"standard_error":0.0070701370505261716},"median":{"confidence_interval":{"confidence_level":0.95,"lower_bound":0.026432157413651458,"upper_bound":0.06434480769013873},"point_estimate":0.05335741147667039,"standard_error":0.010219084293600234}}