{"mean":{"confidence_interval":{"confidence_level":0.95,"lower_bound":0.13397173192585765,"upper_bound":0.1899209942358179},"point_estimate":0.16220587396770147,"standard_error":0.01418960944978841},"median":{"confidence_interval":{"confidence_level":0.95,"lower_bound":0.09271714769761341,"upper_bound":0.18994832532057426},"point_estimate":0.13283339865447208,"standard_error":0.024781773741249343}}