{"mean":{"confidence_interval":{"confidence_level":0.95,"lower_bound":0.04726226319195921,"upper_bound":0.060345134092793115},"point_estimate":0.05383267934763292,"standard_error":0.0033333377912620685},"median":{"confidence_interval":{"confidence_level":0.95,"lower_bound":0.04351273307971071,"upper_bound":0.06242745305717534},"point_estimate":0.0514359146846779,"standard_error":0.004942507483603292}}