{"mean":{"confidence_interval":{"confidence_level":0.95,"lower_bound":0.01768959267741126,"upper_bound":0.04303936247603383},"point_estimate":0.029825165160656475,"standard_error":0.006458777321472585},"median":{"confidence_interval":{"confidence_level":0.95,"lower_bound":-0.000791875379343665,"upper_bound":0.02226280175453277},"point_estimate":0.007625799176147252,"standard_error":0.005812203188168713}}