{"mean":{"confidence_interval":{"confidence_level":0.95,"lower_bound":305151474.2,"upper_bound":314748560.175},"point_estimate":309961294.1,"standard_error":2449513.065843541},"median":{"confidence_interval":{"confidence_level":0.95,"lower_bound":302433098.5,"upper_bound":315642826.5},"point_estimate":311222012.0,"standard_error":3788221.140320616},"median_abs_dev":{"confidence_interval":{"confidence_level":0.95,"lower_bound":1666661.0539108515,"upper_bound":13800829.298186302},"point_estimate":9228251.539465785,"standard_error":3093222.809621834},"slope":null,"std_dev":{"confidence_interval":{"confidence_level":0.95,"lower_bound":4941469.89139687,"upper_bound":10243199.525677323},"point_estimate":8225240.383811141,"standard_error":1365093.2121049874}}