{"mean":{"confidence_interval":{"confidence_level":0.95,"lower_bound":304398352.1,"upper_bound":317355466.6},"point_estimate":311642488.4,"standard_error":3321336.5109157204},"median":{"confidence_interval":{"confidence_level":0.95,"lower_bound":305392117.0,"upper_bound":318688672.5},"point_estimate":316139288.0,"standard_error":3614576.029370123},"median_abs_dev":{"confidence_interval":{"confidence_level":0.95,"lower_bound":705630.1140725613,"upper_bound":16191993.963834643},"point_estimate":4350640.696960688,"standard_error":4058812.032309396},"slope":null,"std_dev":{"confidence_interval":{"confidence_level":0.95,"lower_bound":3244007.8524087756,"upper_bound":15246424.06109152},"point_estimate":11043160.341949685,"standard_error":3188319.339021362}}