{"mean":{"confidence_interval":{"confidence_level":0.95,"lower_bound":249192060.59750003,"upper_bound":264402453.61499998},"point_estimate":257060058.6,"standard_error":3895966.8769954904},"median":{"confidence_interval":{"confidence_level":0.95,"lower_bound":246333642.0,"upper_bound":267722790.0},"point_estimate":260383186.5,"standard_error":7028285.853780449},"median_abs_dev":{"confidence_interval":{"confidence_level":0.95,"lower_bound":717935.6938540936,"upper_bound":21604195.51574886},"point_estimate":12713414.12359178,"standard_error":5912804.435790222},"slope":null,"std_dev":{"confidence_interval":{"confidence_level":0.95,"lower_bound":7724239.044043255,"upper_bound":15624876.837257503},"point_estimate":12956764.889949122,"standard_error":2017576.3855966164}}