{"mean":{"confidence_interval":{"confidence_level":0.95,"lower_bound":251164389.8,"upper_bound":265631656.8},"point_estimate":259008678.1,"standard_error":3715998.0306408065},"median":{"confidence_interval":{"confidence_level":0.95,"lower_bound":247610980.0,"upper_bound":267447721.5},"point_estimate":263589600.0,"standard_error":4592217.728755344},"median_abs_dev":{"confidence_interval":{"confidence_level":0.95,"lower_bound":1346265.2691990137,"upper_bound":20713224.83766675},"point_estimate":6090799.420666695,"standard_error":4688609.814001215},"slope":null,"std_dev":{"confidence_interval":{"confidence_level":0.95,"lower_bound":3734585.498266369,"upper_bound":16024406.880862188},"point_estimate":12312382.871073471,"standard_error":2916484.7054998344}}