{"mean":{"confidence_interval":{"confidence_level":0.95,"lower_bound":247231527.13,"upper_bound":267431177.51749998},"point_estimate":258652686.0,"standard_error":5250435.156904229},"median":{"confidence_interval":{"confidence_level":0.95,"lower_bound":249773377.0,"upper_bound":270645028.0},"point_estimate":264431835.0,"standard_error":5796248.397809166},"median_abs_dev":{"confidence_interval":{"confidence_level":0.95,"lower_bound":1165080.4329156876,"upper_bound":23931002.740439773},"point_estimate":9687215.565517545,"standard_error":5725086.518171665},"slope":null,"std_dev":{"confidence_interval":{"confidence_level":0.95,"lower_bound":6042055.84203686,"upper_bound":25146848.60125092},"point_estimate":17498483.556822624,"standard_error":5691161.195150194}}