{"mean":{"confidence_interval":{"confidence_level":0.95,"lower_bound":267324230.3,"upper_bound":275882265.2575},"point_estimate":271478500.1,"standard_error":2181257.13405621},"median":{"confidence_interval":{"confidence_level":0.95,"lower_bound":266766947.5,"upper_bound":277170904.0},"point_estimate":269792827.0,"standard_error":2766167.987068829},"median_abs_dev":{"confidence_interval":{"confidence_level":0.95,"lower_bound":864489.9599522352,"upper_bound":12303765.079164505},"point_estimate":4890466.466876864,"standard_error":3069506.1341426265},"slope":null,"std_dev":{"confidence_interval":{"confidence_level":0.95,"lower_bound":3527827.888291795,"upper_bound":9185547.021341382},"point_estimate":7271616.479393185,"standard_error":1381257.1925703837}}