{"mean":{"confidence_interval":{"confidence_level":0.95,"lower_bound":253836056.0975,"upper_bound":266208891.3},"point_estimate":259797030.5,"standard_error":3162137.8261460974},"median":{"confidence_interval":{"confidence_level":0.95,"lower_bound":253358629.0,"upper_bound":264177402.0},"point_estimate":259735962.5,"standard_error":2881032.162697872},"median_abs_dev":{"confidence_interval":{"confidence_level":0.95,"lower_bound":1808157.4301987886,"upper_bound":16812820.916142754},"point_estimate":7163215.872627497,"standard_error":3706101.0811008113},"slope":null,"std_dev":{"confidence_interval":{"confidence_level":0.95,"lower_bound":4088238.407699711,"upper_bound":14748164.595035667},"point_estimate":10541004.91299928,"standard_error":2772729.1842339886}}