{"mean":{"confidence_interval":{"confidence_level":0.95,"lower_bound":374981444.3,"upper_bound":404960560.5},"point_estimate":389451469.3,"standard_error":7704616.129298668},"median":{"confidence_interval":{"confidence_level":0.95,"lower_bound":364697149.0,"upper_bound":419525064.0},"point_estimate":381788566.5,"standard_error":12930448.008876288},"median_abs_dev":{"confidence_interval":{"confidence_level":0.95,"lower_bound":3673445.367783308,"upper_bound":41246235.20073295},"point_estimate":25942037.668436766,"standard_error":10226129.42916424},"slope":null,"std_dev":{"confidence_interval":{"confidence_level":0.95,"lower_bound":14765411.442827381,"upper_bound":29980586.841589622},"point_estimate":25695174.893497378,"standard_error":3772545.5986442133}}