{"mean":{"confidence_interval":{"confidence_level":0.95,"lower_bound":84734327.33075,"upper_bound":84899856.97025},"point_estimate":84812518.91,"standard_error":42246.60156047907},"median":{"confidence_interval":{"confidence_level":0.95,"lower_bound":84679040.0,"upper_bound":84829731.0},"point_estimate":84742371.0,"standard_error":41793.97446210345},"median_abs_dev":{"confidence_interval":{"confidence_level":0.95,"lower_bound":274996.34961783886,"upper_bound":422277.8310030699},"point_estimate":366066.53560101986,"standard_error":37225.55514734796},"slope":null,"std_dev":{"confidence_interval":{"confidence_level":0.95,"lower_bound":295020.1744389705,"upper_bound":558768.159981947},"point_estimate":422899.56299558934,"standard_error":69520.87550459323}}