{"mean":{"confidence_interval":{"confidence_level":0.95,"lower_bound":86376759.1745,"upper_bound":86686860.76675001},"point_estimate":86522555.71,"standard_error":79394.31541620259},"median":{"confidence_interval":{"confidence_level":0.95,"lower_bound":86220089.4375,"upper_bound":86553276.0},"point_estimate":86401317.5,"standard_error":79848.05167955766},"median_abs_dev":{"confidence_interval":{"confidence_level":0.95,"lower_bound":393224.0606188774,"upper_bound":631283.6557924747},"point_estimate":507546.60328924656,"standard_error":58021.075403915565},"slope":null,"std_dev":{"confidence_interval":{"confidence_level":0.95,"lower_bound":535467.6548234614,"upper_bound":1033485.1365741567},"point_estimate":796583.3420032182,"standard_error":128035.19830822402}}