{"mean":{"confidence_interval":{"confidence_level":0.95,"lower_bound":94614290.427,"upper_bound":94864983.956},"point_estimate":94728663.35,"standard_error":64125.43796120488},"median":{"confidence_interval":{"confidence_level":0.95,"lower_bound":94514999.0,"upper_bound":94642207.0},"point_estimate":94579649.5,"standard_error":39346.43896071304},"median_abs_dev":{"confidence_interval":{"confidence_level":0.95,"lower_bound":221739.13466334343,"upper_bound":413508.252158761},"point_estimate":325996.30611240864,"standard_error":48352.80735245995},"slope":null,"std_dev":{"confidence_interval":{"confidence_level":0.95,"lower_bound":393339.2637886296,"upper_bound":912823.5257430192},"point_estimate":644864.025882528,"standard_error":145444.40361490502}}