{"mean":{"confidence_interval":{"confidence_level":0.95,"lower_bound":94862287.207,"upper_bound":95127610.6875},"point_estimate":94990612.08,"standard_error":67812.81018068243},"median":{"confidence_interval":{"confidence_level":0.95,"lower_bound":94680835.0,"upper_bound":95002512.0},"point_estimate":94782638.0,"standard_error":75246.74546515138},"median_abs_dev":{"confidence_interval":{"confidence_level":0.95,"lower_bound":450688.15299868584,"upper_bound":750613.6798739433},"point_estimate":607264.0536189079,"standard_error":81169.5969350079},"slope":null,"std_dev":{"confidence_interval":{"confidence_level":0.95,"lower_bound":555077.5992540859,"upper_bound":796184.4584781949},"point_estimate":680227.0075981942,"standard_error":61815.57277994734}}