{"mean":{"confidence_interval":{"confidence_level":0.95,"lower_bound":88382674.512,"upper_bound":88815796.72825},"point_estimate":88596492.17,"standard_error":109888.27064532829},"median":{"confidence_interval":{"confidence_level":0.95,"lower_bound":88228976.0,"upper_bound":88802931.0},"point_estimate":88566737.0,"standard_error":151176.8892760825},"median_abs_dev":{"confidence_interval":{"confidence_level":0.95,"lower_bound":810315.0156140327,"upper_bound":1383114.5502448082},"point_estimate":1165797.2700029612,"standard_error":151582.10243450594},"slope":null,"std_dev":{"confidence_interval":{"confidence_level":0.95,"lower_bound":931167.4925068336,"upper_bound":1266005.833486475},"point_estimate":1105612.7161545164,"standard_error":85629.69206861658}}