{"mean":{"confidence_interval":{"confidence_level":0.95,"lower_bound":15892955.466666665,"upper_bound":18442320.866666667},"point_estimate":17110016.76666667,"standard_error":653467.5515651703},"median":{"confidence_interval":{"confidence_level":0.95,"lower_bound":15244244.0,"upper_bound":18796856.0},"point_estimate":16826731.333333336,"standard_error":833827.4359438763},"median_abs_dev":{"confidence_interval":{"confidence_level":0.95,"lower_bound":530478.4712821227,"upper_bound":3794457.8957349043},"point_estimate":2039548.5377907744,"standard_error":851126.5085780971},"slope":null,"std_dev":{"confidence_interval":{"confidence_level":0.95,"lower_bound":1110935.4114055948,"upper_bound":2766937.69427064},"point_estimate":2181340.5646753497,"standard_error":428587.1164282985}}