{"mean":{"confidence_interval":{"confidence_level":0.95,"lower_bound":9787241.894166667,"upper_bound":10104499.9},"point_estimate":9938606.833333334,"standard_error":81745.3321294588},"median":{"confidence_interval":{"confidence_level":0.95,"lower_bound":9688729.333333334,"upper_bound":10197165.333333334},"point_estimate":9864226.166666666,"standard_error":125607.9682990591},"median_abs_dev":{"confidence_interval":{"confidence_level":0.95,"lower_bound":45799.73708689351,"upper_bound":451150.4770904789},"point_estimate":261097.9632645836,"standard_error":103636.27753238083},"slope":null,"std_dev":{"confidence_interval":{"confidence_level":0.95,"lower_bound":144893.36383769257,"upper_bound":340984.44331806607},"point_estimate":272211.9370089312,"standard_error":50753.82511664676}}