{"mean":{"confidence_interval":{"confidence_level":0.95,"lower_bound":12848611.414166668,"upper_bound":14259345.339166667},"point_estimate":13544931.966666669,"standard_error":360865.19604964706},"median":{"confidence_interval":{"confidence_level":0.95,"lower_bound":12552687.333333334,"upper_bound":14418231.666666666},"point_estimate":13553998.5,"standard_error":527117.0656253928},"median_abs_dev":{"confidence_interval":{"confidence_level":0.95,"lower_bound":301760.4914426822,"upper_bound":2045688.4784817696},"point_estimate":1362502.2099107495,"standard_error":446920.07211234403},"slope":null,"std_dev":{"confidence_interval":{"confidence_level":0.95,"lower_bound":702373.3234502501,"upper_bound":1523620.1044284669},"point_estimate":1202785.3231920518,"standard_error":214050.02585775292}}