{"mean":{"confidence_interval":{"confidence_level":0.95,"lower_bound":12373567.081666665,"upper_bound":13951914.675},"point_estimate":13144983.166666666,"standard_error":405311.84941989026},"median":{"confidence_interval":{"confidence_level":0.95,"lower_bound":11934353.666666668,"upper_bound":14130079.666666668},"point_estimate":13152644.333333334,"standard_error":658676.3532963366},"median_abs_dev":{"confidence_interval":{"confidence_level":0.95,"lower_bound":214569.0340906377,"upper_bound":2354340.588802099},"point_estimate":1525991.2271082401,"standard_error":525207.3461682512},"slope":null,"std_dev":{"confidence_interval":{"confidence_level":0.95,"lower_bound":813409.1681135276,"upper_bound":1705283.0749074202},"point_estimate":1352124.4175400636,"standard_error":235474.76750999584}}