{"mean":{"confidence_interval":{"confidence_level":0.95,"lower_bound":17870786.805833332,"upper_bound":20012738.56833333},"point_estimate":18965526.200000003,"standard_error":549013.8250856738},"median":{"confidence_interval":{"confidence_level":0.95,"lower_bound":17565790.5,"upper_bound":20803481.666666668},"point_estimate":18832971.666666668,"standard_error":909784.7477405329},"median_abs_dev":{"confidence_interval":{"confidence_level":0.95,"lower_bound":285153.64203750814,"upper_bound":3195012.8272771826},"point_estimate":2695558.007544279,"standard_error":851141.7373059221},"slope":null,"std_dev":{"confidence_interval":{"confidence_level":0.95,"lower_bound":1108312.217721279,"upper_bound":2200809.357300648},"point_estimate":1825181.9709685182,"standard_error":279022.89159635286}}