{"mean":{"confidence_interval":{"confidence_level":0.95,"lower_bound":11005106.148333333,"upper_bound":11571771.566666666},"point_estimate":11290995.766666668,"standard_error":144534.9888257148},"median":{"confidence_interval":{"confidence_level":0.95,"lower_bound":10869344.0,"upper_bound":11690086.833333332},"point_estimate":11302108.833333332,"standard_error":220697.63261089494},"median_abs_dev":{"confidence_interval":{"confidence_level":0.95,"lower_bound":132299.80865120888,"upper_bound":809372.82333076},"point_estimate":489822.3677039151,"standard_error":180403.6960005322},"slope":null,"std_dev":{"confidence_interval":{"confidence_level":0.95,"lower_bound":288529.581581861,"upper_bound":590315.9678471419},"point_estimate":482177.8655449232,"standard_error":77024.68799258173}}