{"mean":{"confidence_interval":{"confidence_level":0.95,"lower_bound":20051.433427008757,"upper_bound":20118.5300960491},"point_estimate":20076.787743515848,"standard_error":18.37579393865791},"median":{"confidence_interval":{"confidence_level":0.95,"lower_bound":20049.64711111111,"upper_bound":20064.7922},"point_estimate":20058.56853808354,"standard_error":4.5311835430679706},"median_abs_dev":{"confidence_interval":{"confidence_level":0.95,"lower_bound":25.252187775412484,"upper_bound":43.29877124751293},"point_estimate":34.753311112961946,"standard_error":4.7041077954311215},"slope":{"confidence_interval":{"confidence_level":0.95,"lower_bound":20053.366186616542,"upper_bound":20081.71124878511},"point_estimate":20065.361429289198,"standard_error":7.314336116883077},"std_dev":{"confidence_interval":{"confidence_level":0.95,"lower_bound":35.44783584273177,"upper_bound":308.37503066546554},"point_estimate":184.0623247072874,"standard_error":89.77378726426983}}