{"mean":{"confidence_interval":{"confidence_level":0.95,"lower_bound":19682.939675392874,"upper_bound":19722.3409979018},"point_estimate":19699.899320436798,"standard_error":10.19133652125293},"median":{"confidence_interval":{"confidence_level":0.95,"lower_bound":19673.503529411766,"upper_bound":19696.255789473686},"point_estimate":19685.466904761903,"standard_error":6.5233803001919455},"median_abs_dev":{"confidence_interval":{"confidence_level":0.95,"lower_bound":27.442615109291122,"upper_bound":43.28705987364219},"point_estimate":34.154864674057364,"standard_error":4.097684087903895},"slope":{"confidence_interval":{"confidence_level":0.95,"lower_bound":19687.362048547533,"upper_bound":19713.8098218438},"point_estimate":19698.967239190188,"standard_error":6.7628095615303625},"std_dev":{"confidence_interval":{"confidence_level":0.95,"lower_bound":36.4570106671985,"upper_bound":152.6043980946667},"point_estimate":102.08754517963777,"standard_error":31.424477408586327}}