{"mean":{"confidence_interval":{"confidence_level":0.95,"lower_bound":20131.831911651392,"upper_bound":20196.711056863136},"point_estimate":20164.162582126977,"standard_error":16.500742809133754},"median":{"confidence_interval":{"confidence_level":0.95,"lower_bound":20151.96459770115,"upper_bound":20185.167825635705},"point_estimate":20166.26187179487,"standard_error":8.821419252236481},"median_abs_dev":{"confidence_interval":{"confidence_level":0.95,"lower_bound":46.30073520125332,"upper_bound":127.833282759349},"point_estimate":70.20635487666284,"standard_error":19.927487148248648},"slope":{"confidence_interval":{"confidence_level":0.95,"lower_bound":20119.30379654579,"upper_bound":20179.689433677504},"point_estimate":20150.900637801093,"standard_error":15.358872209417482},"std_dev":{"confidence_interval":{"confidence_level":0.95,"lower_bound":131.18613449566797,"upper_bound":199.7282673952216},"point_estimate":165.4702377466333,"standard_error":17.586428940184796}}