{"mean":{"confidence_interval":{"confidence_level":0.95,"lower_bound":2858204565.62,"upper_bound":2910379548.395},"point_estimate":2880209513.1,"standard_error":13631114.768276032},"median":{"confidence_interval":{"confidence_level":0.95,"lower_bound":2852749501.0,"upper_bound":2889852732.0},"point_estimate":2871934800.0,"standard_error":9592924.316427074},"median_abs_dev":{"confidence_interval":{"confidence_level":0.95,"lower_bound":7039271.2561279535,"upper_bound":47441577.19334364},"point_estimate":23706279.8733294,"standard_error":10544558.125715995},"slope":null,"std_dev":{"confidence_interval":{"confidence_level":0.95,"lower_bound":13680934.255234087,"upper_bound":66993982.1453601},"point_estimate":45546196.028288655,"standard_error":16738044.979420645}}