{"mean":{"confidence_interval":{"confidence_level":0.95,"lower_bound":2787987989.6,"upper_bound":2799414735.3},"point_estimate":2793786075.3,"standard_error":2903475.797407359},"median":{"confidence_interval":{"confidence_level":0.95,"lower_bound":2787517640.0,"upper_bound":2802947999.0},"point_estimate":2791582886.5,"standard_error":4665010.734209738},"median_abs_dev":{"confidence_interval":{"confidence_level":0.95,"lower_bound":1582322.613108158,"upper_bound":17950789.710509777},"point_estimate":10323665.340918303,"standard_error":4366768.211584031},"slope":null,"std_dev":{"confidence_interval":{"confidence_level":0.95,"lower_bound":5898977.032386622,"upper_bound":12220839.555591311},"point_estimate":9685379.366902249,"standard_error":1688371.9008564292}}