{"mean":{"confidence_interval":{"confidence_level":0.95,"lower_bound":3017080014.8075,"upper_bound":3128682531.3},"point_estimate":3067972195.7,"standard_error":28621685.11585741},"median":{"confidence_interval":{"confidence_level":0.95,"lower_bound":2999322411.0,"upper_bound":3146071423.5},"point_estimate":3035045250.0,"standard_error":34687636.7702402},"median_abs_dev":{"confidence_interval":{"confidence_level":0.95,"lower_bound":998611.8839710951,"upper_bound":136292800.2739191},"point_estimate":53022506.77656233,"standard_error":33001827.039679848},"slope":null,"std_dev":{"confidence_interval":{"confidence_level":0.95,"lower_bound":29061749.50357361,"upper_bound":119020300.38532199},"point_estimate":95610339.91139154,"standard_error":23402252.592640437}}