{"mean":{"confidence_interval":{"confidence_level":0.95,"lower_bound":2498007116.2,"upper_bound":2513148462.6},"point_estimate":2505460885.2,"standard_error":3878331.1717382246},"median":{"confidence_interval":{"confidence_level":0.95,"lower_bound":2493061838.0,"upper_bound":2514715636.0},"point_estimate":2505447578.0,"standard_error":5315015.081503877},"median_abs_dev":{"confidence_interval":{"confidence_level":0.95,"lower_bound":3017404.5163303614,"upper_bound":21849292.27169752},"point_estimate":16036065.218102932,"standard_error":5054878.823441642},"slope":null,"std_dev":{"confidence_interval":{"confidence_level":0.95,"lower_bound":7470267.740824511,"upper_bound":16013085.964972941},"point_estimate":12881479.218118614,"standard_error":2202051.6258967216}}