{"mean":{"confidence_interval":{"confidence_level":0.95,"lower_bound":2638731234.1475,"upper_bound":2667317873.55},"point_estimate":2651404747.6,"standard_error":7363147.8289672},"median":{"confidence_interval":{"confidence_level":0.95,"lower_bound":2636023041.0,"upper_bound":2663859302.0},"point_estimate":2638556680.0,"standard_error":8961920.123114198},"median_abs_dev":{"confidence_interval":{"confidence_level":0.95,"lower_bound":1159284.949618578,"upper_bound":37016848.201319575},"point_estimate":9632987.24758029,"standard_error":9988949.534487989},"slope":null,"std_dev":{"confidence_interval":{"confidence_level":0.95,"lower_bound":9243036.27531632,"upper_bound":34093053.894990645},"point_estimate":24586999.12244059,"standard_error":7095114.905952469}}