{"mean":{"confidence_interval":{"confidence_level":0.95,"lower_bound":235940.80938799764,"upper_bound":238018.63884156692},"point_estimate":236729.31804165608,"standard_error":587.9458931943831},"median":{"confidence_interval":{"confidence_level":0.95,"lower_bound":235845.01203208556,"upper_bound":236679.6580882353},"point_estimate":235997.3755644682,"standard_error":264.2562341922391},"median_abs_dev":{"confidence_interval":{"confidence_level":0.95,"lower_bound":33.07424632013962,"upper_bound":1039.4995678152738},"point_estimate":262.1098447940305,"standard_error":300.2608014446306},"slope":{"confidence_interval":{"confidence_level":0.95,"lower_bound":235956.2882629541,"upper_bound":236593.1443571747},"point_estimate":236231.30362525175,"standard_error":164.36527720397015},"std_dev":{"confidence_interval":{"confidence_level":0.95,"lower_bound":173.41630761472553,"upper_bound":2983.9706918965626},"point_estimate":1950.2698772602419,"standard_error":930.6227763850849}}