{"mean":{"confidence_interval":{"confidence_level":0.95,"lower_bound":49816069.81040277,"upper_bound":50834857.53337599},"point_estimate":50203575.83587302,"standard_error":285175.62602196547},"median":{"confidence_interval":{"confidence_level":0.95,"lower_bound":49831029.525,"upper_bound":50132854.9},"point_estimate":49948103.55555555,"standard_error":93984.70088719745},"median_abs_dev":{"confidence_interval":{"confidence_level":0.95,"lower_bound":29955.644184848286,"upper_bound":490756.91841982194},"point_estimate":198677.15616777245,"standard_error":131438.63078865263},"slope":{"confidence_interval":{"confidence_level":0.95,"lower_bound":49701118.73886139,"upper_bound":51198028.08733624},"point_estimate":50200027.98311688,"standard_error":407819.84596682125},"std_dev":{"confidence_interval":{"confidence_level":0.95,"lower_bound":104360.67305039887,"upper_bound":1461539.755056313},"point_estimate":950883.3804412644,"standard_error":457887.6884720126}}