{"mean":{"confidence_interval":{"confidence_level":0.95,"lower_bound":44906893.6625,"upper_bound":45225589.9349375},"point_estimate":45073151.99166667,"standard_error":81547.7941418391},"median":{"confidence_interval":{"confidence_level":0.95,"lower_bound":44859535.0,"upper_bound":45276132.5},"point_estimate":45157958.1,"standard_error":103622.66812526493},"median_abs_dev":{"confidence_interval":{"confidence_level":0.95,"lower_bound":15341.648007626884,"upper_bound":450100.95074661076},"point_estimate":216516.73803106134,"standard_error":110403.25021962814},"slope":{"confidence_interval":{"confidence_level":0.95,"lower_bound":45117453.58596355,"upper_bound":45324031.575145},"point_estimate":45227378.210389614,"standard_error":52529.63196323304},"std_dev":{"confidence_interval":{"confidence_level":0.95,"lower_bound":137217.93454289707,"upper_bound":356112.08788568835},"point_estimate":272300.3535054885,"standard_error":57461.82286262503}}