{"mean":{"confidence_interval":{"confidence_level":0.95,"lower_bound":2046740.6273300014,"upper_bound":2091670.0360900008},"point_estimate":2068633.2152000007,"standard_error":11527.209523955436},"median":{"confidence_interval":{"confidence_level":0.95,"lower_bound":2011850.6,"upper_bound":2059045.2999999998},"point_estimate":2030675.94,"standard_error":12232.631985656495},"median_abs_dev":{"confidence_interval":{"confidence_level":0.95,"lower_bound":67720.80795371524,"upper_bound":120625.40133047082},"point_estimate":85727.9928020237,"standard_error":13040.415259432151},"slope":null,"std_dev":{"confidence_interval":{"confidence_level":0.95,"lower_bound":98453.56592657739,"upper_bound":130537.60356404193},"point_estimate":116005.2955414817,"standard_error":8189.032604351937}}