{"mean":{"confidence_interval":{"confidence_level":0.95,"lower_bound":33616137.8265,"upper_bound":34360222.167500004},"point_estimate":33988357.33,"standard_error":190134.04068686246},"median":{"confidence_interval":{"confidence_level":0.95,"lower_bound":33624158.0,"upper_bound":34812710.0},"point_estimate":34372852.5,"standard_error":357590.0992085713},"median_abs_dev":{"confidence_interval":{"confidence_level":0.95,"lower_bound":1637201.792433858,"upper_bound":2866647.8206068277},"point_estimate":2296681.534525752,"standard_error":321328.243741711},"slope":null,"std_dev":{"confidence_interval":{"confidence_level":0.95,"lower_bound":1724223.2963777876,"upper_bound":2074386.1762653873},"point_estimate":1912219.7552404166,"standard_error":89325.10272083434}}