{"mean":{"confidence_interval":{"confidence_level":0.95,"lower_bound":32156729.585750002,"upper_bound":32789891.65125},"point_estimate":32462329.33,"standard_error":162004.98340500426},"median":{"confidence_interval":{"confidence_level":0.95,"lower_bound":31945168.5,"upper_bound":32468827.5},"point_estimate":32150133.5,"standard_error":129070.82754886232},"median_abs_dev":{"confidence_interval":{"confidence_level":0.95,"lower_bound":970538.853469491,"upper_bound":1796404.1189074516},"point_estimate":1228769.2212849855,"standard_error":225342.26559706932},"slope":null,"std_dev":{"confidence_interval":{"confidence_level":0.95,"lower_bound":1250782.925903265,"upper_bound":1978099.2223047104},"point_estimate":1629314.3098805074,"standard_error":186279.37470695697}}