{"mean":{"confidence_interval":{"confidence_level":0.95,"lower_bound":59976413.699,"upper_bound":60743736.637},"point_estimate":60361928.85,"standard_error":194976.6654987138},"median":{"confidence_interval":{"confidence_level":0.95,"lower_bound":59654842.0,"upper_bound":60916457.0},"point_estimate":60218292.5,"standard_error":303059.3270896821},"median_abs_dev":{"confidence_interval":{"confidence_level":0.95,"lower_bound":1689365.5899077654,"upper_bound":2725207.0418179035},"point_estimate":2337179.4941067696,"standard_error":272288.5770545209},"slope":null,"std_dev":{"confidence_interval":{"confidence_level":0.95,"lower_bound":1724032.9950386288,"upper_bound":2168100.876585861},"point_estimate":1958194.5888915558,"standard_error":113179.45029973162}}