{"mean":{"confidence_interval":{"confidence_level":0.95,"lower_bound":185371628.03333333,"upper_bound":188215674.26},"point_estimate":186827937.7,"standard_error":729618.2992901105},"median":{"confidence_interval":{"confidence_level":0.95,"lower_bound":184380799.0,"upper_bound":188960434.33333334},"point_estimate":187475544.33333334,"standard_error":1086383.9753687193},"median_abs_dev":{"confidence_interval":{"confidence_level":0.95,"lower_bound":149139.92045223713,"upper_bound":3971977.2506833076},"point_estimate":2494843.6231076717,"standard_error":981432.2235008999},"slope":null,"std_dev":{"confidence_interval":{"confidence_level":0.95,"lower_bound":1421644.03947791,"upper_bound":2935911.263782984},"point_estimate":2439323.764383842,"standard_error":378614.945886986}}