{"mean":{"confidence_interval":{"confidence_level":0.95,"lower_bound":203699846.2133333,"upper_bound":205275545.9},"point_estimate":204378630.1,"standard_error":409083.4174264599},"median":{"confidence_interval":{"confidence_level":0.95,"lower_bound":203522349.5,"upper_bound":204821422.8333333},"point_estimate":204028184.5,"standard_error":321963.6175171436},"median_abs_dev":{"confidence_interval":{"confidence_level":0.95,"lower_bound":181022.98578617012,"upper_bound":1601041.1790758371},"point_estimate":730392.7459329219,"standard_error":367597.6967856251},"slope":null,"std_dev":{"confidence_interval":{"confidence_level":0.95,"lower_bound":442410.9689268806,"upper_bound":1974561.5944108772},"point_estimate":1365649.6861806249,"standard_error":462279.5476050334}}