{"mean":{"confidence_interval":{"confidence_level":0.95,"lower_bound":31481859.8,"upper_bound":34254218.37},"point_estimate":32773863.2,"standard_error":715429.9391755251},"median":{"confidence_interval":{"confidence_level":0.95,"lower_bound":31004123.0,"upper_bound":34376888.5},"point_estimate":32076115.5,"standard_error":1017971.9044807932},"median_abs_dev":{"confidence_interval":{"confidence_level":0.95,"lower_bound":96413.47628831863,"upper_bound":3844653.788843751},"point_estimate":1938987.2409760952,"standard_error":1028732.4188302106},"slope":null,"std_dev":{"confidence_interval":{"confidence_level":0.95,"lower_bound":1143254.4764771,"upper_bound":3145484.7240028027},"point_estimate":2392232.655562154,"standard_error":544499.7253372222}}