{"mean":{"confidence_interval":{"confidence_level":0.95,"lower_bound":29183420.0725,"upper_bound":29725724.2},"point_estimate":29472521.7,"standard_error":138484.3764594334},"median":{"confidence_interval":{"confidence_level":0.95,"lower_bound":29257357.0,"upper_bound":29885368.0},"point_estimate":29498696.0,"standard_error":149063.56065029567},"median_abs_dev":{"confidence_interval":{"confidence_level":0.95,"lower_bound":66181.03892505169,"upper_bound":773289.3051713705},"point_estimate":385134.99516248703,"standard_error":177637.79577188735},"slope":null,"std_dev":{"confidence_interval":{"confidence_level":0.95,"lower_bound":217358.2942927792,"upper_bound":635692.2508202377},"point_estimate":463624.196121061,"standard_error":118015.15902198626}}