{"mean":{"confidence_interval":{"confidence_level":0.95,"lower_bound":39107214.6525,"upper_bound":39943163.6},"point_estimate":39531933.4,"standard_error":214058.822509343},"median":{"confidence_interval":{"confidence_level":0.95,"lower_bound":38804358.0,"upper_bound":40050147.0},"point_estimate":39682023.0,"standard_error":300572.7227908433},"median_abs_dev":{"confidence_interval":{"confidence_level":0.95,"lower_bound":110197.20824360847,"upper_bound":1241506.2376588583},"point_estimate":703966.6369020939,"standard_error":292214.2938339126},"slope":null,"std_dev":{"confidence_interval":{"confidence_level":0.95,"lower_bound":410190.56591850624,"upper_bound":875324.2063107818},"point_estimate":713264.9172843924,"standard_error":117488.5106908718}}