{"mean":{"confidence_interval":{"confidence_level":0.95,"lower_bound":31246845.9225,"upper_bound":33066644.36},"point_estimate":32166870.4,"standard_error":465758.4768546734},"median":{"confidence_interval":{"confidence_level":0.95,"lower_bound":30929467.0,"upper_bound":33498959.0},"point_estimate":32161547.0,"standard_error":652017.4865391367},"median_abs_dev":{"confidence_interval":{"confidence_level":0.95,"lower_bound":336684.3693226576,"upper_bound":2895657.11299181},"point_estimate":1749246.32024467,"standard_error":616981.6502787165},"slope":null,"std_dev":{"confidence_interval":{"confidence_level":0.95,"lower_bound":898632.6051203511,"upper_bound":1898816.7903129717},"point_estimate":1552483.3972842207,"standard_error":252915.87071934665}}