{"mean":{"confidence_interval":{"confidence_level":0.95,"lower_bound":29326026.535,"upper_bound":30062255.8},"point_estimate":29697555.6,"standard_error":188172.65452324055},"median":{"confidence_interval":{"confidence_level":0.95,"lower_bound":29258486.5,"upper_bound":30168251.0},"point_estimate":29714106.0,"standard_error":253977.85442327172},"median_abs_dev":{"confidence_interval":{"confidence_level":0.95,"lower_bound":159170.45057415962,"upper_bound":1061876.648747921},"point_estimate":630867.7864998579,"standard_error":229468.46144198586},"slope":null,"std_dev":{"confidence_interval":{"confidence_level":0.95,"lower_bound":342825.82585787156,"upper_bound":810351.6304779261},"point_estimate":627618.3746428859,"standard_error":120271.46522886826}}