{"mean":{"confidence_interval":{"confidence_level":0.95,"lower_bound":30763090.6,"upper_bound":31797622.232499998},"point_estimate":31305289.9,"standard_error":265922.52815588797},"median":{"confidence_interval":{"confidence_level":0.95,"lower_bound":30501312.0,"upper_bound":31918366.0},"point_estimate":31494158.0,"standard_error":345537.8935591428},"median_abs_dev":{"confidence_interval":{"confidence_level":0.95,"lower_bound":196792.9075062275,"upper_bound":1471993.4534668922},"point_estimate":745865.6534582376,"standard_error":347669.4215241215},"slope":null,"std_dev":{"confidence_interval":{"confidence_level":0.95,"lower_bound":437993.07659185666,"upper_bound":1130047.4419343364},"point_estimate":886321.3019805766,"standard_error":176745.1224516594}}