{"mean":{"confidence_interval":{"confidence_level":0.95,"lower_bound":54559926.6,"upper_bound":55537375.8},"point_estimate":55062509.8,"standard_error":250218.59924156364},"median":{"confidence_interval":{"confidence_level":0.95,"lower_bound":54352853.0,"upper_bound":55557672.5},"point_estimate":55217186.0,"standard_error":279270.6649163388},"median_abs_dev":{"confidence_interval":{"confidence_level":0.95,"lower_bound":105120.78593373299,"upper_bound":1396449.7957080603},"point_estimate":534091.8145179749,"standard_error":355333.76522726245},"slope":null,"std_dev":{"confidence_interval":{"confidence_level":0.95,"lower_bound":361284.93462672,"upper_bound":1088939.9429946588},"point_estimate":834774.7846763887,"standard_error":174430.1490179389}}