{"mean":{"confidence_interval":{"confidence_level":0.95,"lower_bound":29242658.5625,"upper_bound":30175666.415},"point_estimate":29682603.5,"standard_error":238909.0956233754},"median":{"confidence_interval":{"confidence_level":0.95,"lower_bound":29170638.0,"upper_bound":30131927.0},"point_estimate":29491202.0,"standard_error":273278.6219394012},"median_abs_dev":{"confidence_interval":{"confidence_level":0.95,"lower_bound":90886.34358644485,"upper_bound":1306252.861109376},"point_estimate":682797.3331779242,"standard_error":301567.69187294185},"slope":null,"std_dev":{"confidence_interval":{"confidence_level":0.95,"lower_bound":361243.08983653114,"upper_bound":1088136.320306849},"point_estimate":794679.2734405847,"standard_error":197080.13239807484}}