{"mean":{"confidence_interval":{"confidence_level":0.95,"lower_bound":29573723.7,"upper_bound":30836806.345000003},"point_estimate":30173228.7,"standard_error":324250.1094205022},"median":{"confidence_interval":{"confidence_level":0.95,"lower_bound":29321706.0,"upper_bound":31427194.0},"point_estimate":29883652.0,"standard_error":481683.3793984824},"median_abs_dev":{"confidence_interval":{"confidence_level":0.95,"lower_bound":151359.37261283398,"upper_bound":1634665.8051788807},"point_estimate":1008385.1829975843,"standard_error":404748.6564150906},"slope":null,"std_dev":{"confidence_interval":{"confidence_level":0.95,"lower_bound":435218.5371101653,"upper_bound":1278244.0996300094},"point_estimate":1078025.0078690762,"standard_error":184208.86663634874}}