{"mean":{"confidence_interval":{"confidence_level":0.95,"lower_bound":30779291.0,"upper_bound":32160165.1},"point_estimate":31496494.3,"standard_error":353984.54246530944},"median":{"confidence_interval":{"confidence_level":0.95,"lower_bound":30710087.5,"upper_bound":32471349.0},"point_estimate":31402931.0,"standard_error":482943.9883841116},"median_abs_dev":{"confidence_interval":{"confidence_level":0.95,"lower_bound":189486.6548359394,"upper_bound":2052183.0076664686},"point_estimate":1452876.8094062805,"standard_error":477329.13362997107},"slope":null,"std_dev":{"confidence_interval":{"confidence_level":0.95,"lower_bound":638235.511747958,"upper_bound":1526531.3830935513},"point_estimate":1180097.4914398717,"standard_error":235823.98683687494}}