{"mean":{"confidence_interval":{"confidence_level":0.95,"lower_bound":18860.724535787922,"upper_bound":18905.033621616756},"point_estimate":18879.575131066926,"standard_error":11.640893692458372},"median":{"confidence_interval":{"confidence_level":0.95,"lower_bound":18852.79293814433,"upper_bound":18893.25612829324},"point_estimate":18866.438726067747,"standard_error":11.276530337246728},"median_abs_dev":{"confidence_interval":{"confidence_level":0.95,"lower_bound":2.9806500656358645,"upper_bound":46.03274983533283},"point_estimate":20.467218943337507,"standard_error":11.431899376204283},"slope":{"confidence_interval":{"confidence_level":0.95,"lower_bound":18855.333053679347,"upper_bound":18890.252853639886},"point_estimate":18875.589154639176,"standard_error":9.192447423402678},"std_dev":{"confidence_interval":{"confidence_level":0.95,"lower_bound":11.556182831421332,"upper_bound":56.797337122256046},"point_estimate":38.93450334253127,"standard_error":13.775870881014544}}