{"mean":{"confidence_interval":{"confidence_level":0.95,"lower_bound":3081091311.2425,"upper_bound":3103996673.1925},"point_estimate":3093067465.1,"standard_error":5849280.486948549},"median":{"confidence_interval":{"confidence_level":0.95,"lower_bound":3082350378.0,"upper_bound":3102779794.0},"point_estimate":3095721550.0,"standard_error":5286359.359764051},"median_abs_dev":{"confidence_interval":{"confidence_level":0.95,"lower_bound":2450321.1458981037,"upper_bound":32415725.945305824},"point_estimate":10516157.225900888,"standard_error":7257229.600341701},"slope":null,"std_dev":{"confidence_interval":{"confidence_level":0.95,"lower_bound":6804647.854340627,"upper_bound":26846678.50571945},"point_estimate":19504887.70399814,"standard_error":5133523.281654467}}