{"mean":{"confidence_interval":{"confidence_level":0.95,"lower_bound":2730810325.0,"upper_bound":2774292896.8},"point_estimate":2755001494.6,"standard_error":11283567.998176424},"median":{"confidence_interval":{"confidence_level":0.95,"lower_bound":2742620650.0,"upper_bound":2779824476.0},"point_estimate":2760081930.5,"standard_error":8263402.126199697},"median_abs_dev":{"confidence_interval":{"confidence_level":0.95,"lower_bound":4020551.6736209393,"upper_bound":48447868.94517839},"point_estimate":21234401.72381401,"standard_error":11781061.353372002},"slope":null,"std_dev":{"confidence_interval":{"confidence_level":0.95,"lower_bound":12213334.861259393,"upper_bound":53693774.26212699},"point_estimate":37568081.40440944,"standard_error":12104916.558995169}}