{"mean":{"confidence_interval":{"confidence_level":0.95,"lower_bound":2529901960.2,"upper_bound":2551752482.8625},"point_estimate":2540729558.8,"standard_error":5604866.952716502},"median":{"confidence_interval":{"confidence_level":0.95,"lower_bound":2521499326.0,"upper_bound":2556886383.5},"point_estimate":2540929729.5,"standard_error":8704772.298467314},"median_abs_dev":{"confidence_interval":{"confidence_level":0.95,"lower_bound":4222357.992938161,"upper_bound":33298805.48502803},"point_estimate":25785862.811109424,"standard_error":7577819.361051746},"slope":null,"std_dev":{"confidence_interval":{"confidence_level":0.95,"lower_bound":11437165.69279874,"upper_bound":22478193.205560867},"point_estimate":18739857.662132014,"standard_error":2800037.7921970035}}