{"mean":{"confidence_interval":{"confidence_level":0.95,"lower_bound":2865650303.38,"upper_bound":2889454044.1},"point_estimate":2877573042.4,"standard_error":6083911.631915363},"median":{"confidence_interval":{"confidence_level":0.95,"lower_bound":2862149550.5,"upper_bound":2892613942.0},"point_estimate":2877259064.5,"standard_error":7289173.439256309},"median_abs_dev":{"confidence_interval":{"confidence_level":0.95,"lower_bound":1419463.4537994862,"upper_bound":34750090.723362565},"point_estimate":21472712.619683146,"standard_error":8726742.141962646},"slope":null,"std_dev":{"confidence_interval":{"confidence_level":0.95,"lower_bound":11031349.851274816,"upper_bound":25945380.412313372},"point_estimate":20282148.9371875,"standard_error":3838349.2186652985}}