{"mean":{"confidence_interval":{"confidence_level":0.95,"lower_bound":1980910311.98,"upper_bound":2001503020.3},"point_estimate":1990724006.2,"standard_error":5281263.921626247},"median":{"confidence_interval":{"confidence_level":0.95,"lower_bound":1976620108.0,"upper_bound":2007868886.0},"point_estimate":1985854957.5,"standard_error":7203538.774519442},"median_abs_dev":{"confidence_interval":{"confidence_level":0.95,"lower_bound":2857704.7775655985,"upper_bound":27298585.509753227},"point_estimate":15234410.810235143,"standard_error":7340703.795210356},"slope":null,"std_dev":{"confidence_interval":{"confidence_level":0.95,"lower_bound":8007633.6948475735,"upper_bound":21260118.445629496},"point_estimate":17612696.2574817,"standard_error":3074103.9623640017}}