{"mean":{"confidence_interval":{"confidence_level":0.95,"lower_bound":1952738387.1,"upper_bound":1971768481.1975},"point_estimate":1962858096.2,"standard_error":4885467.743698061},"median":{"confidence_interval":{"confidence_level":0.95,"lower_bound":1952214312.0,"upper_bound":1976111061.0},"point_estimate":1962778133.5,"standard_error":5462714.005984698},"median_abs_dev":{"confidence_interval":{"confidence_level":0.95,"lower_bound":1617321.6093868017,"upper_bound":27644522.785511613},"point_estimate":16224158.228963614,"standard_error":7420494.829566385},"slope":null,"std_dev":{"confidence_interval":{"confidence_level":0.95,"lower_bound":7634961.895100119,"upper_bound":21383458.508188188},"point_estimate":16314474.617668983,"standard_error":3714831.6445189277}}