{"mean":{"confidence_interval":{"confidence_level":0.95,"lower_bound":2851039304.4,"upper_bound":2870071126.8},"point_estimate":2860570508.1,"standard_error":4868109.154238085},"median":{"confidence_interval":{"confidence_level":0.95,"lower_bound":2846221173.0,"upper_bound":2873159570.5},"point_estimate":2861758058.0,"standard_error":7366668.821138105},"median_abs_dev":{"confidence_interval":{"confidence_level":0.95,"lower_bound":4727377.504572272,"upper_bound":27061210.134467483},"point_estimate":18298510.554036498,"standard_error":5884758.808450419},"slope":null,"std_dev":{"confidence_interval":{"confidence_level":0.95,"lower_bound":9679972.479280867,"upper_bound":20064900.888868682},"point_estimate":16217403.73623104,"standard_error":2652971.951314066}}