{"mean":{"confidence_interval":{"confidence_level":0.95,"lower_bound":2488026969.7,"upper_bound":2512268428.9175},"point_estimate":2499113730.0,"standard_error":6239192.605992462},"median":{"confidence_interval":{"confidence_level":0.95,"lower_bound":2483843435.0,"upper_bound":2512974080.0},"point_estimate":2493428492.5,"standard_error":7060157.93608688},"median_abs_dev":{"confidence_interval":{"confidence_level":0.95,"lower_bound":2858930.8877438307,"upper_bound":32091432.405263186},"point_estimate":14223424.40558374,"standard_error":7664607.448994909},"slope":null,"std_dev":{"confidence_interval":{"confidence_level":0.95,"lower_bound":7688007.373529224,"upper_bound":27204458.698103998},"point_estimate":20760236.62253768,"standard_error":5131760.403105506}}