{"mean":{"confidence_interval":{"confidence_level":0.95,"lower_bound":17840.402405129207,"upper_bound":17883.86239871305},"point_estimate":17867.846862855407,"standard_error":12.52452121318402},"median":{"confidence_interval":{"confidence_level":0.95,"lower_bound":17872.193394844755,"upper_bound":17884.205196157745},"point_estimate":17881.99820998503,"standard_error":4.272087727792254},"median_abs_dev":{"confidence_interval":{"confidence_level":0.95,"lower_bound":0.8085685093695588,"upper_bound":16.260290318303955},"point_estimate":6.0852949271153465,"standard_error":5.138060201138598},"slope":{"confidence_interval":{"confidence_level":0.95,"lower_bound":17879.435037645624,"upper_bound":17887.25137053754},"point_estimate":17883.852988838928,"standard_error":2.006213138595192},"std_dev":{"confidence_interval":{"confidence_level":0.95,"lower_bound":3.496858179023566,"upper_bound":64.32709049518799},"point_estimate":41.92041900674319,"standard_error":21.164854383875063}}