{"mean":{"confidence_interval":{"confidence_level":0.95,"lower_bound":16989.789315223716,"upper_bound":17026.944261677538},"point_estimate":17006.85270645465,"standard_error":9.523486251322563},"median":{"confidence_interval":{"confidence_level":0.95,"lower_bound":16983.775505239522,"upper_bound":17022.509221141052},"point_estimate":17003.2007648765,"standard_error":8.442486981381021},"median_abs_dev":{"confidence_interval":{"confidence_level":0.95,"lower_bound":5.672153272548875,"upper_bound":49.335983274560604},"point_estimate":18.058778501437367,"standard_error":12.008287835735539},"slope":{"confidence_interval":{"confidence_level":0.95,"lower_bound":16996.674294920613,"upper_bound":17027.689306925746},"point_estimate":17009.205296387743,"standard_error":7.981824433206767},"std_dev":{"confidence_interval":{"confidence_level":0.95,"lower_bound":13.30813566351319,"upper_bound":43.41237336826509},"point_estimate":31.658607707311,"standard_error":8.350293353519264}}