{"mean":{"confidence_interval":{"confidence_level":0.95,"lower_bound":44829225.473249994,"upper_bound":45572089.149125},"point_estimate":45149647.925,"standard_error":192351.59686404842},"median":{"confidence_interval":{"confidence_level":0.95,"lower_bound":44696750.0,"upper_bound":44813960.0},"point_estimate":44750205.0,"standard_error":32629.994639514312},"median_abs_dev":{"confidence_interval":{"confidence_level":0.95,"lower_bound":155432.8160405159,"upper_bound":274094.22459885443},"point_estimate":201904.17091548443,"standard_error":31268.226678394567},"slope":null,"std_dev":{"confidence_interval":{"confidence_level":0.95,"lower_bound":534888.377353838,"upper_bound":2944571.540676968},"point_estimate":1942587.6851201484,"standard_error":624608.9784817129}}