{"mean":{"confidence_interval":{"confidence_level":0.95,"lower_bound":450771.3361663478,"upper_bound":453138.84375674336},"point_estimate":451950.5327274659,"standard_error":604.0536836290449},"median":{"confidence_interval":{"confidence_level":0.95,"lower_bound":449552.141025641,"upper_bound":455076.5350877193},"point_estimate":453291.01627824863,"standard_error":2074.0625912881874},"median_abs_dev":{"confidence_interval":{"confidence_level":0.95,"lower_bound":6323.878849108794,"upper_bound":9300.783453299116},"point_estimate":7073.108381437432,"standard_error":727.257171308651},"slope":{"confidence_interval":{"confidence_level":0.95,"lower_bound":453051.89156460454,"upper_bound":455978.6377025723},"point_estimate":454571.5989123689,"standard_error":746.3555742035604},"std_dev":{"confidence_interval":{"confidence_level":0.95,"lower_bound":5563.997465179609,"upper_bound":6478.693420015145},"point_estimate":6066.643838781321,"standard_error":232.99386682259166}}