{"mean":{"confidence_interval":{"confidence_level":0.95,"lower_bound":31905641.6855,"upper_bound":32187084.02225},"point_estimate":32047148.94,"standard_error":71947.55033955717},"median":{"confidence_interval":{"confidence_level":0.95,"lower_bound":31875099.5,"upper_bound":32235700.0},"point_estimate":31986013.0,"standard_error":99296.70672665167},"median_abs_dev":{"confidence_interval":{"confidence_level":0.95,"lower_bound":543630.8627486229,"upper_bound":887473.2247442007},"point_estimate":691775.2173185349,"standard_error":86310.2473566841},"slope":null,"std_dev":{"confidence_interval":{"confidence_level":0.95,"lower_bound":623640.8883649424,"upper_bound":810000.046734164},"point_estimate":721740.041688167,"standard_error":47579.324326968024}}