{"mean":{"confidence_interval":{"confidence_level":0.95,"lower_bound":24394868.975,"upper_bound":24814506.756500002},"point_estimate":24586787.01,"standard_error":107258.50539330996},"median":{"confidence_interval":{"confidence_level":0.95,"lower_bound":24397102.0,"upper_bound":24657250.0},"point_estimate":24526090.5,"standard_error":72190.44038773848},"median_abs_dev":{"confidence_interval":{"confidence_level":0.95,"lower_bound":426907.9907208681,"upper_bound":735692.2562963516},"point_estimate":568170.116212964,"standard_error":79402.80564319629},"slope":null,"std_dev":{"confidence_interval":{"confidence_level":0.95,"lower_bound":597047.9024188111,"upper_bound":1524949.6872884657},"point_estimate":1078142.9561918357,"standard_error":243986.48582159614}}