{"mean":{"confidence_interval":{"confidence_level":0.95,"lower_bound":34368516.752500005,"upper_bound":35579907.178500004},"point_estimate":34957689.13,"standard_error":308893.54301248357},"median":{"confidence_interval":{"confidence_level":0.95,"lower_bound":33223900.0,"upper_bound":35309441.0},"point_estimate":33784376.0,"standard_error":521465.5086973745},"median_abs_dev":{"confidence_interval":{"confidence_level":0.95,"lower_bound":1847470.792400837,"upper_bound":3606829.1857659817},"point_estimate":2696449.05012846,"standard_error":468503.86682945956},"slope":null,"std_dev":{"confidence_interval":{"confidence_level":0.95,"lower_bound":2590496.1664836253,"upper_bound":3591311.9400219987},"point_estimate":3108693.5524250967,"standard_error":256760.3026486752}}