{"mean":{"confidence_interval":{"confidence_level":0.95,"lower_bound":-0.011689997893683655,"upper_bound":-0.009401785576771411},"point_estimate":-0.010562823643581742,"standard_error":0.0005866534214820833},"median":{"confidence_interval":{"confidence_level":0.95,"lower_bound":-0.012214214481393815,"upper_bound":-0.00835781860723317},"point_estimate":-0.011049367967103207,"standard_error":0.0009587880822741263}}