{"mean":{"confidence_interval":{"confidence_level":0.95,"lower_bound":0.24070257152238242,"upper_bound":0.25762838568191265},"point_estimate":0.24730988848955282,"standard_error":0.004475282536186322},"median":{"confidence_interval":{"confidence_level":0.95,"lower_bound":0.24005700593476131,"upper_bound":0.2500328354326382},"point_estimate":0.24339807800637847,"standard_error":0.0020946616029230425}}