{"mean":{"confidence_interval":{"confidence_level":0.95,"lower_bound":-0.07526248759916843,"upper_bound":-0.07343416725892402},"point_estimate":-0.07439988081289206,"standard_error":0.00046745974208178956},"median":{"confidence_interval":{"confidence_level":0.95,"lower_bound":-0.07560652251123512,"upper_bound":-0.07345432011399877},"point_estimate":-0.07492408660118355,"standard_error":0.0005678694008167348}}