{"mean":{"confidence_interval":{"confidence_level":0.95,"lower_bound":0.22047138732237762,"upper_bound":0.22473327025502504},"point_estimate":0.22260228390339898,"standard_error":0.0010882348086973686},"median":{"confidence_interval":{"confidence_level":0.95,"lower_bound":0.22047072093308273,"upper_bound":0.22521441285996313},"point_estimate":0.22227313028778473,"standard_error":0.001335106149128165}}