{"mean":{"confidence_interval":{"confidence_level":0.95,"lower_bound":0.18003321979599646,"upper_bound":0.1904078366777558},"point_estimate":0.18393181775819167,"standard_error":0.002921963326730662},"median":{"confidence_interval":{"confidence_level":0.95,"lower_bound":0.17918212170184322,"upper_bound":0.18388328002655707},"point_estimate":0.1804401845663175,"standard_error":0.0011537226023998646}}