{"mean":{"confidence_interval":{"confidence_level":0.95,"lower_bound":0.0157570822848129,"upper_bound":0.018090260550773878},"point_estimate":0.01687933235670447,"standard_error":0.0006020882651490979},"median":{"confidence_interval":{"confidence_level":0.95,"lower_bound":0.015393897470185491,"upper_bound":0.018449814927032904},"point_estimate":0.01692007978233878,"standard_error":0.0007668747826353028}}