{"mean":{"confidence_interval":{"confidence_level":0.95,"lower_bound":-0.03469534161126096,"upper_bound":-0.02154649042313694},"point_estimate":-0.029315053524031298,"standard_error":0.0033055760925542617},"median":{"confidence_interval":{"confidence_level":0.95,"lower_bound":-0.03681027090187883,"upper_bound":-0.018268524611031678},"point_estimate":-0.0343564139530147,"standard_error":0.004241392610706517}}