{"mean":{"confidence_interval":{"confidence_level":0.95,"lower_bound":-0.05371135110770429,"upper_bound":-0.037163577786824484},"point_estimate":-0.04499009228920048,"standard_error":0.004251523457049086},"median":{"confidence_interval":{"confidence_level":0.95,"lower_bound":-0.05684008057483425,"upper_bound":-0.03806842212512207},"point_estimate":-0.04682486348092885,"standard_error":0.004730964334215014}}