{"mean":{"confidence_interval":{"confidence_level":0.95,"lower_bound":-0.059614356731496086,"upper_bound":-0.034007341792309284},"point_estimate":-0.04718047302565387,"standard_error":0.0065411015222816135},"median":{"confidence_interval":{"confidence_level":0.95,"lower_bound":-0.06474520840348896,"upper_bound":-0.02318872021529124},"point_estimate":-0.04286461916995321,"standard_error":0.01042561787448406}}