{"mean":{"confidence_interval":{"confidence_level":0.95,"lower_bound":-0.08415450401599331,"upper_bound":-0.06005939708925631},"point_estimate":-0.07238940526894866,"standard_error":0.006156337290891977},"median":{"confidence_interval":{"confidence_level":0.95,"lower_bound":-0.0930849794516243,"upper_bound":-0.041184173804890443},"point_estimate":-0.07247282836098123,"standard_error":0.012827934926443489}}