{"mean":{"confidence_interval":{"confidence_level":0.95,"lower_bound":-0.20598344735401258,"upper_bound":-0.18278135777165738},"point_estimate":-0.19451186005752574,"standard_error":0.00591688833931516},"median":{"confidence_interval":{"confidence_level":0.95,"lower_bound":-0.2085790526426995,"upper_bound":-0.179851345596317},"point_estimate":-0.1939722440018803,"standard_error":0.008494754441398385}}