{"mean":{"confidence_interval":{"confidence_level":0.95,"lower_bound":-0.0708997640938923,"upper_bound":-0.04021413813473055},"point_estimate":-0.05730832476862868,"standard_error":0.007805674858801092},"median":{"confidence_interval":{"confidence_level":0.95,"lower_bound":-0.08135862277867267,"upper_bound":-0.04800865874686333},"point_estimate":-0.06099574738668834,"standard_error":0.009507515968271697}}