{"mean":{"confidence_interval":{"confidence_level":0.95,"lower_bound":107681864.19,"upper_bound":122458956.9475},"point_estimate":114384627.4,"standard_error":3806042.865634686},"median":{"confidence_interval":{"confidence_level":0.95,"lower_bound":105167603.0,"upper_bound":123790247.5},"point_estimate":109556599.0,"standard_error":4242657.774844725},"median_abs_dev":{"confidence_interval":{"confidence_level":0.95,"lower_bound":1588406.4621001482,"upper_bound":19459970.477816463},"point_estimate":7320443.375936151,"standard_error":4454816.789900741},"slope":null,"std_dev":{"confidence_interval":{"confidence_level":0.95,"lower_bound":4155378.9356026514,"upper_bound":16381412.650056874},"point_estimate":12674144.41323688,"standard_error":3220621.1091626915}}