{"mean":{"confidence_interval":{"confidence_level":0.95,"lower_bound":110969637.96,"upper_bound":125776448.4},"point_estimate":118486761.2,"standard_error":3788364.3254008824},"median":{"confidence_interval":{"confidence_level":0.95,"lower_bound":103723032.0,"upper_bound":128627863.0},"point_estimate":120088218.5,"standard_error":5456357.572640008},"median_abs_dev":{"confidence_interval":{"confidence_level":0.95,"lower_bound":807549.2253631353,"upper_bound":22990149.986243248},"point_estimate":17413436.917349696,"standard_error":6698601.725290351},"slope":null,"std_dev":{"confidence_interval":{"confidence_level":0.95,"lower_bound":7409400.062134988,"upper_bound":15135274.500825541},"point_estimate":12582584.109664991,"standard_error":1946672.9210805777}}