{"mean":{"confidence_interval":{"confidence_level":0.95,"lower_bound":122086062.6,"upper_bound":134023820.7},"point_estimate":128513834.4,"standard_error":3059716.301548531},"median":{"confidence_interval":{"confidence_level":0.95,"lower_bound":122731785.5,"upper_bound":136152665.0},"point_estimate":130230782.0,"standard_error":3266344.0619592606},"median_abs_dev":{"confidence_interval":{"confidence_level":0.95,"lower_bound":2048483.9207321405,"upper_bound":15991510.123693943},"point_estimate":7956475.799444318,"standard_error":3612371.9085989096},"slope":null,"std_dev":{"confidence_interval":{"confidence_level":0.95,"lower_bound":4184068.206300951,"upper_bound":13674618.717616333},"point_estimate":10184263.611051122,"standard_error":2545882.673344983}}