{"mean":{"confidence_interval":{"confidence_level":0.95,"lower_bound":129098362.89999999,"upper_bound":153804748.61499995},"point_estimate":140692746.1,"standard_error":6339011.135192977},"median":{"confidence_interval":{"confidence_level":0.95,"lower_bound":121738267.0,"upper_bound":154689208.0},"point_estimate":140026961.5,"standard_error":8221455.840631214},"median_abs_dev":{"confidence_interval":{"confidence_level":0.95,"lower_bound":2480701.1019587517,"upper_bound":36174450.463575125},"point_estimate":22106257.24043548,"standard_error":7848024.866392711},"slope":null,"std_dev":{"confidence_interval":{"confidence_level":0.95,"lower_bound":10810264.554037498,"upper_bound":28281709.32594428},"point_estimate":21191448.02996512,"standard_error":4857433.804626775}}