{"mean":{"confidence_interval":{"confidence_level":0.95,"lower_bound":118720839.2,"upper_bound":136009336.5},"point_estimate":127560008.3,"standard_error":4431541.325739122},"median":{"confidence_interval":{"confidence_level":0.95,"lower_bound":114974922.0,"upper_bound":140043709.5},"point_estimate":131086277.0,"standard_error":7161609.361306365},"median_abs_dev":{"confidence_interval":{"confidence_level":0.95,"lower_bound":4006671.5726673603,"upper_bound":24346602.941161394},"point_estimate":20268292.137765884,"standard_error":5498267.696712919},"slope":null,"std_dev":{"confidence_interval":{"confidence_level":0.95,"lower_bound":9005392.336679209,"upper_bound":18021841.084010176},"point_estimate":14786239.16418838,"standard_error":2319013.8297708184}}