{"mean":{"confidence_interval":{"confidence_level":0.95,"lower_bound":109535845.38,"upper_bound":123334909.9},"point_estimate":116484452.2,"standard_error":3518509.033083567},"median":{"confidence_interval":{"confidence_level":0.95,"lower_bound":106755709.0,"upper_bound":127166527.0},"point_estimate":116766946.5,"standard_error":5940525.230391367},"median_abs_dev":{"confidence_interval":{"confidence_level":0.95,"lower_bound":2410121.9302117825,"upper_bound":19332237.81838417},"point_estimate":14522166.076380014,"standard_error":4258146.591300844},"slope":null,"std_dev":{"confidence_interval":{"confidence_level":0.95,"lower_bound":7386386.445826102,"upper_bound":14376341.56662943},"point_estimate":11794179.665355297,"standard_error":1799355.693486951}}