{"mean":{"confidence_interval":{"confidence_level":0.95,"lower_bound":113580283.3,"upper_bound":133572799.6},"point_estimate":123475157.6,"standard_error":5111680.817258913},"median":{"confidence_interval":{"confidence_level":0.95,"lower_bound":107985830.5,"upper_bound":143877317.0},"point_estimate":121942808.5,"standard_error":8359544.256804665},"median_abs_dev":{"confidence_interval":{"confidence_level":0.95,"lower_bound":1632374.4469195604,"upper_bound":29658610.38685441},"point_estimate":22324989.662352204,"standard_error":7279079.442158902},"slope":null,"std_dev":{"confidence_interval":{"confidence_level":0.95,"lower_bound":10115236.318133892,"upper_bound":20135325.529226694},"point_estimate":16955622.24644409,"standard_error":2493585.740986927}}