{"mean":{"confidence_interval":{"confidence_level":0.95,"lower_bound":30836779.839250002,"upper_bound":31071392.33625},"point_estimate":30953332.09,"standard_error":59907.52684938535},"median":{"confidence_interval":{"confidence_level":0.95,"lower_bound":30835038.0,"upper_bound":31124756.5},"point_estimate":31023192.0,"standard_error":62088.89316391716},"median_abs_dev":{"confidence_interval":{"confidence_level":0.95,"lower_bound":415123.54483008385,"upper_bound":678879.5627474785},"point_estimate":516374.0035325289,"standard_error":65977.03348377324},"slope":null,"std_dev":{"confidence_interval":{"confidence_level":0.95,"lower_bound":509518.72730903054,"upper_bound":683943.5392848395},"point_estimate":601460.070871718,"standard_error":44525.89173458917}}