{"mean":{"confidence_interval":{"confidence_level":0.95,"lower_bound":60848277.018249996,"upper_bound":61650766.026},"point_estimate":61246166.11,"standard_error":204818.89592001072},"median":{"confidence_interval":{"confidence_level":0.95,"lower_bound":60741786.0,"upper_bound":61499195.0},"point_estimate":61105151.5,"standard_error":215306.68880301333},"median_abs_dev":{"confidence_interval":{"confidence_level":0.95,"lower_bound":1346628.506192565,"upper_bound":2355143.416687846},"point_estimate":1897707.951208949,"standard_error":250485.79793977062},"slope":null,"std_dev":{"confidence_interval":{"confidence_level":0.95,"lower_bound":1741085.482554103,"upper_bound":2356299.7149831336},"point_estimate":2060362.1278810734,"standard_error":157278.73150098615}}