{"mean":{"confidence_interval":{"confidence_level":0.95,"lower_bound":55825466.463,"upper_bound":56370351.571},"point_estimate":56099687.91,"standard_error":138612.30866701982},"median":{"confidence_interval":{"confidence_level":0.95,"lower_bound":55799498.0,"upper_bound":56577092.0},"point_estimate":56077945.0,"standard_error":238977.64342643143},"median_abs_dev":{"confidence_interval":{"confidence_level":0.95,"lower_bound":1253588.686144352,"upper_bound":1975997.7177040272},"point_estimate":1724833.0877780914,"standard_error":180403.0275654621},"slope":null,"std_dev":{"confidence_interval":{"confidence_level":0.95,"lower_bound":1230275.795338639,"upper_bound":1524564.3283597168},"point_estimate":1387832.8778019575,"standard_error":75313.4574234203}}