{"mean":{"confidence_interval":{"confidence_level":0.95,"lower_bound":-0.06768667352706549,"upper_bound":-0.044629888966517525},"point_estimate":-0.05686028919908481,"standard_error":0.005886267646351535},"median":{"confidence_interval":{"confidence_level":0.95,"lower_bound":-0.0692852113934348,"upper_bound":-0.04331749832444676},"point_estimate":-0.05997460131112353,"standard_error":0.006477235253511383}}