{"mean":{"confidence_interval":{"confidence_level":0.95,"lower_bound":-0.14453199851379192,"upper_bound":-0.11853849395859815},"point_estimate":-0.1324807004053945,"standard_error":0.006647401300994438},"median":{"confidence_interval":{"confidence_level":0.95,"lower_bound":-0.1449494870850222,"upper_bound":-0.12706975058612302},"point_estimate":-0.13844976685266153,"standard_error":0.00487607208557258}}