{"mean":{"confidence_interval":{"confidence_level":0.95,"lower_bound":0.04995432551235208,"upper_bound":0.05346237381414351},"point_estimate":0.05150709862214553,"standard_error":0.0009195735969467673},"median":{"confidence_interval":{"confidence_level":0.95,"lower_bound":0.04982977559612123,"upper_bound":0.05118786394851549},"point_estimate":0.0505401550633191,"standard_error":0.0004853421931731486}}