{"mean":{"confidence_interval":{"confidence_level":0.95,"lower_bound":-0.09155326965843481,"upper_bound":-0.08817281403354109},"point_estimate":-0.09012407937526679,"standard_error":0.0008683929945542309},"median":{"confidence_interval":{"confidence_level":0.95,"lower_bound":-0.09163566397423406,"upper_bound":-0.08993892888732635},"point_estimate":-0.09078769704259382,"standard_error":0.0004454594361410056}}