{"mean":{"confidence_interval":{"confidence_level":0.95,"lower_bound":0.019200908330488205,"upper_bound":0.028202627403255614},"point_estimate":0.022929019419810848,"standard_error":0.0023602159896734588},"median":{"confidence_interval":{"confidence_level":0.95,"lower_bound":0.02060399756098219,"upper_bound":0.02225298485879046},"point_estimate":0.02145939250565676,"standard_error":0.000738639790255949}}