{"mean":{"confidence_interval":{"confidence_level":0.95,"lower_bound":-0.04781904999848923,"upper_bound":-0.044632434514531506},"point_estimate":-0.045995359509653055,"standard_error":0.0008320587264495572},"median":{"confidence_interval":{"confidence_level":0.95,"lower_bound":-0.04624309659867942,"upper_bound":-0.04439640479382634},"point_estimate":-0.04523035126987973,"standard_error":0.0004855630427621917}}