{"mean":{"confidence_interval":{"confidence_level":0.95,"lower_bound":-0.13807255154114376,"upper_bound":-0.13078090606035073},"point_estimate":-0.13509337776138763,"standard_error":0.0019507065662685951},"median":{"confidence_interval":{"confidence_level":0.95,"lower_bound":-0.1384762358792101,"upper_bound":-0.13442201218817618},"point_estimate":-0.13674492361322244,"standard_error":0.0010182868387676148}}