{"mean":{"confidence_interval":{"confidence_level":0.95,"lower_bound":-0.28495848957126085,"upper_bound":-0.26754070274066855},"point_estimate":-0.27579745893881413,"standard_error":0.004458287019101763},"median":{"confidence_interval":{"confidence_level":0.95,"lower_bound":-0.2877715450908539,"upper_bound":-0.26479605088199776},"point_estimate":-0.27519724365341225,"standard_error":0.005844656680717186}}