{"mean":{"confidence_interval":{"confidence_level":0.95,"lower_bound":-0.08907587510147517,"upper_bound":-0.07270942846441358},"point_estimate":-0.08093655261828625,"standard_error":0.004182205971604326},"median":{"confidence_interval":{"confidence_level":0.95,"lower_bound":-0.0960015541403616,"upper_bound":-0.06935339631679349},"point_estimate":-0.08304292642747768,"standard_error":0.006232827238075852}}