{"mean":{"confidence_interval":{"confidence_level":0.95,"lower_bound":-0.2020479848097887,"upper_bound":-0.19244397843955824},"point_estimate":-0.19723513534083814,"standard_error":0.002433824724264396},"median":{"confidence_interval":{"confidence_level":0.95,"lower_bound":-0.2042003950556769,"upper_bound":-0.1911496841417223},"point_estimate":-0.20216371376468467,"standard_error":0.003537831290952238}}