{"mean":{"confidence_interval":{"confidence_level":0.95,"lower_bound":-0.149905627095968,"upper_bound":-0.12161604943242747},"point_estimate":-0.13602741780348082,"standard_error":0.007232900897420124},"median":{"confidence_interval":{"confidence_level":0.95,"lower_bound":-0.1540295994044093,"upper_bound":-0.12024976285154587},"point_estimate":-0.13428650867051306,"standard_error":0.009169646221681864}}