{"mean":{"confidence_interval":{"confidence_level":0.95,"lower_bound":-0.2726077138907392,"upper_bound":-0.26081398496528924},"point_estimate":-0.2669026482155584,"standard_error":0.002996928674138084},"median":{"confidence_interval":{"confidence_level":0.95,"lower_bound":-0.272851726779308,"upper_bound":-0.25645206496325146},"point_estimate":-0.26574905048858244,"standard_error":0.003915377976328238}}