{"mean":{"confidence_interval":{"confidence_level":0.95,"lower_bound":-0.22003130801186702,"upper_bound":-0.20646970519554647},"point_estimate":-0.21326967224979643,"standard_error":0.003544788129870053},"median":{"confidence_interval":{"confidence_level":0.95,"lower_bound":-0.22290645116284247,"upper_bound":-0.20765876276202466},"point_estimate":-0.21704453171722815,"standard_error":0.003865488711003007}}