{"mean":{"confidence_interval":{"confidence_level":0.95,"lower_bound":0.3207233345138671,"upper_bound":0.3804525348543534},"point_estimate":0.3506931578092274,"standard_error":0.015347129735886665},"median":{"confidence_interval":{"confidence_level":0.95,"lower_bound":0.3102330597153726,"upper_bound":0.4054365544342535},"point_estimate":0.33519399478260636,"standard_error":0.027976404432949697}}