{"mean":{"confidence_interval":{"confidence_level":0.95,"lower_bound":-0.14934179037805909,"upper_bound":-0.11119255665994729},"point_estimate":-0.13246729832847826,"standard_error":0.00980714544376538},"median":{"confidence_interval":{"confidence_level":0.95,"lower_bound":-0.15319542111738516,"upper_bound":-0.12115700031884302},"point_estimate":-0.1417063641906926,"standard_error":0.009308231514347407}}