{"mean":{"confidence_interval":{"confidence_level":0.95,"lower_bound":-0.09437080890244134,"upper_bound":-0.07489531788941495},"point_estimate":-0.08464068171301475,"standard_error":0.004988481274734292},"median":{"confidence_interval":{"confidence_level":0.95,"lower_bound":-0.09760329230571307,"upper_bound":-0.07350495468017915},"point_estimate":-0.0818450165243817,"standard_error":0.0059710261260018}}