{"mean":{"confidence_interval":{"confidence_level":0.95,"lower_bound":-0.04668264659240961,"upper_bound":-0.02673007928964856},"point_estimate":-0.03672106137017672,"standard_error":0.00509260466625959},"median":{"confidence_interval":{"confidence_level":0.95,"lower_bound":-0.049230159718657185,"upper_bound":-0.024936188202739573},"point_estimate":-0.034011856410636754,"standard_error":0.006003098397141448}}