{"mean":{"confidence_interval":{"confidence_level":0.95,"lower_bound":2863258666.6,"upper_bound":2888724220.91},"point_estimate":2874918736.5,"standard_error":6536612.082191671},"median":{"confidence_interval":{"confidence_level":0.95,"lower_bound":2857977555.0,"upper_bound":2887291398.0},"point_estimate":2871272906.0,"standard_error":6786966.149206851},"median_abs_dev":{"confidence_interval":{"confidence_level":0.95,"lower_bound":3049898.659953475,"upper_bound":33145772.25704491},"point_estimate":21730351.430109143,"standard_error":7790726.728658219},"slope":null,"std_dev":{"confidence_interval":{"confidence_level":0.95,"lower_bound":9533449.83309566,"upper_bound":30009095.25133265},"point_estimate":21821788.671549235,"standard_error":5848912.720364016}}