{"mean":{"confidence_interval":{"confidence_level":0.95,"lower_bound":2638103011.0125,"upper_bound":2663767768.5950003},"point_estimate":2650891881.6,"standard_error":6551331.098895174},"median":{"confidence_interval":{"confidence_level":0.95,"lower_bound":2631995135.0,"upper_bound":2667467726.0},"point_estimate":2649718074.5,"standard_error":9582548.421044145},"median_abs_dev":{"confidence_interval":{"confidence_level":0.95,"lower_bound":5813926.8407821655,"upper_bound":36312329.295927286},"point_estimate":25977863.955500722,"standard_error":7787424.135007069},"slope":null,"std_dev":{"confidence_interval":{"confidence_level":0.95,"lower_bound":12627248.50797188,"upper_bound":27709434.815408282},"point_estimate":21845087.304338824,"standard_error":3905023.219581597}}