{"mean":{"confidence_interval":{"confidence_level":0.95,"lower_bound":2618335035.6325,"upper_bound":2631457331.1},"point_estimate":2624394968.6,"standard_error":3331250.091262065},"median":{"confidence_interval":{"confidence_level":0.95,"lower_bound":2619068228.5,"upper_bound":2627562002.0},"point_estimate":2623927492.0,"standard_error":2638958.860948803},"median_abs_dev":{"confidence_interval":{"confidence_level":0.95,"lower_bound":788860.3113949299,"upper_bound":15154391.924455762},"point_estimate":5327957.997509837,"standard_error":3538297.063654012},"slope":null,"std_dev":{"confidence_interval":{"confidence_level":0.95,"lower_bound":3370728.4681754354,"upper_bound":16030331.162384434},"point_estimate":11068433.846959,"standard_error":3390834.723479695}}