{"mean":{"confidence_interval":{"confidence_level":0.95,"lower_bound":2483008017.7625,"upper_bound":2514415164.6},"point_estimate":2497604980.1,"standard_error":8042250.377727235},"median":{"confidence_interval":{"confidence_level":0.95,"lower_bound":2482697231.0,"upper_bound":2508499149.5},"point_estimate":2493198920.0,"standard_error":7823756.962930959},"median_abs_dev":{"confidence_interval":{"confidence_level":0.95,"lower_bound":3264692.555040121,"upper_bound":41442761.24024391},"point_estimate":16260272.140422463,"standard_error":9431297.404805278},"slope":null,"std_dev":{"confidence_interval":{"confidence_level":0.95,"lower_bound":10333938.473314757,"upper_bound":37788438.64409655},"point_estimate":26898952.706483454,"standard_error":7453175.495301049}}