{"mean":{"confidence_interval":{"confidence_level":0.95,"lower_bound":-0.023107527360591067,"upper_bound":-0.013711666837713455},"point_estimate":-0.019048859831932052,"standard_error":0.0024108460974071053},"median":{"confidence_interval":{"confidence_level":0.95,"lower_bound":-0.025223671972580575,"upper_bound":-0.0182304731223204},"point_estimate":-0.02096324203861466,"standard_error":0.001970363478128957}}