{"mean":{"confidence_interval":{"confidence_level":0.95,"lower_bound":-0.04556225102259319,"upper_bound":-0.037960017627442263},"point_estimate":-0.041640501827983956,"standard_error":0.0019365378674768695},"median":{"confidence_interval":{"confidence_level":0.95,"lower_bound":-0.050356507747282175,"upper_bound":-0.03932495931925151},"point_estimate":-0.04353128082401925,"standard_error":0.0029100416726843413}}