{"mean":{"confidence_interval":{"confidence_level":0.95,"lower_bound":0.05602153437306572,"upper_bound":0.06905381606688009},"point_estimate":0.06241229629042566,"standard_error":0.0033825809681858375},"median":{"confidence_interval":{"confidence_level":0.95,"lower_bound":0.053731540365747454,"upper_bound":0.06553915663435661},"point_estimate":0.06043221046106262,"standard_error":0.003111549351970343}}