{"mean":{"confidence_interval":{"confidence_level":0.95,"lower_bound":-0.016440856246249788,"upper_bound":-0.007586859065350734},"point_estimate":-0.011929587924679241,"standard_error":0.0022611034022103128},"median":{"confidence_interval":{"confidence_level":0.95,"lower_bound":-0.014978013239021738,"upper_bound":-0.00260145767874298},"point_estimate":-0.009541600869350297,"standard_error":0.0031908347067916244}}