{"mean":{"confidence_interval":{"confidence_level":0.95,"lower_bound":-0.025518395857510385,"upper_bound":-0.018191062531719367},"point_estimate":-0.021823260264553834,"standard_error":0.0018549399054001926},"median":{"confidence_interval":{"confidence_level":0.95,"lower_bound":-0.02476303346097608,"upper_bound":-0.014103357178085751},"point_estimate":-0.019210895965996344,"standard_error":0.002798040099617732}}