{"mean":{"confidence_interval":{"confidence_level":0.95,"lower_bound":-0.029075707281767497,"upper_bound":-0.023548206460467402},"point_estimate":-0.026355269175477702,"standard_error":0.001407573737533958},"median":{"confidence_interval":{"confidence_level":0.95,"lower_bound":-0.031870193994985696,"upper_bound":-0.024183780306749725},"point_estimate":-0.027442744041061506,"standard_error":0.0021055616973820355}}