{"mean":{"confidence_interval":{"confidence_level":0.95,"lower_bound":-0.03555407397426903,"upper_bound":-0.029861482379832983},"point_estimate":-0.032541562434185045,"standard_error":0.0014487255830079864},"median":{"confidence_interval":{"confidence_level":0.95,"lower_bound":-0.033909621821764345,"upper_bound":-0.02837837704864843},"point_estimate":-0.029695518035150914,"standard_error":0.0015484121622170689}}