{"mean":{"confidence_interval":{"confidence_level":0.95,"lower_bound":-0.0046604693226537175,"upper_bound":-0.0007651688291130544},"point_estimate":-0.002757627561967846,"standard_error":0.0009917789053812106},"median":{"confidence_interval":{"confidence_level":0.95,"lower_bound":-0.004597449482801053,"upper_bound":-0.0008666682722924257},"point_estimate":-0.0021416211268565633,"standard_error":0.0009086104088700289}}