{"mean":{"confidence_interval":{"confidence_level":0.95,"lower_bound":0.05463626164171005,"upper_bound":0.08581786854679634},"point_estimate":0.06825038573082942,"standard_error":0.008176511655441353},"median":{"confidence_interval":{"confidence_level":0.95,"lower_bound":0.04982214114317296,"upper_bound":0.07922976886175581},"point_estimate":0.059295927586259456,"standard_error":0.007184059726019317}}