{"mean":{"confidence_interval":{"confidence_level":0.95,"lower_bound":-0.044526023001642843,"upper_bound":-0.029708516006446275},"point_estimate":-0.03618896195783938,"standard_error":0.003818155063885636},"median":{"confidence_interval":{"confidence_level":0.95,"lower_bound":-0.04092419346540799,"upper_bound":-0.027071637784713443},"point_estimate":-0.03199092131536607,"standard_error":0.0036682077596818757}}