{"mean":{"confidence_interval":{"confidence_level":0.95,"lower_bound":-0.050991110013351035,"upper_bound":-0.04188579730746109},"point_estimate":-0.046775434017076734,"standard_error":0.0023368782572956255},"median":{"confidence_interval":{"confidence_level":0.95,"lower_bound":-0.05273555903111049,"upper_bound":-0.04315870778437669},"point_estimate":-0.04960827273204926,"standard_error":0.0021245505935091635}}