{"mean":{"confidence_interval":{"confidence_level":0.95,"lower_bound":0.030250262510671713,"upper_bound":0.03919853801297708},"point_estimate":0.03470428177422935,"standard_error":0.002286353447994235},"median":{"confidence_interval":{"confidence_level":0.95,"lower_bound":0.028822273675570553,"upper_bound":0.03899687406504415},"point_estimate":0.0352197610987488,"standard_error":0.0026189148526739293}}