{"mean":{"confidence_interval":{"confidence_level":0.95,"lower_bound":7419519.458035715,"upper_bound":7662514.540107138},"point_estimate":7535547.3471428575,"standard_error":62321.61855336946},"median":{"confidence_interval":{"confidence_level":0.95,"lower_bound":7218006.285714285,"upper_bound":7449226.428571429},"point_estimate":7333799.0,"standard_error":56880.92632682607},"median_abs_dev":{"confidence_interval":{"confidence_level":0.95,"lower_bound":274140.8894330263,"upper_bound":551167.55381482},"point_estimate":407375.2655676435,"standard_error":71717.7255629223},"slope":null,"std_dev":{"confidence_interval":{"confidence_level":0.95,"lower_bound":473182.6144215391,"upper_bound":752067.7183477475},"point_estimate":624872.532980608,"standard_error":71269.07183331241}}