{"mean":{"confidence_interval":{"confidence_level":0.95,"lower_bound":7016093.424312499,"upper_bound":7026594.2484375},"point_estimate":7020540.91625,"standard_error":2712.489260869637},"median":{"confidence_interval":{"confidence_level":0.95,"lower_bound":7013228.75,"upper_bound":7018122.875},"point_estimate":7014337.6875,"standard_error":1431.1663640553463},"median_abs_dev":{"confidence_interval":{"confidence_level":0.95,"lower_bound":8158.242644537244,"upper_bound":14905.596822872758},"point_estimate":10961.973555386066,"standard_error":1626.3215668458618},"slope":null,"std_dev":{"confidence_interval":{"confidence_level":0.95,"lower_bound":12170.728632048871,"upper_bound":42307.97777227785},"point_estimate":27157.09696432969,"standard_error":9409.812665202626}}