{"mean":{"confidence_interval":{"confidence_level":0.95,"lower_bound":6957587.0585625,"upper_bound":6964521.28940625},"point_estimate":6960938.995,"standard_error":1774.3279454588403},"median":{"confidence_interval":{"confidence_level":0.95,"lower_bound":6954368.375,"upper_bound":6960233.125},"point_estimate":6956683.75,"standard_error":1416.0443813701245},"median_abs_dev":{"confidence_interval":{"confidence_level":0.95,"lower_bound":9056.739926710725,"upper_bound":15540.798249095678},"point_estimate":11844.583852216601,"standard_error":1662.8769663079781},"slope":null,"std_dev":{"confidence_interval":{"confidence_level":0.95,"lower_bound":14234.797723973192,"upper_bound":21017.54581489716},"point_estimate":17805.841774288852,"standard_error":1733.7037233974388}}