{"mean":{"confidence_interval":{"confidence_level":0.95,"lower_bound":7196020.334821429,"upper_bound":7366217.576392862},"point_estimate":7273272.1742857145,"standard_error":43581.26550747037},"median":{"confidence_interval":{"confidence_level":0.95,"lower_bound":7171366.785714285,"upper_bound":7224733.571428572},"point_estimate":7205568.785714285,"standard_error":16632.497559384792},"median_abs_dev":{"confidence_interval":{"confidence_level":0.95,"lower_bound":199342.97946095467,"upper_bound":327998.49648436235},"point_estimate":275338.93611175666,"standard_error":33087.179305355145},"slope":null,"std_dev":{"confidence_interval":{"confidence_level":0.95,"lower_bound":240904.60289731462,"upper_bound":621242.5996460901},"point_estimate":437632.3313150226,"standard_error":100212.9704868633}}