{"mean":{"confidence_interval":{"confidence_level":0.95,"lower_bound":7669373.928428568,"upper_bound":7871689.493178572},"point_estimate":7767277.428571425,"standard_error":51501.500530969286},"median":{"confidence_interval":{"confidence_level":0.95,"lower_bound":7552082.571428572,"upper_bound":7695186.785714285},"point_estimate":7632084.357142856,"standard_error":40531.324420102275},"median_abs_dev":{"confidence_interval":{"confidence_level":0.95,"lower_bound":318494.0325456009,"upper_bound":531894.7019619809},"point_estimate":455116.99682005786,"standard_error":54828.77397858319},"slope":null,"std_dev":{"confidence_interval":{"confidence_level":0.95,"lower_bound":412561.5383012214,"upper_bound":615348.9814164407},"point_estimate":517086.1432004193,"standard_error":52129.26727831054}}