{"mean":{"confidence_interval":{"confidence_level":0.95,"lower_bound":7252636.518035719,"upper_bound":7272780.960964283},"point_estimate":7262022.377142855,"standard_error":5158.359950554223},"median":{"confidence_interval":{"confidence_level":0.95,"lower_bound":7242830.285714285,"upper_bound":7254002.571428572},"point_estimate":7247459.571428571,"standard_error":2581.854254764301},"median_abs_dev":{"confidence_interval":{"confidence_level":0.95,"lower_bound":17527.296888828278,"upper_bound":30914.00975116632},"point_estimate":24459.93436574936,"standard_error":3602.170296096472},"slope":null,"std_dev":{"confidence_interval":{"confidence_level":0.95,"lower_bound":32603.408756815174,"upper_bound":67883.28236604763},"point_estimate":51921.21118501361,"standard_error":8928.911234732257}}