{"mean":{"confidence_interval":{"confidence_level":0.95,"lower_bound":20767602.63716667,"upper_bound":20836483.273666665},"point_estimate":20800695.156666674,"standard_error":17592.09883476725},"median":{"confidence_interval":{"confidence_level":0.95,"lower_bound":20748740.333333332,"upper_bound":20794105.0},"point_estimate":20769238.666666668,"standard_error":10362.138096434108},"median_abs_dev":{"confidence_interval":{"confidence_level":0.95,"lower_bound":94445.07772326838,"upper_bound":179807.25380778406},"point_estimate":130970.41067481133,"standard_error":21303.353743979165},"slope":null,"std_dev":{"confidence_interval":{"confidence_level":0.95,"lower_bound":133074.8028008445,"upper_bound":217974.6519057137},"point_estimate":177227.19546344873,"standard_error":21756.275833460957}}