{"mean":{"confidence_interval":{"confidence_level":0.95,"lower_bound":17221388.21216666,"upper_bound":17298863.757083323},"point_estimate":17261109.15,"standard_error":19909.922095133115},"median":{"confidence_interval":{"confidence_level":0.95,"lower_bound":17238940.0,"upper_bound":17321200.77916666},"point_estimate":17285096.5,"standard_error":18013.191381978435},"median_abs_dev":{"confidence_interval":{"confidence_level":0.95,"lower_bound":121050.08715093044,"upper_bound":196617.96070933342},"point_estimate":159619.92546618168,"standard_error":18622.66282162653},"slope":null,"std_dev":{"confidence_interval":{"confidence_level":0.95,"lower_bound":156794.5055677003,"upper_bound":241016.25720357578},"point_estimate":200117.03555099457,"standard_error":21588.977001408464}}