{"mean":{"confidence_interval":{"confidence_level":0.95,"lower_bound":20442256.597833328,"upper_bound":20471694.54741666},"point_estimate":20456189.796666667,"standard_error":7484.342167422155},"median":{"confidence_interval":{"confidence_level":0.95,"lower_bound":20435204.166666664,"upper_bound":20463134.666666668},"point_estimate":20453874.166666664,"standard_error":6906.3050554382535},"median_abs_dev":{"confidence_interval":{"confidence_level":0.95,"lower_bound":41229.12846803849,"upper_bound":67099.33046125223},"point_estimate":53666.906747220106,"standard_error":6488.509509116127},"slope":null,"std_dev":{"confidence_interval":{"confidence_level":0.95,"lower_bound":52439.98877425749,"upper_bound":97663.42563998887},"point_estimate":75428.98175802546,"standard_error":11708.28319651927}}