{"mean":{"confidence_interval":{"confidence_level":0.95,"lower_bound":16370839.7225,"upper_bound":16399935.38175},"point_estimate":16385145.5325,"standard_error":7465.4307132500235},"median":{"confidence_interval":{"confidence_level":0.95,"lower_bound":16364853.875,"upper_bound":16404905.5},"point_estimate":16380484.625,"standard_error":12661.049608264668},"median_abs_dev":{"confidence_interval":{"confidence_level":0.95,"lower_bound":59816.79321303964,"upper_bound":90591.67684167624},"point_estimate":78662.30680346489,"standard_error":7618.285921640474},"slope":null,"std_dev":{"confidence_interval":{"confidence_level":0.95,"lower_bound":62599.36151138744,"upper_bound":87746.49161708237},"point_estimate":75193.53939317558,"standard_error":6452.01407028807}}