{"mean":{"confidence_interval":{"confidence_level":0.95,"lower_bound":20479690.06025,"upper_bound":20542145.462333336},"point_estimate":20509659.696666673,"standard_error":15943.573300346041},"median":{"confidence_interval":{"confidence_level":0.95,"lower_bound":20442365.0,"upper_bound":20519327.666666668},"point_estimate":20490135.666666664,"standard_error":20826.05778959846},"median_abs_dev":{"confidence_interval":{"confidence_level":0.95,"lower_bound":93406.516441701,"upper_bound":157541.07320308685},"point_estimate":127141.34914278892,"standard_error":17095.37548673851},"slope":null,"std_dev":{"confidence_interval":{"confidence_level":0.95,"lower_bound":123078.83486111915,"upper_bound":194796.98406900797},"point_estimate":160325.41677700612,"standard_error":18389.695888346483}}