{"mean":{"confidence_interval":{"confidence_level":0.95,"lower_bound":-0.045203702397135406,"upper_bound":-0.03432751812390604},"point_estimate":-0.03877116896416144,"standard_error":0.0028477842187916626},"median":{"confidence_interval":{"confidence_level":0.95,"lower_bound":-0.039995981075745535,"upper_bound":-0.033142144625526004},"point_estimate":-0.0368812323530342,"standard_error":0.001824948705281489}}