{"mean":{"confidence_interval":{"confidence_level":0.95,"lower_bound":-0.025617434260650992,"upper_bound":-0.011327940874989298},"point_estimate":-0.01912960012728948,"standard_error":0.0036529374062136237},"median":{"confidence_interval":{"confidence_level":0.95,"lower_bound":-0.02713986851501904,"upper_bound":-0.013922378067154018},"point_estimate":-0.022490017612147306,"standard_error":0.0034167514419448956}}