{"mean":{"confidence_interval":{"confidence_level":0.95,"lower_bound":-0.08670923879684657,"upper_bound":-0.04996337137893924},"point_estimate":-0.0682679102702698,"standard_error":0.009366096726527683},"median":{"confidence_interval":{"confidence_level":0.95,"lower_bound":-0.08809279510440915,"upper_bound":-0.05169414778008463},"point_estimate":-0.0625162786985517,"standard_error":0.008843366906003935}}