{"mean":{"confidence_interval":{"confidence_level":0.95,"lower_bound":0.03509808564681162,"upper_bound":0.04547486301144842},"point_estimate":0.0407859425840138,"standard_error":0.00266413657298203},"median":{"confidence_interval":{"confidence_level":0.95,"lower_bound":0.035415381030671655,"upper_bound":0.047235808333451645},"point_estimate":0.04430060462465413,"standard_error":0.002913251882525332}}