{"mean":{"confidence_interval":{"confidence_level":0.95,"lower_bound":-0.01023182258773604,"upper_bound":0.0008933717719584287},"point_estimate":-0.004442971253973305,"standard_error":0.0028468356136606694},"median":{"confidence_interval":{"confidence_level":0.95,"lower_bound":-0.010652605832758844,"upper_bound":0.004470526123353524},"point_estimate":-0.0006955513552788783,"standard_error":0.0040280146847706715}}