{"mean":{"confidence_interval":{"confidence_level":0.95,"lower_bound":16578.792082524527,"upper_bound":16605.979922210998},"point_estimate":16592.51169435555,"standard_error":6.95276786735317},"median":{"confidence_interval":{"confidence_level":0.95,"lower_bound":16575.972456849064,"upper_bound":16615.211062145507},"point_estimate":16589.270124862283,"standard_error":11.180528571386029},"median_abs_dev":{"confidence_interval":{"confidence_level":0.95,"lower_bound":4.611511284270456,"upper_bound":41.66933524994102},"point_estimate":26.47195091330578,"standard_error":9.39460490775581},"slope":{"confidence_interval":{"confidence_level":0.95,"lower_bound":16584.458587792997,"upper_bound":16611.396099503258},"point_estimate":16598.862685826844,"standard_error":6.819598928194596},"std_dev":{"confidence_interval":{"confidence_level":0.95,"lower_bound":14.149937046902131,"upper_bound":29.00926279020076},"point_estimate":23.172884724650466,"standard_error":3.9023813865787584}}