{"mean":{"confidence_interval":{"confidence_level":0.95,"lower_bound":17506.32719375531,"upper_bound":17553.687414576343},"point_estimate":17523.596149120473,"standard_error":13.770051541556734},"median":{"confidence_interval":{"confidence_level":0.95,"lower_bound":17502.90421640354,"upper_bound":17517.39036800704},"point_estimate":17509.69025798999,"standard_error":5.292306496967465},"median_abs_dev":{"confidence_interval":{"confidence_level":0.95,"lower_bound":1.8233068139905246,"upper_bound":17.408935941087055},"point_estimate":10.738583993025092,"standard_error":5.2342373290085025},"slope":{"confidence_interval":{"confidence_level":0.95,"lower_bound":17505.631730173613,"upper_bound":17516.864434070867},"point_estimate":17511.515250863882,"standard_error":3.0414087908752556},"std_dev":{"confidence_interval":{"confidence_level":0.95,"lower_bound":4.896162600046711,"upper_bound":70.4911064779288},"point_estimate":45.83946101372913,"standard_error":23.39384205139679}}