{"mean":{"confidence_interval":{"confidence_level":0.95,"lower_bound":-0.6089741659428797,"upper_bound":-0.601470392101575},"point_estimate":-0.6055906238963464,"standard_error":0.0018998603720709066},"median":{"confidence_interval":{"confidence_level":0.95,"lower_bound":-0.6073900856335788,"upper_bound":-0.6054947645576954},"point_estimate":-0.6063970147516429,"standard_error":0.000492057205239756}}