{"mean":{"confidence_interval":{"confidence_level":0.95,"lower_bound":-0.800799348403661,"upper_bound":-0.7994558163823342},"point_estimate":-0.800167470371724,"standard_error":0.0003399498978369367},"median":{"confidence_interval":{"confidence_level":0.95,"lower_bound":-0.8014092917842263,"upper_bound":-0.8000120592680038},"point_estimate":-0.8006893487525979,"standard_error":0.0003539592143017872}}