{"mean":{"confidence_interval":{"confidence_level":0.95,"lower_bound":0.8133284978430804,"upper_bound":0.8898253399774352},"point_estimate":0.850955810130841,"standard_error":0.019814452679292955},"median":{"confidence_interval":{"confidence_level":0.95,"lower_bound":0.7976996902305671,"upper_bound":0.8258606020539883},"point_estimate":0.8111552122399959,"standard_error":0.0075173483697260485}}