{"mean":{"confidence_interval":{"confidence_level":0.95,"lower_bound":-0.09545909049415038,"upper_bound":-0.09278437213969327},"point_estimate":-0.09414296336626382,"standard_error":0.0006833793316412378},"median":{"confidence_interval":{"confidence_level":0.95,"lower_bound":-0.09495692598996286,"upper_bound":-0.09199926153308713},"point_estimate":-0.09356734950110646,"standard_error":0.0008838211608465796}}