{"mean":{"confidence_interval":{"confidence_level":0.95,"lower_bound":0.09461690458364189,"upper_bound":0.10263144088881215},"point_estimate":0.09899294745423504,"standard_error":0.002052007178325611},"median":{"confidence_interval":{"confidence_level":0.95,"lower_bound":0.09646340684652421,"upper_bound":0.10296320097380107},"point_estimate":0.0990406122807399,"standard_error":0.0019056977894113725}}