{"mean":{"confidence_interval":{"confidence_level":0.95,"lower_bound":-0.06812970971797988,"upper_bound":-0.04341266097431868},"point_estimate":-0.055541237042179836,"standard_error":0.006336697600166053},"median":{"confidence_interval":{"confidence_level":0.95,"lower_bound":-0.07698169214072159,"upper_bound":-0.041706191290942995},"point_estimate":-0.052229135510425295,"standard_error":0.01025869914574741}}