{"mean":{"confidence_interval":{"confidence_level":0.95,"lower_bound":0.025648698919159007,"upper_bound":0.051253239832288765},"point_estimate":0.03572660633347735,"standard_error":0.006930470623430878},"median":{"confidence_interval":{"confidence_level":0.95,"lower_bound":0.023773918397177685,"upper_bound":0.03740997733052387},"point_estimate":0.02643099954773187,"standard_error":0.004170921315182439}}