{"mean":{"confidence_interval":{"confidence_level":0.95,"lower_bound":0.010008150466008081,"upper_bound":0.023156166962785055},"point_estimate":0.016213372598663955,"standard_error":0.0033489964779986987},"median":{"confidence_interval":{"confidence_level":0.95,"lower_bound":0.008102982653529489,"upper_bound":0.021679923897305997},"point_estimate":0.015776291945911014,"standard_error":0.00360500083947962}}