{"mean":{"confidence_interval":{"confidence_level":0.95,"lower_bound":-0.13751101457297904,"upper_bound":-0.12888889836896722},"point_estimate":-0.13297604850084332,"standard_error":0.002213352750905831},"median":{"confidence_interval":{"confidence_level":0.95,"lower_bound":-0.1390122383616058,"upper_bound":-0.12773655332894007},"point_estimate":-0.1317011916568277,"standard_error":0.002959095442409999}}