{"mean":{"confidence_interval":{"confidence_level":0.95,"lower_bound":0.025201251469055552,"upper_bound":0.03734382268937004},"point_estimate":0.03146034173938905,"standard_error":0.0030901431093067555},"median":{"confidence_interval":{"confidence_level":0.95,"lower_bound":0.027212898103646552,"upper_bound":0.03883805320452649},"point_estimate":0.031356707365192804,"standard_error":0.0026995310214215423}}