{"mean":{"confidence_interval":{"confidence_level":0.95,"lower_bound":791188.4548616458,"upper_bound":792611.3612505175},"point_estimate":791896.7531035198,"standard_error":365.6874884177124},"median":{"confidence_interval":{"confidence_level":0.95,"lower_bound":790719.6,"upper_bound":793016.178416149},"point_estimate":791967.6565217392,"standard_error":710.2838913514772},"median_abs_dev":{"confidence_interval":{"confidence_level":0.95,"lower_bound":123.1112341621376,"upper_bound":2006.756894981515},"point_estimate":1518.221049568061,"standard_error":463.3731397378902},"slope":{"confidence_interval":{"confidence_level":0.95,"lower_bound":790940.2695985767,"upper_bound":792890.0995050167},"point_estimate":791790.7803049125,"standard_error":503.5342474731448},"std_dev":{"confidence_interval":{"confidence_level":0.95,"lower_bound":818.9102455407376,"upper_bound":1412.9399518912899},"point_estimate":1220.588006471066,"standard_error":153.34656861687805}}