{"mean":{"confidence_interval":{"confidence_level":0.95,"lower_bound":781512.8669611823,"upper_bound":787351.2273732873},"point_estimate":783884.0770682404,"standard_error":1554.3752642922225},"median":{"confidence_interval":{"confidence_level":0.95,"lower_bound":781090.3782051282,"upper_bound":784139.7804843305},"point_estimate":782892.0192307692,"standard_error":811.6291906443167},"median_abs_dev":{"confidence_interval":{"confidence_level":0.95,"lower_bound":447.5947144894969,"upper_bound":4447.036445408236},"point_estimate":1968.725638153545,"standard_error":1055.2782798603725},"slope":{"confidence_interval":{"confidence_level":0.95,"lower_bound":782848.8862923293,"upper_bound":789671.8383406905},"point_estimate":785426.5831723831,"standard_error":1835.065037841287},"std_dev":{"confidence_interval":{"confidence_level":0.95,"lower_bound":1169.5918755387627,"upper_bound":7811.430069175386},"point_estimate":5180.711461073885,"standard_error":2149.4716244293336}}