{"mean":{"confidence_interval":{"confidence_level":0.95,"lower_bound":764473.7832623798,"upper_bound":766010.2009032364},"point_estimate":765209.7939265707,"standard_error":393.38134465358695},"median":{"confidence_interval":{"confidence_level":0.95,"lower_bound":764045.4470588235,"upper_bound":765991.0329131653},"point_estimate":765257.3655462186,"standard_error":465.61790067100577},"median_abs_dev":{"confidence_interval":{"confidence_level":0.95,"lower_bound":188.3953179787917,"upper_bound":2232.3839519850208},"point_estimate":1227.319774240092,"standard_error":539.5504510188714},"slope":{"confidence_interval":{"confidence_level":0.95,"lower_bound":764380.1557729387,"upper_bound":766762.1353461739},"point_estimate":765619.6763723671,"standard_error":643.0695755483582},"std_dev":{"confidence_interval":{"confidence_level":0.95,"lower_bound":689.7968300578801,"upper_bound":1714.1837815567594},"point_estimate":1308.9591786461433,"standard_error":277.05700736315015}}