{"mean":{"confidence_interval":{"confidence_level":0.95,"lower_bound":2701103236.05,"upper_bound":2762748166.8},"point_estimate":2729373512.3,"standard_error":15815374.378066989},"median":{"confidence_interval":{"confidence_level":0.95,"lower_bound":2696600191.0,"upper_bound":2766787388.0},"point_estimate":2704666065.5,"standard_error":18262234.525795512},"median_abs_dev":{"confidence_interval":{"confidence_level":0.95,"lower_bound":4110584.0396225452,"upper_bound":82725435.78312993},"point_estimate":16656176.000493765,"standard_error":19534290.79535246},"slope":null,"std_dev":{"confidence_interval":{"confidence_level":0.95,"lower_bound":13006917.405961681,"upper_bound":65519219.779768035},"point_estimate":52864230.88087144,"standard_error":12738934.69107732}}