{"mean":{"confidence_interval":{"confidence_level":0.95,"lower_bound":3015624982.9,"upper_bound":3162205376.66},"point_estimate":3093770227.8,"standard_error":37589207.53413561},"median":{"confidence_interval":{"confidence_level":0.95,"lower_bound":3005972304.5,"upper_bound":3188913826.5},"point_estimate":3134702071.0,"standard_error":47180037.36816938},"median_abs_dev":{"confidence_interval":{"confidence_level":0.95,"lower_bound":19999983.79662931,"upper_bound":206763878.62200737},"point_estimate":101033152.54170299,"standard_error":47899032.992526695},"slope":null,"std_dev":{"confidence_interval":{"confidence_level":0.95,"lower_bound":48757108.34567675,"upper_bound":155867038.120578},"point_estimate":125064950.9131396,"standard_error":25947027.103867516}}