{"mean":{"confidence_interval":{"confidence_level":0.95,"lower_bound":2902656471.1,"upper_bound":2925542907.485},"point_estimate":2914412228.3,"standard_error":5836635.966452331},"median":{"confidence_interval":{"confidence_level":0.95,"lower_bound":2901777391.0,"upper_bound":2929708108.0},"point_estimate":2917506425.0,"standard_error":5711790.147595824},"median_abs_dev":{"confidence_interval":{"confidence_level":0.95,"lower_bound":877748.110216856,"upper_bound":35925223.92539978},"point_estimate":11833072.204720974,"standard_error":10347526.897104438},"slope":null,"std_dev":{"confidence_interval":{"confidence_level":0.95,"lower_bound":9826599.135626892,"upper_bound":25043955.03690244},"point_estimate":19500496.964400113,"standard_error":3915866.5293541946}}