{"mean":{"confidence_interval":{"confidence_level":0.95,"lower_bound":2518489380.1,"upper_bound":2540268665.6},"point_estimate":2528542653.6,"standard_error":5604369.191744497},"median":{"confidence_interval":{"confidence_level":0.95,"lower_bound":2511043514.0,"upper_bound":2539555999.0},"point_estimate":2525423175.0,"standard_error":6303002.175105453},"median_abs_dev":{"confidence_interval":{"confidence_level":0.95,"lower_bound":2248493.3288812637,"upper_bound":30541043.51298809},"point_estimate":21136304.75525558,"standard_error":7324848.452322754},"slope":null,"std_dev":{"confidence_interval":{"confidence_level":0.95,"lower_bound":8664535.829424387,"upper_bound":25498858.10243327},"point_estimate":18710375.27749996,"standard_error":4743426.827014427}}