{"mean":{"confidence_interval":{"confidence_level":0.95,"lower_bound":2874871229.085,"upper_bound":2901365568.7},"point_estimate":2887913009.2,"standard_error":6763501.437247961},"median":{"confidence_interval":{"confidence_level":0.95,"lower_bound":2874841641.5,"upper_bound":2907185270.0},"point_estimate":2884981771.0,"standard_error":7094701.72133289},"median_abs_dev":{"confidence_interval":{"confidence_level":0.95,"lower_bound":1570854.7023117542,"upper_bound":40714606.72607124},"point_estimate":18041094.133606553,"standard_error":10403685.317500172},"slope":null,"std_dev":{"confidence_interval":{"confidence_level":0.95,"lower_bound":11115770.274042865,"upper_bound":29717577.82841425},"point_estimate":22595750.242601026,"standard_error":4783377.298108502}}