{"mean":{"confidence_interval":{"confidence_level":0.95,"lower_bound":382776729.5,"upper_bound":395437583.79249996},"point_estimate":388980627.4,"standard_error":3240942.522101557},"median":{"confidence_interval":{"confidence_level":0.95,"lower_bound":381145322.0,"upper_bound":397674942.0},"point_estimate":386191585.0,"standard_error":4637289.033648995},"median_abs_dev":{"confidence_interval":{"confidence_level":0.95,"lower_bound":2304060.4345947504,"upper_bound":18196944.30153966},"point_estimate":10507490.68775475,"standard_error":4214503.745281853},"slope":null,"std_dev":{"confidence_interval":{"confidence_level":0.95,"lower_bound":6074898.819228968,"upper_bound":13565070.125014363},"point_estimate":10801505.667303776,"standard_error":1916729.9700556458}}