{"mean":{"confidence_interval":{"confidence_level":0.95,"lower_bound":319721761.1100001,"upper_bound":374306814.9},"point_estimate":347225692.7,"standard_error":13961192.494247405},"median":{"confidence_interval":{"confidence_level":0.95,"lower_bound":309728573.0,"upper_bound":391159655.0},"point_estimate":337244547.5,"standard_error":20538079.73001478},"median_abs_dev":{"confidence_interval":{"confidence_level":0.95,"lower_bound":1636293.6999499798,"upper_bound":80112048.65522683},"point_estimate":51244899.06012118,"standard_error":19723092.477183122},"slope":null,"std_dev":{"confidence_interval":{"confidence_level":0.95,"lower_bound":27932736.33981476,"upper_bound":57634930.87978609},"point_estimate":46654815.80334892,"standard_error":7556299.543136123}}