{"mean":{"confidence_interval":{"confidence_level":0.95,"lower_bound":285240133.5,"upper_bound":295860210.8},"point_estimate":290651918.1,"standard_error":2720364.899782559},"median":{"confidence_interval":{"confidence_level":0.95,"lower_bound":281986786.0,"upper_bound":297928052.0},"point_estimate":291682060.5,"standard_error":3818762.822079709},"median_abs_dev":{"confidence_interval":{"confidence_level":0.95,"lower_bound":2620794.197371602,"upper_bound":15096471.932584047},"point_estimate":11582848.61806333,"standard_error":3458582.457690339},"slope":null,"std_dev":{"confidence_interval":{"confidence_level":0.95,"lower_bound":5187595.930258934,"upper_bound":11378989.233184906},"point_estimate":9100479.384245565,"standard_error":1584568.704917813}}