{"mean":{"confidence_interval":{"confidence_level":0.95,"lower_bound":257653304.4,"upper_bound":263817663.0},"point_estimate":260671471.5,"standard_error":1560695.139329472},"median":{"confidence_interval":{"confidence_level":0.95,"lower_bound":258345697.0,"upper_bound":262315369.0},"point_estimate":261131750.0,"standard_error":1253372.1684989172},"median_abs_dev":{"confidence_interval":{"confidence_level":0.95,"lower_bound":444477.5417089462,"upper_bound":8340121.522933245},"point_estimate":2474730.671864748,"standard_error":1824549.571038527},"slope":null,"std_dev":{"confidence_interval":{"confidence_level":0.95,"lower_bound":1612436.0856134593,"upper_bound":7262682.854774881},"point_estimate":5217508.843364517,"standard_error":1511671.5681798167}}