{"mean":{"confidence_interval":{"confidence_level":0.95,"lower_bound":264272949.1,"upper_bound":279764208.2575},"point_estimate":271578234.8,"standard_error":3962436.976915195},"median":{"confidence_interval":{"confidence_level":0.95,"lower_bound":262453853.0,"upper_bound":280257399.0},"point_estimate":267740966.0,"standard_error":4995253.805541214},"median_abs_dev":{"confidence_interval":{"confidence_level":0.95,"lower_bound":1524019.3691432476,"upper_bound":22336469.433948398},"point_estimate":13690695.841741562,"standard_error":5362272.045839873},"slope":null,"std_dev":{"confidence_interval":{"confidence_level":0.95,"lower_bound":6611400.516670048,"upper_bound":17554803.97355038},"point_estimate":13190032.543838926,"standard_error":2927507.8391181487}}