{"mean":{"confidence_interval":{"confidence_level":0.95,"lower_bound":253208043.75,"upper_bound":268384682.3},"point_estimate":261582099.8,"standard_error":3933049.3100229865},"median":{"confidence_interval":{"confidence_level":0.95,"lower_bound":254522326.5,"upper_bound":267594130.0},"point_estimate":265704448.0,"standard_error":2602223.0670756595},"median_abs_dev":{"confidence_interval":{"confidence_level":0.95,"lower_bound":83174.59982335567,"upper_bound":18731740.35104513},"point_estimate":3046087.636721134,"standard_error":4871402.811905389},"slope":null,"std_dev":{"confidence_interval":{"confidence_level":0.95,"lower_bound":2303680.2043652856,"upper_bound":17804100.409900393},"point_estimate":13105493.089569967,"standard_error":3855452.9743800014}}