{"mean":{"confidence_interval":{"confidence_level":0.95,"lower_bound":266907514.0,"upper_bound":282887570.9},"point_estimate":274356469.9,"standard_error":4104019.597879968},"median":{"confidence_interval":{"confidence_level":0.95,"lower_bound":263215916.5,"upper_bound":284421589.0},"point_estimate":270027356.0,"standard_error":5946838.733030346},"median_abs_dev":{"confidence_interval":{"confidence_level":0.95,"lower_bound":2231910.4481756687,"upper_bound":23389744.037649035},"point_estimate":12619433.593860269,"standard_error":5318914.589701429},"slope":null,"std_dev":{"confidence_interval":{"confidence_level":0.95,"lower_bound":6902782.496753852,"upper_bound":17607319.99247805},"point_estimate":13690198.406653527,"standard_error":2875545.571138516}}