{"mean":{"confidence_interval":{"confidence_level":0.95,"lower_bound":256188874.79,"upper_bound":266963872.70999998},"point_estimate":261560872.2,"standard_error":2766638.8402764704},"median":{"confidence_interval":{"confidence_level":0.95,"lower_bound":253808365.0,"upper_bound":270582186.0},"point_estimate":260452532.0,"standard_error":4754451.720031433},"median_abs_dev":{"confidence_interval":{"confidence_level":0.95,"lower_bound":2485049.567681551,"upper_bound":15038874.035556521},"point_estimate":11887971.399146318,"standard_error":3289094.4938484575},"slope":null,"std_dev":{"confidence_interval":{"confidence_level":0.95,"lower_bound":5863789.419817455,"upper_bound":11019204.04494519},"point_estimate":9206711.79154954,"standard_error":1322869.7184912607}}