{"mean":{"confidence_interval":{"confidence_level":0.95,"lower_bound":310363537.1,"upper_bound":337614935.965},"point_estimate":326651583.5,"standard_error":7332505.9271241985},"median":{"confidence_interval":{"confidence_level":0.95,"lower_bound":325057333.0,"upper_bound":340740634.0},"point_estimate":330968412.5,"standard_error":5601243.658904328},"median_abs_dev":{"confidence_interval":{"confidence_level":0.95,"lower_bound":1207265.5912667513,"upper_bound":22362546.143585443},"point_estimate":10406891.831740737,"standard_error":5390697.757582438},"slope":null,"std_dev":{"confidence_interval":{"confidence_level":0.95,"lower_bound":6365189.399426144,"upper_bound":36764471.883321665},"point_estimate":24334286.579045583,"standard_error":10143068.836618526}}