{"mean":{"confidence_interval":{"confidence_level":0.95,"lower_bound":441129.8355136434,"upper_bound":441931.8987674363},"point_estimate":441512.90791346005,"standard_error":205.43292840144287},"median":{"confidence_interval":{"confidence_level":0.95,"lower_bound":440939.7383838384,"upper_bound":442071.0459505772},"point_estimate":441410.171352413,"standard_error":301.13083177624657},"median_abs_dev":{"confidence_interval":{"confidence_level":0.95,"lower_bound":138.58097822155324,"upper_bound":1150.6575081828746},"point_estimate":718.9828637001585,"standard_error":258.70003889859004},"slope":{"confidence_interval":{"confidence_level":0.95,"lower_bound":441292.4231752044,"upper_bound":441883.87493613176},"point_estimate":441568.3193886921,"standard_error":150.49948152592563},"std_dev":{"confidence_interval":{"confidence_level":0.95,"lower_bound":368.31015132051976,"upper_bound":853.3116957236853},"point_estimate":684.0862903977898,"standard_error":124.229233891201}}