{"mean":{"confidence_interval":{"confidence_level":0.95,"lower_bound":213346119.5666667,"upper_bound":217577044.32833335},"point_estimate":215327251.93333334,"standard_error":1082369.3373440632},"median":{"confidence_interval":{"confidence_level":0.95,"lower_bound":212474769.66666666,"upper_bound":216917825.0},"point_estimate":215561226.5,"standard_error":1169459.495665953},"median_abs_dev":{"confidence_interval":{"confidence_level":0.95,"lower_bound":550267.4744308143,"upper_bound":6118712.824571148},"point_estimate":2373556.3199609667,"standard_error":1385439.3081354278},"slope":null,"std_dev":{"confidence_interval":{"confidence_level":0.95,"lower_bound":1665552.0182079428,"upper_bound":4970457.6874774555},"point_estimate":3613157.1840339415,"standard_error":931419.1084248646}}