{"mean":{"confidence_interval":{"confidence_level":0.95,"lower_bound":145825686.12,"upper_bound":147569878.465},"point_estimate":146669960.29484123,"standard_error":446307.53767673566},"median":{"confidence_interval":{"confidence_level":0.95,"lower_bound":145090854.0,"upper_bound":148142849.83333334},"point_estimate":146540830.27142859,"standard_error":634892.0999352857},"median_abs_dev":{"confidence_interval":{"confidence_level":0.95,"lower_bound":112109.76220965385,"upper_bound":2397409.667962464},"point_estimate":2231294.0890066316,"standard_error":696007.1333549678},"slope":{"confidence_interval":{"confidence_level":0.95,"lower_bound":146401795.51136363,"upper_bound":147826952.1570717},"point_estimate":147047763.4857143,"standard_error":370528.9483924846},"std_dev":{"confidence_interval":{"confidence_level":0.95,"lower_bound":804537.7046287416,"upper_bound":1828467.211153276},"point_estimate":1482932.9003582923,"standard_error":254717.70090750573}}