{"mean":{"confidence_interval":{"confidence_level":0.95,"lower_bound":5132249.453441469,"upper_bound":5177077.077100528},"point_estimate":5154122.304440036,"standard_error":11514.17319017135},"median":{"confidence_interval":{"confidence_level":0.95,"lower_bound":5121039.588888889,"upper_bound":5193664.972222222},"point_estimate":5143378.104166667,"standard_error":21237.797532534765},"median_abs_dev":{"confidence_interval":{"confidence_level":0.95,"lower_bound":3243.1788135318507,"upper_bound":60330.25716568421},"point_estimate":41195.55882233611,"standard_error":15342.58387193134},"slope":{"confidence_interval":{"confidence_level":0.95,"lower_bound":5124876.2853114065,"upper_bound":5170571.995802412},"point_estimate":5145434.96984127,"standard_error":11773.284683327267},"std_dev":{"confidence_interval":{"confidence_level":0.95,"lower_bound":24121.150673747103,"upper_bound":44867.23420482532},"point_estimate":38443.13330986482,"standard_error":5309.055818418948}}