{"mean":{"confidence_interval":{"confidence_level":0.95,"lower_bound":5539774.7301587295,"upper_bound":5563053.072359244},"point_estimate":5552289.494080299,"standard_error":5987.219919408767},"median":{"confidence_interval":{"confidence_level":0.95,"lower_bound":5538795.039215687,"upper_bound":5564741.693277311},"point_estimate":5556199.986928104,"standard_error":6566.583667585654},"median_abs_dev":{"confidence_interval":{"confidence_level":0.95,"lower_bound":2119.227156494471,"upper_bound":30742.446909114715},"point_estimate":13109.079890012383,"standard_error":7486.53960911846},"slope":{"confidence_interval":{"confidence_level":0.95,"lower_bound":5543751.080097203,"upper_bound":5561918.8830290735},"point_estimate":5552215.557983194,"standard_error":4783.3077205541085},"std_dev":{"confidence_interval":{"confidence_level":0.95,"lower_bound":8498.241392088948,"upper_bound":27337.90988607624},"point_estimate":19940.304567088107,"standard_error":5171.607831706309}}