{"mean":{"confidence_interval":{"confidence_level":0.95,"lower_bound":54437844.0,"upper_bound":56509245.9425},"point_estimate":55432872.6,"standard_error":530565.4753962622},"median":{"confidence_interval":{"confidence_level":0.95,"lower_bound":54079218.0,"upper_bound":56234319.0},"point_estimate":55834968.5,"standard_error":608421.1557669175},"median_abs_dev":{"confidence_interval":{"confidence_level":0.95,"lower_bound":30566.763657331467,"upper_bound":3104097.3258912563},"point_estimate":1142870.3440099955,"standard_error":795694.2251375705},"slope":null,"std_dev":{"confidence_interval":{"confidence_level":0.95,"lower_bound":826314.1898356689,"upper_bound":2409627.0511986185},"point_estimate":1761728.0152766802,"standard_error":422670.53687282716}}