{"mean":{"confidence_interval":{"confidence_level":0.95,"lower_bound":30125831.6,"upper_bound":30974021.9},"point_estimate":30517131.0,"standard_error":218418.48106060197},"median":{"confidence_interval":{"confidence_level":0.95,"lower_bound":29996751.0,"upper_bound":31022170.0},"point_estimate":30265927.5,"standard_error":293760.39417876163},"median_abs_dev":{"confidence_interval":{"confidence_level":0.95,"lower_bound":40640.28917849064,"upper_bound":1223518.5934782028},"point_estimate":499582.0762306452,"standard_error":292091.81856882374},"slope":null,"std_dev":{"confidence_interval":{"confidence_level":0.95,"lower_bound":339549.3082366029,"upper_bound":971551.5721921646},"point_estimate":729443.1737051976,"standard_error":175502.20626382143}}