{"mean":{"confidence_interval":{"confidence_level":0.95,"lower_bound":4116982.167423077,"upper_bound":4212976.832653845},"point_estimate":4157345.338461539,"standard_error":24974.897190409145},"median":{"confidence_interval":{"confidence_level":0.95,"lower_bound":4108829.6153846155,"upper_bound":4120441.576923077},"point_estimate":4115440.0,"standard_error":2869.6634512084593},"median_abs_dev":{"confidence_interval":{"confidence_level":0.95,"lower_bound":21273.998091541962,"upper_bound":44148.300338903326},"point_estimate":29189.656374087568,"standard_error":5868.6802608035505},"slope":null,"std_dev":{"confidence_interval":{"confidence_level":0.95,"lower_bound":56914.92628942561,"upper_bound":397814.61816607957},"point_estimate":250842.42321892135,"standard_error":88989.1913818583}}