{"mean":{"confidence_interval":{"confidence_level":0.95,"lower_bound":6139329.228416667,"upper_bound":6269724.001833328},"point_estimate":6195559.327777777,"standard_error":33607.46914754405},"median":{"confidence_interval":{"confidence_level":0.95,"lower_bound":6107785.555555556,"upper_bound":6142198.666666667},"point_estimate":6121750.388888889,"standard_error":7880.184367028807},"median_abs_dev":{"confidence_interval":{"confidence_level":0.95,"lower_bound":66870.69501280761,"upper_bound":105563.67149253793},"point_estimate":87911.83620591927,"standard_error":9754.839630683548},"slope":null,"std_dev":{"confidence_interval":{"confidence_level":0.95,"lower_bound":97622.08853198723,"upper_bound":506768.29788999644},"point_estimate":338420.30756655324,"standard_error":104364.24129959066}}