{"mean":{"confidence_interval":{"confidence_level":0.95,"lower_bound":6574668.86665625,"upper_bound":6724993.6872499995},"point_estimate":6643869.795,"standard_error":38523.56449449956},"median":{"confidence_interval":{"confidence_level":0.95,"lower_bound":6506202.4375,"upper_bound":6562546.125},"point_estimate":6519225.375,"standard_error":13902.801454314073},"median_abs_dev":{"confidence_interval":{"confidence_level":0.95,"lower_bound":82687.93638199568,"upper_bound":151924.10189249553},"point_estimate":109303.84909696877,"standard_error":18084.926097723957},"slope":null,"std_dev":{"confidence_interval":{"confidence_level":0.95,"lower_bound":227385.93865599757,"upper_bound":503899.76859616325},"point_estimate":385492.2580853641,"standard_error":69279.54811229308}}