{"mean":{"confidence_interval":{"confidence_level":0.95,"lower_bound":6702185.33678125,"upper_bound":6775543.286},"point_estimate":6733334.7175,"standard_error":19031.47320035445},"median":{"confidence_interval":{"confidence_level":0.95,"lower_bound":6674953.0,"upper_bound":6699533.75},"point_estimate":6683887.1875,"standard_error":5603.046224689963},"median_abs_dev":{"confidence_interval":{"confidence_level":0.95,"lower_bound":25934.565364569426,"upper_bound":55185.706870257854},"point_estimate":38546.58002816141,"standard_error":6930.042691674901},"slope":null,"std_dev":{"confidence_interval":{"confidence_level":0.95,"lower_bound":59199.33693673932,"upper_bound":299406.9103958318},"point_estimate":191790.3524446523,"standard_error":65047.82489351827}}