{"mean":{"confidence_interval":{"confidence_level":0.95,"lower_bound":6254639.38590625,"upper_bound":6372627.117281251},"point_estimate":6304689.01,"standard_error":30700.927010361815},"median":{"confidence_interval":{"confidence_level":0.95,"lower_bound":6240447.375,"upper_bound":6276578.25},"point_estimate":6259003.5,"standard_error":9214.031977866242},"median_abs_dev":{"confidence_interval":{"confidence_level":0.95,"lower_bound":46852.66105569899,"upper_bound":73619.37967018221},"point_estimate":59525.647643208504,"standard_error":6963.494953232493},"slope":null,"std_dev":{"confidence_interval":{"confidence_level":0.95,"lower_bound":62201.73059398411,"upper_bound":475963.0549405117},"point_estimate":309377.4026583458,"standard_error":107443.20194632084}}