{"mean":{"confidence_interval":{"confidence_level":0.95,"lower_bound":6096491.2442037035,"upper_bound":6198252.598355556},"point_estimate":6138349.510256614,"standard_error":27116.53769908166},"median":{"confidence_interval":{"confidence_level":0.95,"lower_bound":6082759.303703703,"upper_bound":6152628.998611111},"point_estimate":6115657.88452381,"standard_error":19703.581852583156},"median_abs_dev":{"confidence_interval":{"confidence_level":0.95,"lower_bound":3847.2307946982946,"upper_bound":81618.84383680845},"point_estimate":35146.20527736355,"standard_error":19813.916552325056},"slope":{"confidence_interval":{"confidence_level":0.95,"lower_bound":6103864.5634816205,"upper_bound":6194394.794688438},"point_estimate":6133157.0689177485,"standard_error":23452.167729703302},"std_dev":{"confidence_interval":{"confidence_level":0.95,"lower_bound":24092.411572515564,"upper_bound":134977.58128546286},"point_estimate":90187.6514428902,"standard_error":35876.91917240425}}