{"mean":{"confidence_interval":{"confidence_level":0.95,"lower_bound":28500590.259166665,"upper_bound":28659896.301255208},"point_estimate":28582079.29770834,"standard_error":40857.75298433447},"median":{"confidence_interval":{"confidence_level":0.95,"lower_bound":28410696.208333332,"upper_bound":28703449.291666664},"point_estimate":28603842.208333336,"standard_error":70706.99452332483},"median_abs_dev":{"confidence_interval":{"confidence_level":0.95,"lower_bound":9474.56130928702,"upper_bound":234791.11086912453},"point_estimate":149895.68351069005,"standard_error":58331.702862131075},"slope":{"confidence_interval":{"confidence_level":0.95,"lower_bound":28517442.730392158,"upper_bound":28694575.492661595},"point_estimate":28616072.592207793,"standard_error":44940.27242271159},"std_dev":{"confidence_interval":{"confidence_level":0.95,"lower_bound":77292.94277133963,"upper_bound":159288.5027655014},"point_estimate":136113.38260858212,"standard_error":19826.131462298516}}