{"mean":{"confidence_interval":{"confidence_level":0.95,"lower_bound":27775525.681845237,"upper_bound":27919877.007113095},"point_estimate":27845595.511964284,"standard_error":37091.154562908116},"median":{"confidence_interval":{"confidence_level":0.95,"lower_bound":27741046.666666668,"upper_bound":27952899.25},"point_estimate":27825064.041666668,"standard_error":63681.23458878199},"median_abs_dev":{"confidence_interval":{"confidence_level":0.95,"lower_bound":27153.20076793248,"upper_bound":203703.36775854413},"point_estimate":136362.54735408098,"standard_error":46968.21605907252},"slope":{"confidence_interval":{"confidence_level":0.95,"lower_bound":27760921.716292135,"upper_bound":27973771.092614766},"point_estimate":27859325.89935065,"standard_error":59332.375160127114},"std_dev":{"confidence_interval":{"confidence_level":0.95,"lower_bound":75894.08896652235,"upper_bound":151883.98022645098},"point_estimate":124179.39918024417,"standard_error":19665.56615999392}}