{"mean":{"confidence_interval":{"confidence_level":0.95,"lower_bound":30317378.140597224,"upper_bound":30595464.904378306},"point_estimate":30453495.43779101,"standard_error":71355.29039994051},"median":{"confidence_interval":{"confidence_level":0.95,"lower_bound":30234987.0,"upper_bound":30651287.769047618},"point_estimate":30443292.17824074,"standard_error":112521.9247978421},"median_abs_dev":{"confidence_interval":{"confidence_level":0.95,"lower_bound":51189.60574120191,"upper_bound":406740.15974558674},"point_estimate":276857.5562047966,"standard_error":89814.75689691554},"slope":{"confidence_interval":{"confidence_level":0.95,"lower_bound":30439363.835649475,"upper_bound":30677744.196423914},"point_estimate":30566839.392207794,"standard_error":61639.47241935835},"std_dev":{"confidence_interval":{"confidence_level":0.95,"lower_bound":143226.94607145584,"upper_bound":292810.0047353233},"point_estimate":237962.1615663531,"standard_error":38793.35429165546}}