{"mean":{"confidence_interval":{"confidence_level":0.95,"lower_bound":0.0013159991873588582,"upper_bound":0.014743686037937095},"point_estimate":0.007375641029592206,"standard_error":0.0033903157489269956},"median":{"confidence_interval":{"confidence_level":0.95,"lower_bound":-0.0017868410183210504,"upper_bound":0.012053626355116531},"point_estimate":0.0048379005217018545,"standard_error":0.0035615773593229228}}