{"mean":{"confidence_interval":{"confidence_level":0.95,"lower_bound":-0.05321379830012632,"upper_bound":0.08328479429817173},"point_estimate":-0.005225322087129003,"standard_error":0.037981522335098404},"median":{"confidence_interval":{"confidence_level":0.95,"lower_bound":-0.058513155210502044,"upper_bound":-0.04129516360444662},"point_estimate":-0.05173625735357468,"standard_error":0.004558547897104917}}