{"mean":{"confidence_interval":{"confidence_level":0.95,"lower_bound":-0.3499422771906129,"upper_bound":-0.16708977157039354},"point_estimate":-0.2667472399368117,"standard_error":0.04390845590538884},"median":{"confidence_interval":{"confidence_level":0.95,"lower_bound":-0.27693038589039276,"upper_bound":-0.26623003222310027},"point_estimate":-0.27180345022194863,"standard_error":0.002755839424499822}}