{"mean":{"confidence_interval":{"confidence_level":0.95,"lower_bound":-0.0921582743422582,"upper_bound":-0.06342280893934542},"point_estimate":-0.07761803087675967,"standard_error":0.007355243332619724},"median":{"confidence_interval":{"confidence_level":0.95,"lower_bound":-0.09039576432308571,"upper_bound":-0.06550331732488712},"point_estimate":-0.0781594322828445,"standard_error":0.006350295684744298}}