{"mean":{"confidence_interval":{"confidence_level":0.95,"lower_bound":-0.024569768511063118,"upper_bound":-0.0040022600308736835},"point_estimate":-0.014555958267755353,"standard_error":0.005174066436386385},"median":{"confidence_interval":{"confidence_level":0.95,"lower_bound":-0.03714602574232362,"upper_bound":-0.0059367178653023656},"point_estimate":-0.025933510097974066,"standard_error":0.007830132563081528}}