{"mean":{"confidence_interval":{"confidence_level":0.95,"lower_bound":-0.044567920674945506,"upper_bound":-0.03136371502353756},"point_estimate":-0.03798046644506636,"standard_error":0.003371810558171112},"median":{"confidence_interval":{"confidence_level":0.95,"lower_bound":-0.04016635648472145,"upper_bound":-0.026717708353818592},"point_estimate":-0.03251620083425799,"standard_error":0.0033803769795589266}}