{"mean":{"confidence_interval":{"confidence_level":0.95,"lower_bound":3998005367.7875,"upper_bound":4313437739.1},"point_estimate":4154910810.0,"standard_error":80876705.82177219},"median":{"confidence_interval":{"confidence_level":0.95,"lower_bound":3897342956.0,"upper_bound":4435547315.0},"point_estimate":4135834938.5,"standard_error":136647454.162324},"median_abs_dev":{"confidence_interval":{"confidence_level":0.95,"lower_bound":77017461.46686673,"upper_bound":429922915.5887425},"point_estimate":354058131.12341166,"standard_error":99747242.39479151},"slope":null,"std_dev":{"confidence_interval":{"confidence_level":0.95,"lower_bound":169414381.8598137,"upper_bound":322096189.94543916},"point_estimate":269711146.44399965,"standard_error":38781031.08969093}}