{"mean":{"confidence_interval":{"confidence_level":0.95,"lower_bound":3714005490.775,"upper_bound":3894390016.2724996},"point_estimate":3785756295.3,"standard_error":48950245.08962298},"median":{"confidence_interval":{"confidence_level":0.95,"lower_bound":3711405749.5,"upper_bound":3789246935.5},"point_estimate":3747618372.5,"standard_error":21342069.253638946},"median_abs_dev":{"confidence_interval":{"confidence_level":0.95,"lower_bound":7695401.063579321,"upper_bound":117713306.63157105},"point_estimate":45183212.71383762,"standard_error":28895110.387739655},"slope":null,"std_dev":{"confidence_interval":{"confidence_level":0.95,"lower_bound":27861117.01726747,"upper_bound":247431987.15988323},"point_estimate":163151403.37743837,"standard_error":71447864.52715714}}