{"mean":{"confidence_interval":{"confidence_level":0.95,"lower_bound":3511903514.9725,"upper_bound":3621942953.8},"point_estimate":3566282349.6,"standard_error":28245787.812831864},"median":{"confidence_interval":{"confidence_level":0.95,"lower_bound":3477167040.0,"upper_bound":3645309663.0},"point_estimate":3561749636.0,"standard_error":48346526.364596575},"median_abs_dev":{"confidence_interval":{"confidence_level":0.95,"lower_bound":24303473.366627097,"upper_bound":157623518.36372316},"point_estimate":110905571.53073251,"standard_error":33980286.22773068},"slope":null,"std_dev":{"confidence_interval":{"confidence_level":0.95,"lower_bound":58688865.40838636,"upper_bound":114721050.43868387},"point_estimate":94316861.88910738,"standard_error":14411377.545360703}}