{"mean":{"confidence_interval":{"confidence_level":0.95,"lower_bound":2780506048.1,"upper_bound":2847500826.3},"point_estimate":2814126623.5,"standard_error":17189952.110469747},"median":{"confidence_interval":{"confidence_level":0.95,"lower_bound":2774336587.0,"upper_bound":2875454016.0},"point_estimate":2807076316.5,"standard_error":28311623.183344357},"median_abs_dev":{"confidence_interval":{"confidence_level":0.95,"lower_bound":8758766.984000802,"upper_bound":97765519.99091506},"point_estimate":54163512.75110543,"standard_error":24562085.1174512},"slope":null,"std_dev":{"confidence_interval":{"confidence_level":0.95,"lower_bound":35480387.00858885,"upper_bound":70776259.78519984},"point_estimate":57422392.04620704,"standard_error":9187284.546232695}}