{"mean":{"confidence_interval":{"confidence_level":0.95,"lower_bound":3428841403.6,"upper_bound":3478056059.3375},"point_estimate":3451178904.2,"standard_error":12662179.045784034},"median":{"confidence_interval":{"confidence_level":0.95,"lower_bound":3419578510.0,"upper_bound":3476989317.0},"point_estimate":3446924955.5,"standard_error":12422452.190599643},"median_abs_dev":{"confidence_interval":{"confidence_level":0.95,"lower_bound":2265068.0552870035,"upper_bound":64664716.473671794},"point_estimate":31985530.289143324,"standard_error":16739811.433367295},"slope":null,"std_dev":{"confidence_interval":{"confidence_level":0.95,"lower_bound":16075613.53875485,"upper_bound":56658239.123500094},"point_estimate":42279290.88033522,"standard_error":10995611.595422206}}