{"mean":{"confidence_interval":{"confidence_level":0.95,"lower_bound":3916008225.56,"upper_bound":3981369127.4},"point_estimate":3947195246.2,"standard_error":16778061.468396626},"median":{"confidence_interval":{"confidence_level":0.95,"lower_bound":3903478283.0,"upper_bound":4004059193.0},"point_estimate":3924009692.0,"standard_error":27394389.729517236},"median_abs_dev":{"confidence_interval":{"confidence_level":0.95,"lower_bound":1936210.3312253952,"upper_bound":86561650.6129235},"point_estimate":43454785.803723335,"standard_error":23382653.209375024},"slope":null,"std_dev":{"confidence_interval":{"confidence_level":0.95,"lower_bound":28579498.57402418,"upper_bound":66176030.61062107},"point_estimate":55792066.883005835,"standard_error":9325154.428613227}}