{"mean":{"confidence_interval":{"confidence_level":0.95,"lower_bound":2820882309.9625,"upper_bound":2889108482.0},"point_estimate":2855960875.0,"standard_error":17391788.063429806},"median":{"confidence_interval":{"confidence_level":0.95,"lower_bound":2811198347.0,"upper_bound":2899203499.0},"point_estimate":2860091387.0,"standard_error":23624450.798066266},"median_abs_dev":{"confidence_interval":{"confidence_level":0.95,"lower_bound":2326427.6790976524,"upper_bound":96185694.81746256},"point_estimate":58558652.203676105,"standard_error":24695798.192794163},"slope":null,"std_dev":{"confidence_interval":{"confidence_level":0.95,"lower_bound":29716339.404512726,"upper_bound":72662924.86762866},"point_estimate":58165397.858579695,"standard_error":10520456.90372057}}