{"mean":{"confidence_interval":{"confidence_level":0.95,"lower_bound":3892057714.0,"upper_bound":3965661461.4},"point_estimate":3929799194.2,"standard_error":18870799.203970086},"median":{"confidence_interval":{"confidence_level":0.95,"lower_bound":3887228908.0,"upper_bound":3982369840.0},"point_estimate":3933587670.0,"standard_error":29352557.048983417},"median_abs_dev":{"confidence_interval":{"confidence_level":0.95,"lower_bound":13557376.004308462,"upper_bound":112420863.5751307},"point_estimate":69717578.78736556,"standard_error":23807734.43092444},"slope":null,"std_dev":{"confidence_interval":{"confidence_level":0.95,"lower_bound":36719119.45333484,"upper_bound":80227932.45850691},"point_estimate":62927918.72742837,"standard_error":11621173.370042149}}