{"mean":{"confidence_interval":{"confidence_level":0.95,"lower_bound":3599597981.405,"upper_bound":3705391315.6},"point_estimate":3648136658.2,"standard_error":27229595.14546245},"median":{"confidence_interval":{"confidence_level":0.95,"lower_bound":3583515218.0,"upper_bound":3685561826.0},"point_estimate":3644401985.5,"standard_error":20920715.298272077},"median_abs_dev":{"confidence_interval":{"confidence_level":0.95,"lower_bound":6273374.935725331,"upper_bound":136803620.45795023},"point_estimate":50011194.26352382,"standard_error":35106127.54319528},"slope":null,"std_dev":{"confidence_interval":{"confidence_level":0.95,"lower_bound":34618186.983644865,"upper_bound":126631237.63671811},"point_estimate":90919579.16544247,"standard_error":25754959.660519466}}