{"mean":{"confidence_interval":{"confidence_level":0.95,"lower_bound":3949173296.3,"upper_bound":4245798994.2974997},"point_estimate":4090491108.3,"standard_error":76278307.17497621},"median":{"confidence_interval":{"confidence_level":0.95,"lower_bound":3885379989.0,"upper_bound":4301408704.0},"point_estimate":3988451379.0,"standard_error":116968552.79313888},"median_abs_dev":{"confidence_interval":{"confidence_level":0.95,"lower_bound":34559326.067349315,"upper_bound":409576838.1020576},"point_estimate":251357568.07351112,"standard_error":100455223.46900617},"slope":null,"std_dev":{"confidence_interval":{"confidence_level":0.95,"lower_bound":136639643.6484646,"upper_bound":309298126.29368776},"point_estimate":254055300.51300758,"standard_error":43884654.98630932}}