{"mean":{"confidence_interval":{"confidence_level":0.95,"lower_bound":2816831532.8,"upper_bound":2899920464.1899996},"point_estimate":2852930452.3,"standard_error":21483949.044509396},"median":{"confidence_interval":{"confidence_level":0.95,"lower_bound":2804910149.0,"upper_bound":2888289843.0},"point_estimate":2829463925.5,"standard_error":21063355.584186412},"median_abs_dev":{"confidence_interval":{"confidence_level":0.95,"lower_bound":4477706.186404824,"upper_bound":87215303.73711884},"point_estimate":36956551.601690054,"standard_error":24042941.930577323},"slope":null,"std_dev":{"confidence_interval":{"confidence_level":0.95,"lower_bound":20231221.639952835,"upper_bound":100172088.41966796},"point_estimate":71944789.02981251,"standard_error":22355450.92874809}}