{"mean":{"confidence_interval":{"confidence_level":0.95,"lower_bound":18292.854044879958,"upper_bound":18303.105818060827},"point_estimate":18297.894844026974,"standard_error":2.624309706738669},"median":{"confidence_interval":{"confidence_level":0.95,"lower_bound":18290.042948951137,"upper_bound":18305.633730447436},"point_estimate":18296.642855699334,"standard_error":4.3551623200702325},"median_abs_dev":{"confidence_interval":{"confidence_level":0.95,"lower_bound":2.324286340148471,"upper_bound":14.565830137909902},"point_estimate":10.54729909733109,"standard_error":3.0733764812069126},"slope":{"confidence_interval":{"confidence_level":0.95,"lower_bound":18292.65109885351,"upper_bound":18304.245428576367},"point_estimate":18299.594046004924,"standard_error":2.9691736874393158},"std_dev":{"confidence_interval":{"confidence_level":0.95,"lower_bound":5.377088193511832,"upper_bound":10.622546696639734},"point_estimate":8.777002072853348,"standard_error":1.3399552425772665}}