{"mean":{"confidence_interval":{"confidence_level":0.95,"lower_bound":16312.998451504816,"upper_bound":16325.893496315955},"point_estimate":16318.72401232431,"standard_error":3.323889629041118},"median":{"confidence_interval":{"confidence_level":0.95,"lower_bound":16309.728684257763,"upper_bound":16323.157709567404},"point_estimate":16317.25662871503,"standard_error":3.653155282010765},"median_abs_dev":{"confidence_interval":{"confidence_level":0.95,"lower_bound":1.4371216282882615,"upper_bound":15.455308558857094},"point_estimate":9.741824023781179,"standard_error":3.590833442168478},"slope":{"confidence_interval":{"confidence_level":0.95,"lower_bound":16310.52046521465,"upper_bound":16331.283431914371},"point_estimate":16318.310409425434,"standard_error":5.564067891391484},"std_dev":{"confidence_interval":{"confidence_level":0.95,"lower_bound":4.489225437839356,"upper_bound":15.655728818861212},"point_estimate":11.085966092171182,"standard_error":3.316599159889134}}