{"mean":{"confidence_interval":{"confidence_level":0.95,"lower_bound":29976.213296397076,"upper_bound":30278.938317496664},"point_estimate":30135.04855821602,"standard_error":77.61169289587649},"median":{"confidence_interval":{"confidence_level":0.95,"lower_bound":30329.135606060605,"upper_bound":30445.33608815427},"point_estimate":30371.16240031898,"standard_error":34.677886345673635},"median_abs_dev":{"confidence_interval":{"confidence_level":0.95,"lower_bound":158.85638880402163,"upper_bound":320.27548647794697},"point_estimate":221.48449758301487,"standard_error":44.983772184249524},"slope":{"confidence_interval":{"confidence_level":0.95,"lower_bound":29388.00188954221,"upper_bound":30037.340121871115},"point_estimate":29707.549722942444,"standard_error":165.7576759488579},"std_dev":{"confidence_interval":{"confidence_level":0.95,"lower_bound":572.0789180316478,"upper_bound":938.3459827064034},"point_estimate":778.2418262185539,"standard_error":94.09072350566561}}