{"mean":{"confidence_interval":{"confidence_level":0.95,"lower_bound":-0.1509681422299039,"upper_bound":0.021982450710730496},"point_estimate":-0.07112924513662011,"standard_error":0.044019392309911205},"median":{"confidence_interval":{"confidence_level":0.95,"lower_bound":-0.20135939121065616,"upper_bound":0.0686381332397823},"point_estimate":-0.0838993886446252,"standard_error":0.06765623493176931}}