{"mean":{"confidence_interval":{"confidence_level":0.95,"lower_bound":0.05474571058553602,"upper_bound":0.25863057816012686},"point_estimate":0.15660471455621017,"standard_error":0.052296835259592986},"median":{"confidence_interval":{"confidence_level":0.95,"lower_bound":0.03465738967233767,"upper_bound":0.33309938962140984},"point_estimate":0.14098603941926635,"standard_error":0.08037962343534377}}