{"mean":{"confidence_interval":{"confidence_level":0.95,"lower_bound":-0.3438252467565986,"upper_bound":-0.21355966263699627},"point_estimate":-0.2835812839903873,"standard_error":0.03320945887639833},"median":{"confidence_interval":{"confidence_level":0.95,"lower_bound":-0.34962299995769885,"upper_bound":-0.18167750406887717},"point_estimate":-0.2718698762237117,"standard_error":0.043569745239024106}}