{"mean":{"confidence_interval":{"confidence_level":0.95,"lower_bound":0.28493232422236286,"upper_bound":0.602214445909001},"point_estimate":0.43915329242616363,"standard_error":0.0812054979195514},"median":{"confidence_interval":{"confidence_level":0.95,"lower_bound":0.2211110789179449,"upper_bound":0.7610346347520054},"point_estimate":0.5320871642536436,"standard_error":0.13309390471226526}}