{"mean":{"confidence_interval":{"confidence_level":0.95,"lower_bound":-0.09931042281489848,"upper_bound":0.08398992842979347},"point_estimate":-0.010417482771487352,"standard_error":0.04708898578510201},"median":{"confidence_interval":{"confidence_level":0.95,"lower_bound":-0.19400112014131032,"upper_bound":0.18492631279321503},"point_estimate":0.0032687896455712018,"standard_error":0.0977718502469452}}