{"mean":{"confidence_interval":{"confidence_level":0.95,"lower_bound":-0.2673065212923113,"upper_bound":-0.08028994949833966},"point_estimate":-0.17957380847171123,"standard_error":0.04769122875174921},"median":{"confidence_interval":{"confidence_level":0.95,"lower_bound":-0.3262723421321281,"upper_bound":-0.014877036050454318},"point_estimate":-0.176361163431214,"standard_error":0.08053753180831649}}