{"mean":{"confidence_interval":{"confidence_level":0.95,"lower_bound":-0.14698833090670688,"upper_bound":0.06998146062078665},"point_estimate":-0.04550915822188628,"standard_error":0.05551423472012887},"median":{"confidence_interval":{"confidence_level":0.95,"lower_bound":-0.18677212918634678,"upper_bound":0.15893246163289487},"point_estimate":-0.009331359319796229,"standard_error":0.08452848775054028}}