{"mean":{"confidence_interval":{"confidence_level":0.95,"lower_bound":314420.77616439224,"upper_bound":315387.8631568579},"point_estimate":314863.2908407478,"standard_error":248.568803153083},"median":{"confidence_interval":{"confidence_level":0.95,"lower_bound":313989.36587301583,"upper_bound":314446.4718078105},"point_estimate":314225.37644300144,"standard_error":119.9836518344697},"median_abs_dev":{"confidence_interval":{"confidence_level":0.95,"lower_bound":790.5612733646487,"upper_bound":1414.8102128191706},"point_estimate":1216.7724246884634,"standard_error":165.4020443054704},"slope":{"confidence_interval":{"confidence_level":0.95,"lower_bound":314260.53043792123,"upper_bound":315178.81533054897},"point_estimate":314672.99028077436,"standard_error":235.5903349784762},"std_dev":{"confidence_interval":{"confidence_level":0.95,"lower_bound":1394.1889059979678,"upper_bound":3421.3869069572515},"point_estimate":2491.4236691349242,"standard_error":521.1874494734093}}