{"mean":{"confidence_interval":{"confidence_level":0.95,"lower_bound":275568531.3995,"upper_bound":277048411.3035},"point_estimate":276307139.58,"standard_error":378451.276221492},"median":{"confidence_interval":{"confidence_level":0.95,"lower_bound":273398212.0,"upper_bound":278662739.5},"point_estimate":278233020.0,"standard_error":1890913.9474075104},"median_abs_dev":{"confidence_interval":{"confidence_level":0.95,"lower_bound":2635490.617870691,"upper_bound":6352489.435520768},"point_estimate":5707325.6787747145,"standard_error":1073336.003049841},"slope":null,"std_dev":{"confidence_interval":{"confidence_level":0.95,"lower_bound":3543386.219804381,"upper_bound":4011553.6099548223},"point_estimate":3799335.2213147827,"standard_error":119728.40906620599}}