{"mean":{"confidence_interval":{"confidence_level":0.95,"lower_bound":287903896.79175,"upper_bound":289016353.2875},"point_estimate":288443061.75,"standard_error":284455.59997416916},"median":{"confidence_interval":{"confidence_level":0.95,"lower_bound":287371011.0,"upper_bound":288404614.5},"point_estimate":287800182.0,"standard_error":258238.44083484696},"median_abs_dev":{"confidence_interval":{"confidence_level":0.95,"lower_bound":1668890.884271264,"upper_bound":2950034.4322264194},"point_estimate":2267388.3242458105,"standard_error":325802.7329267476},"slope":null,"std_dev":{"confidence_interval":{"confidence_level":0.95,"lower_bound":2347046.167185746,"upper_bound":3312762.598449422},"point_estimate":2867516.60410952,"standard_error":246377.51544776667}}