{"mean":{"confidence_interval":{"confidence_level":0.95,"lower_bound":274826895.1195,"upper_bound":276565601.81425},"point_estimate":275717747.09,"standard_error":444263.14517130307},"median":{"confidence_interval":{"confidence_level":0.95,"lower_bound":274613607.0,"upper_bound":276599719.0},"point_estimate":275710485.5,"standard_error":470925.984485371},"median_abs_dev":{"confidence_interval":{"confidence_level":0.95,"lower_bound":3462541.0737276077,"upper_bound":5386794.180567784},"point_estimate":4494152.667912841,"standard_error":494002.34167991363},"slope":null,"std_dev":{"confidence_interval":{"confidence_level":0.95,"lower_bound":3516173.1132380273,"upper_bound":5603765.328014659},"point_estimate":4462794.122370347,"standard_error":560106.215174423}}