{"mean":{"confidence_interval":{"confidence_level":0.95,"lower_bound":296091405.395,"upper_bound":300147942.12825},"point_estimate":298130744.09,"standard_error":1034443.1847163509},"median":{"confidence_interval":{"confidence_level":0.95,"lower_bound":291354556.0,"upper_bound":304013614.0},"point_estimate":302257422.0,"standard_error":4014969.7747889855},"median_abs_dev":{"confidence_interval":{"confidence_level":0.95,"lower_bound":7922112.0972543955,"upper_bound":15458588.821855187},"point_estimate":14542276.06242299,"standard_error":1970735.7267382743},"slope":null,"std_dev":{"confidence_interval":{"confidence_level":0.95,"lower_bound":9423014.997402722,"upper_bound":11357353.356018102},"point_estimate":10407009.026285345,"standard_error":494018.1747138101}}