{"mean":{"confidence_interval":{"confidence_level":0.95,"lower_bound":301299397.2715,"upper_bound":305500689.92375},"point_estimate":303400944.78,"standard_error":1071789.229743342},"median":{"confidence_interval":{"confidence_level":0.95,"lower_bound":296308914.0,"upper_bound":309114103.0},"point_estimate":306596054.5,"standard_error":4040101.6338214916},"median_abs_dev":{"confidence_interval":{"confidence_level":0.95,"lower_bound":8272273.467130294,"upper_bound":16661399.200201035},"point_estimate":15302410.999327898,"standard_error":1878197.4745010398},"slope":null,"std_dev":{"confidence_interval":{"confidence_level":0.95,"lower_bound":9607758.896189742,"upper_bound":11931951.337030489},"point_estimate":10755264.892710706,"standard_error":594527.9687380816}}