{"mean":{"confidence_interval":{"confidence_level":0.95,"lower_bound":266336299.42049998,"upper_bound":269573190.75},"point_estimate":267599189.74,"standard_error":866578.3535327584},"median":{"confidence_interval":{"confidence_level":0.95,"lower_bound":266030588.0,"upper_bound":267178641.0},"point_estimate":266480959.0,"standard_error":285574.6773971912},"median_abs_dev":{"confidence_interval":{"confidence_level":0.95,"lower_bound":1958292.175233364,"upper_bound":3177771.4250832796},"point_estimate":2484876.8447846174,"standard_error":324240.62247206044},"slope":null,"std_dev":{"confidence_interval":{"confidence_level":0.95,"lower_bound":2469450.206109282,"upper_bound":14449995.624567078},"point_estimate":8709990.784377411,"standard_error":4007878.1052157176}}