{"mean":{"confidence_interval":{"confidence_level":0.95,"lower_bound":271526970.42724997,"upper_bound":275168776.72875},"point_estimate":273217634.04,"standard_error":928224.7765805938},"median":{"confidence_interval":{"confidence_level":0.95,"lower_bound":269512448.0,"upper_bound":275392428.0},"point_estimate":272890408.5,"standard_error":1947404.1865902008},"median_abs_dev":{"confidence_interval":{"confidence_level":0.95,"lower_bound":5882838.087558746,"upper_bound":9750626.366391778},"point_estimate":8677313.682746887,"standard_error":1059837.5364377717},"slope":null,"std_dev":{"confidence_interval":{"confidence_level":0.95,"lower_bound":5857250.242391798,"upper_bound":13388631.153850589},"point_estimate":9301564.387367731,"standard_error":2193290.3402309637}}