{"mean":{"confidence_interval":{"confidence_level":0.95,"lower_bound":275200743.01100004,"upper_bound":276458910.721},"point_estimate":275872381.57,"standard_error":319625.8430891736},"median":{"confidence_interval":{"confidence_level":0.95,"lower_bound":275176090.0,"upper_bound":276109855.0},"point_estimate":275664622.0,"standard_error":237180.88069536103},"median_abs_dev":{"confidence_interval":{"confidence_level":0.95,"lower_bound":1443261.2775494908,"upper_bound":2293567.33328104},"point_estimate":1950813.1996661425,"standard_error":208774.60266276659},"slope":null,"std_dev":{"confidence_interval":{"confidence_level":0.95,"lower_bound":1850956.3653016996,"upper_bound":4680691.268066578},"point_estimate":3207152.728284333,"standard_error":791460.1212236665}}