{"mean":{"confidence_interval":{"confidence_level":0.95,"lower_bound":575619118.9,"upper_bound":581369786.0174999},"point_estimate":578674007.7,"standard_error":1471884.164874987},"median":{"confidence_interval":{"confidence_level":0.95,"lower_bound":575949561.0,"upper_bound":583360720.0},"point_estimate":578620243.5,"standard_error":1874310.9819854025},"median_abs_dev":{"confidence_interval":{"confidence_level":0.95,"lower_bound":563017.3400044441,"upper_bound":7973945.812376585},"point_estimate":5657609.65385735,"standard_error":2024893.4354051163},"slope":null,"std_dev":{"confidence_interval":{"confidence_level":0.95,"lower_bound":2452811.1902639954,"upper_bound":6521652.679677559},"point_estimate":4914467.700846599,"standard_error":1143504.260234195}}