{"mean":{"confidence_interval":{"confidence_level":0.95,"lower_bound":558183608.3675001,"upper_bound":583762980.7},"point_estimate":570600001.1,"standard_error":6513697.069654636},"median":{"confidence_interval":{"confidence_level":0.95,"lower_bound":553848566.0,"upper_bound":594761980.5},"point_estimate":556019168.0,"standard_error":13572611.604785467},"median_abs_dev":{"confidence_interval":{"confidence_level":0.95,"lower_bound":324299.4704425335,"upper_bound":30853957.35693276},"point_estimate":6165964.274132252,"standard_error":9987393.044949472},"slope":null,"std_dev":{"confidence_interval":{"confidence_level":0.95,"lower_bound":11752581.0969326,"upper_bound":24229346.670247857},"point_estimate":21700382.355582833,"standard_error":2971878.415035959}}