{"mean":{"confidence_interval":{"confidence_level":0.95,"lower_bound":855877224.3175,"upper_bound":867134891.6},"point_estimate":860749762.1,"standard_error":2911981.956116778},"median":{"confidence_interval":{"confidence_level":0.95,"lower_bound":855354272.5,"upper_bound":867173110.0},"point_estimate":856204312.5,"standard_error":2477620.1193850664},"median_abs_dev":{"confidence_interval":{"confidence_level":0.95,"lower_bound":223926.7109245062,"upper_bound":12788492.244958878},"point_estimate":2786107.800936699,"standard_error":2697470.9536253135},"slope":null,"std_dev":{"confidence_interval":{"confidence_level":0.95,"lower_bound":1377207.55789867,"upper_bound":12597881.514997145},"point_estimate":9664714.108374655,"standard_error":3030283.6667101346}}