{"mean":{"confidence_interval":{"confidence_level":0.95,"lower_bound":861109885.0,"upper_bound":877278306.005},"point_estimate":868899607.8,"standard_error":4131533.6369963805},"median":{"confidence_interval":{"confidence_level":0.95,"lower_bound":858041810.5,"upper_bound":885654607.0},"point_estimate":861360758.0,"standard_error":7924423.657820768},"median_abs_dev":{"confidence_interval":{"confidence_level":0.95,"lower_bound":1059921.8406826258,"upper_bound":20832783.923444152},"point_estimate":9007175.868290663,"standard_error":5903734.064481319},"slope":null,"std_dev":{"confidence_interval":{"confidence_level":0.95,"lower_bound":8368950.203949699,"upper_bound":15600984.166057767},"point_estimate":13786083.291684294,"standard_error":1933923.384803071}}