{"mean":{"confidence_interval":{"confidence_level":0.95,"lower_bound":16556217801.390001,"upper_bound":16647838887.2575},"point_estimate":16596599487.9,"standard_error":23700327.14395317},"median":{"confidence_interval":{"confidence_level":0.95,"lower_bound":16549872410.0,"upper_bound":16624155444.0},"point_estimate":16577425491.5,"standard_error":18618298.850993995},"median_abs_dev":{"confidence_interval":{"confidence_level":0.95,"lower_bound":12868512.613338232,"upper_bound":101671163.49487603},"point_estimate":42505798.023471236,"standard_error":24163431.738880716},"slope":null,"std_dev":{"confidence_interval":{"confidence_level":0.95,"lower_bound":26210037.729699224,"upper_bound":112272808.45041695},"point_estimate":78976190.28730945,"standard_error":25005203.960724514}}