{"mean":{"confidence_interval":{"confidence_level":0.95,"lower_bound":17306166791.6,"upper_bound":17351334302.274998},"point_estimate":17329947712.1,"standard_error":11579736.295730582},"median":{"confidence_interval":{"confidence_level":0.95,"lower_bound":17300655145.0,"upper_bound":17359651459.5},"point_estimate":17342417373.0,"standard_error":14835456.990732836},"median_abs_dev":{"confidence_interval":{"confidence_level":0.95,"lower_bound":7371578.249028325,"upper_bound":63284865.12596905},"point_estimate":30038284.96631384,"standard_error":15089281.024892433},"slope":null,"std_dev":{"confidence_interval":{"confidence_level":0.95,"lower_bound":16984722.382439107,"upper_bound":47974907.0842808},"point_estimate":38703513.784800515,"standard_error":7543778.581371596}}