{"mean":{"confidence_interval":{"confidence_level":0.95,"lower_bound":15382153042.085001,"upper_bound":15525588051.0},"point_estimate":15453252052.2,"standard_error":36785019.98269401},"median":{"confidence_interval":{"confidence_level":0.95,"lower_bound":15362773705.0,"upper_bound":15557087709.0},"point_estimate":15427413651.5,"standard_error":55660886.60687477},"median_abs_dev":{"confidence_interval":{"confidence_level":0.95,"lower_bound":23479325.693258643,"upper_bound":207379542.5496327},"point_estimate":156458007.23551512,"standard_error":47617810.07479991},"slope":null,"std_dev":{"confidence_interval":{"confidence_level":0.95,"lower_bound":72732259.73594223,"upper_bound":151632372.78215677},"point_estimate":122427532.0311579,"standard_error":20187911.03551223}}