{"mean":{"confidence_interval":{"confidence_level":0.95,"lower_bound":15033720177.0,"upper_bound":15116464596.5},"point_estimate":15073867435.1,"standard_error":21135268.068082985},"median":{"confidence_interval":{"confidence_level":0.95,"lower_bound":15019277030.5,"upper_bound":15114962599.0},"point_estimate":15071411478.5,"standard_error":21694732.543002132},"median_abs_dev":{"confidence_interval":{"confidence_level":0.95,"lower_bound":17597652.92927921,"upper_bound":119569454.34031785},"point_estimate":49488862.43199706,"standard_error":28143861.83753973},"slope":null,"std_dev":{"confidence_interval":{"confidence_level":0.95,"lower_bound":34294732.80862089,"upper_bound":93108486.4452585},"point_estimate":70328831.44714773,"standard_error":15441946.627899893}}