{"mean":{"confidence_interval":{"confidence_level":0.95,"lower_bound":15179600609.345,"upper_bound":15295335852.9},"point_estimate":15236305161.0,"standard_error":29591195.216357093},"median":{"confidence_interval":{"confidence_level":0.95,"lower_bound":15151229837.0,"upper_bound":15343755768.0},"point_estimate":15217283052.0,"standard_error":50193251.53787906},"median_abs_dev":{"confidence_interval":{"confidence_level":0.95,"lower_bound":25416510.092666745,"upper_bound":169520260.08301377},"point_estimate":105999323.52843583,"standard_error":37047110.45533637},"slope":null,"std_dev":{"confidence_interval":{"confidence_level":0.95,"lower_bound":61090017.55812619,"upper_bound":117749088.51722734},"point_estimate":98664667.26885822,"standard_error":14375955.446491325}}