{"mean":{"confidence_interval":{"confidence_level":0.95,"lower_bound":16675588495.9,"upper_bound":16700337743.9},"point_estimate":16687868534.4,"standard_error":6331421.85764885},"median":{"confidence_interval":{"confidence_level":0.95,"lower_bound":16673299459.0,"upper_bound":16703250004.0},"point_estimate":16687024498.5,"standard_error":7342606.31018736},"median_abs_dev":{"confidence_interval":{"confidence_level":0.95,"lower_bound":3914135.836610198,"upper_bound":36509402.41482854},"point_estimate":22202338.614329696,"standard_error":8414843.181556063},"slope":null,"std_dev":{"confidence_interval":{"confidence_level":0.95,"lower_bound":11571174.83082764,"upper_bound":27109272.202347476},"point_estimate":21145737.275449667,"standard_error":3994274.519119671}}