{"mean":{"confidence_interval":{"confidence_level":0.95,"lower_bound":18349067778.9875,"upper_bound":18572532810.2},"point_estimate":18457891393.9,"standard_error":57116493.010698184},"median":{"confidence_interval":{"confidence_level":0.95,"lower_bound":18284036320.0,"upper_bound":18580338431.5},"point_estimate":18453071518.5,"standard_error":69695734.41929714},"median_abs_dev":{"confidence_interval":{"confidence_level":0.95,"lower_bound":28251706.778731942,"upper_bound":322711399.7893274},"point_estimate":219347232.40420818,"standard_error":80913142.61942956},"slope":null,"std_dev":{"confidence_interval":{"confidence_level":0.95,"lower_bound":103808448.53130761,"upper_bound":240845729.56909546},"point_estimate":190058217.05514872,"standard_error":35315876.25479059}}