{"mean":{"confidence_interval":{"confidence_level":0.95,"lower_bound":2884200285.3275,"upper_bound":2910296548.3},"point_estimate":2897749420.1,"standard_error":6704877.783601273},"median":{"confidence_interval":{"confidence_level":0.95,"lower_bound":2878822189.0,"upper_bound":2913427974.0},"point_estimate":2901512646.5,"standard_error":8522989.634757593},"median_abs_dev":{"confidence_interval":{"confidence_level":0.95,"lower_bound":3704443.56803298,"upper_bound":36350252.72065401},"point_estimate":18085528.396117687,"standard_error":9120076.826128436},"slope":null,"std_dev":{"confidence_interval":{"confidence_level":0.95,"lower_bound":10495626.382746466,"upper_bound":28447140.0749483},"point_estimate":22368432.172905885,"standard_error":4438698.934664274}}