{"mean":{"confidence_interval":{"confidence_level":0.95,"lower_bound":2528369442.9575,"upper_bound":2560839239.6},"point_estimate":2544785985.8,"standard_error":8312987.185032193},"median":{"confidence_interval":{"confidence_level":0.95,"lower_bound":2516666893.0,"upper_bound":2568203963.5},"point_estimate":2548439827.0,"standard_error":13809357.96702582},"median_abs_dev":{"confidence_interval":{"confidence_level":0.95,"lower_bound":7069967.747282982,"upper_bound":46287743.02252829},"point_estimate":32540168.715396523,"standard_error":9930141.2774},"slope":null,"std_dev":{"confidence_interval":{"confidence_level":0.95,"lower_bound":17090356.244166836,"upper_bound":33315787.233888205},"point_estimate":27717618.952287197,"standard_error":4110683.8722123383}}