{"mean":{"confidence_interval":{"confidence_level":0.95,"lower_bound":2725545649.0925,"upper_bound":2792236791.6},"point_estimate":2758729307.4,"standard_error":17066992.572171494},"median":{"confidence_interval":{"confidence_level":0.95,"lower_bound":2707149641.0,"upper_bound":2805369620.0},"point_estimate":2755635740.0,"standard_error":23173755.375721518},"median_abs_dev":{"confidence_interval":{"confidence_level":0.95,"lower_bound":13603126.074296236,"upper_bound":101427106.04150891},"point_estimate":69508885.04987061,"standard_error":22678585.313557528},"slope":null,"std_dev":{"confidence_interval":{"confidence_level":0.95,"lower_bound":33480037.547427602,"upper_bound":69995293.84845595},"point_estimate":56888025.135307446,"standard_error":9341239.11025153}}