{"mean":{"confidence_interval":{"confidence_level":0.95,"lower_bound":3319011274.3,"upper_bound":3346279304.6},"point_estimate":3331883340.8,"standard_error":6999195.956065484},"median":{"confidence_interval":{"confidence_level":0.95,"lower_bound":3314039082.5,"upper_bound":3346637556.0},"point_estimate":3327246560.0,"standard_error":9475111.57132453},"median_abs_dev":{"confidence_interval":{"confidence_level":0.95,"lower_bound":4171323.1953442097,"upper_bound":38732544.76675987},"point_estimate":19724698.340016603,"standard_error":8629969.711880794},"slope":null,"std_dev":{"confidence_interval":{"confidence_level":0.95,"lower_bound":11608011.748725547,"upper_bound":30223653.382665258},"point_estimate":23264119.284707494,"standard_error":4944002.841338977}}