{"mean":{"confidence_interval":{"confidence_level":0.95,"lower_bound":3120456357.6150002,"upper_bound":3141634538.79},"point_estimate":3128699830.3,"standard_error":5857982.118527082},"median":{"confidence_interval":{"confidence_level":0.95,"lower_bound":3119462869.0,"upper_bound":3129304776.5},"point_estimate":3122232304.5,"standard_error":2593894.9960813094},"median_abs_dev":{"confidence_interval":{"confidence_level":0.95,"lower_bound":1016142.1460598707,"upper_bound":12629954.864573479},"point_estimate":4323827.87643671,"standard_error":3215068.792691719},"slope":null,"std_dev":{"confidence_interval":{"confidence_level":0.95,"lower_bound":2797068.9329005126,"upper_bound":29727777.607669163},"point_estimate":19536158.91916325,"standard_error":8891883.624174925}}