{"mean":{"confidence_interval":{"confidence_level":0.95,"lower_bound":2546444091.9375,"upper_bound":2563059574.6},"point_estimate":2554255327.9,"standard_error":4254550.520925969},"median":{"confidence_interval":{"confidence_level":0.95,"lower_bound":2544603377.0,"upper_bound":2563321511.5},"point_estimate":2551968363.5,"standard_error":4438788.08524599},"median_abs_dev":{"confidence_interval":{"confidence_level":0.95,"lower_bound":2896895.0839698315,"upper_bound":23096352.32885778},"point_estimate":9755994.860896468,"standard_error":5251104.68561512},"slope":null,"std_dev":{"confidence_interval":{"confidence_level":0.95,"lower_bound":6372219.434216265,"upper_bound":18899251.78435795},"point_estimate":14227059.783176897,"standard_error":3284531.8477479746}}