{"mean":{"confidence_interval":{"confidence_level":0.95,"lower_bound":3035273941.4175,"upper_bound":3052054640.2525},"point_estimate":3043486116.7,"standard_error":4296261.419433359},"median":{"confidence_interval":{"confidence_level":0.95,"lower_bound":3030747656.0,"upper_bound":3054663121.5},"point_estimate":3041817132.5,"standard_error":6450826.621157138},"median_abs_dev":{"confidence_interval":{"confidence_level":0.95,"lower_bound":2728599.971857667,"upper_bound":24093731.43095076},"point_estimate":16356094.800621271,"standard_error":5408607.0793862},"slope":null,"std_dev":{"confidence_interval":{"confidence_level":0.95,"lower_bound":8270978.477938046,"upper_bound":17943950.41495748},"point_estimate":14261507.627893008,"standard_error":2523284.0100714522}}