{"mean":{"confidence_interval":{"confidence_level":0.95,"lower_bound":2760293073.3,"upper_bound":2784299899.2975},"point_estimate":2772904727.6,"standard_error":6130697.256297977},"median":{"confidence_interval":{"confidence_level":0.95,"lower_bound":2762681604.5,"upper_bound":2786028791.5},"point_estimate":2773320043.0,"standard_error":5655361.4680138305},"median_abs_dev":{"confidence_interval":{"confidence_level":0.95,"lower_bound":3211238.1542891264,"upper_bound":32975702.472764254},"point_estimate":14374115.866908431,"standard_error":7477431.250354574},"slope":null,"std_dev":{"confidence_interval":{"confidence_level":0.95,"lower_bound":8512960.684780315,"upper_bound":27951386.85114536},"point_estimate":20435996.777948655,"standard_error":5152928.095199912}}