{"mean":{"confidence_interval":{"confidence_level":0.95,"lower_bound":2460357206.29,"upper_bound":2481132161.9},"point_estimate":2469472836.4,"standard_error":5371786.964939275},"median":{"confidence_interval":{"confidence_level":0.95,"lower_bound":2459042353.0,"upper_bound":2474241325.5},"point_estimate":2467297429.0,"standard_error":3608414.1826203926},"median_abs_dev":{"confidence_interval":{"confidence_level":0.95,"lower_bound":1347738.2322728634,"upper_bound":22502407.9534024},"point_estimate":9554235.984778404,"standard_error":5643180.416508412},"slope":null,"std_dev":{"confidence_interval":{"confidence_level":0.95,"lower_bound":5838177.156090416,"upper_bound":25748114.471888255},"point_estimate":17888745.670605883,"standard_error":5860789.439763601}}