{"mean":{"confidence_interval":{"confidence_level":0.95,"lower_bound":-0.007719666813768458,"upper_bound":0.012329957369888981},"point_estimate":0.0034525195799710584,"standard_error":0.00521670378688672},"median":{"confidence_interval":{"confidence_level":0.95,"lower_bound":-0.0053987048089851886,"upper_bound":0.014251330811072327},"point_estimate":0.01262721221999663,"standard_error":0.00455458524387914}}