{"mean":{"confidence_interval":{"confidence_level":0.95,"lower_bound":-0.02863425681112257,"upper_bound":-0.024646861531123096},"point_estimate":-0.026645003493237063,"standard_error":0.0010184905109778869},"median":{"confidence_interval":{"confidence_level":0.95,"lower_bound":-0.028324472789221122,"upper_bound":-0.02387919966434615},"point_estimate":-0.02532202812187001,"standard_error":0.0012308482247950843}}