{"mean":{"confidence_interval":{"confidence_level":0.95,"lower_bound":2.214712134625985,"upper_bound":2.23647850105805},"point_estimate":2.2251140854195115,"standard_error":0.005572676885475446},"median":{"confidence_interval":{"confidence_level":0.95,"lower_bound":2.2061511297845287,"upper_bound":2.2388712120115364},"point_estimate":2.219883705474113,"standard_error":0.008470587739222386}}