{"mean":{"confidence_interval":{"confidence_level":0.95,"lower_bound":582.434192861973,"upper_bound":604.6032258340665},"point_estimate":596.2113775074562,"standard_error":6.371477688440494},"median":{"confidence_interval":{"confidence_level":0.95,"lower_bound":598.5150817499932,"upper_bound":605.9849469262736},"point_estimate":602.1135583537624,"standard_error":2.1002233494230302}}