{"mean":{"confidence_interval":{"confidence_level":0.95,"lower_bound":-0.05955923880177465,"upper_bound":-0.05720383424841517},"point_estimate":-0.05838328274099491,"standard_error":0.0006031183794433611},"median":{"confidence_interval":{"confidence_level":0.95,"lower_bound":-0.059956478583123696,"upper_bound":-0.05706810555119113},"point_estimate":-0.05891837996558846,"standard_error":0.0007085708963718389}}