{"mean":{"confidence_interval":{"confidence_level":0.95,"lower_bound":0.029924003811736884,"upper_bound":0.032742928302250465},"point_estimate":0.03135376236959542,"standard_error":0.0007299915695351707},"median":{"confidence_interval":{"confidence_level":0.95,"lower_bound":0.02934064212268961,"upper_bound":0.03356275579398749},"point_estimate":0.0320788629506521,"standard_error":0.0011765178034032122}}