{"mean":{"confidence_interval":{"confidence_level":0.95,"lower_bound":3449952722.5,"upper_bound":3494689220.0175},"point_estimate":3469927138.4,"standard_error":11586606.459782485},"median":{"confidence_interval":{"confidence_level":0.95,"lower_bound":3444983003.0,"upper_bound":3495987365.5},"point_estimate":3452424069.0,"standard_error":11577788.953464229},"median_abs_dev":{"confidence_interval":{"confidence_level":0.95,"lower_bound":1248620.493632555,"upper_bound":42171172.98551202},"point_estimate":13141852.898785472,"standard_error":12713593.014706776},"slope":null,"std_dev":{"confidence_interval":{"confidence_level":0.95,"lower_bound":8522071.097602542,"upper_bound":50996744.23207303},"point_estimate":38938158.62435521,"standard_error":11352213.138841877}}