{"mean":{"confidence_interval":{"confidence_level":0.95,"lower_bound":4163411025.8,"upper_bound":4579438512.28},"point_estimate":4337383754.0,"standard_error":108628613.18855795},"median":{"confidence_interval":{"confidence_level":0.95,"lower_bound":4122403175.0,"upper_bound":4492730179.5},"point_estimate":4203152777.0,"standard_error":80549825.56396888},"median_abs_dev":{"confidence_interval":{"confidence_level":0.95,"lower_bound":3778506.849718094,"upper_bound":411287124.6601939},"point_estimate":114473939.84928131,"standard_error":95156592.83380815},"slope":null,"std_dev":{"confidence_interval":{"confidence_level":0.95,"lower_bound":52578635.804478616,"upper_bound":507949903.4313038},"point_estimate":360445880.794491,"standard_error":127771720.49363303}}