{"mean":{"confidence_interval":{"confidence_level":0.95,"lower_bound":3617795336.665,"upper_bound":3661331312.2},"point_estimate":3637832642.4,"standard_error":11214607.61788368},"median":{"confidence_interval":{"confidence_level":0.95,"lower_bound":3609656994.0,"upper_bound":3658021927.5},"point_estimate":3633400409.0,"standard_error":14026081.999625722},"median_abs_dev":{"confidence_interval":{"confidence_level":0.95,"lower_bound":1289750.7821023464,"upper_bound":57470661.780291796},"point_estimate":34151000.984698534,"standard_error":14094733.09995005},"slope":null,"std_dev":{"confidence_interval":{"confidence_level":0.95,"lower_bound":16657173.978338597,"upper_bound":50290035.219515175},"point_estimate":37273265.77747588,"standard_error":9466944.16461856}}