{"mean":{"confidence_interval":{"confidence_level":0.95,"lower_bound":2935716419.7,"upper_bound":3057015932.2324996},"point_estimate":2987217686.5,"standard_error":31840181.61795654},"median":{"confidence_interval":{"confidence_level":0.95,"lower_bound":2921650896.0,"upper_bound":3018406711.0},"point_estimate":2954657422.0,"standard_error":21794584.546069764},"median_abs_dev":{"confidence_interval":{"confidence_level":0.95,"lower_bound":2081036.6270542145,"upper_bound":118991255.91788292},"point_estimate":54344955.559784174,"standard_error":31344242.64869507},"slope":null,"std_dev":{"confidence_interval":{"confidence_level":0.95,"lower_bound":25066341.73710591,"upper_bound":152539845.65422177},"point_estimate":105768323.37162851,"standard_error":36936058.78598531}}