{"mean":{"confidence_interval":{"confidence_level":0.95,"lower_bound":3594573084.2,"upper_bound":3672219823.5},"point_estimate":3623500169.7,"standard_error":22161331.90172325},"median":{"confidence_interval":{"confidence_level":0.95,"lower_bound":3590686208.5,"upper_bound":3615341297.0},"point_estimate":3602441870.5,"standard_error":8164051.220619171},"median_abs_dev":{"confidence_interval":{"confidence_level":0.95,"lower_bound":4954890.624833107,"upper_bound":31342834.32005346},"point_estimate":16289220.646208525,"standard_error":9169158.880109416},"slope":null,"std_dev":{"confidence_interval":{"confidence_level":0.95,"lower_bound":8993163.010096753,"upper_bound":113398149.76923858},"point_estimate":73831594.09217755,"standard_error":36576649.93111367}}