{"mean":{"confidence_interval":{"confidence_level":0.95,"lower_bound":2711446492.5,"upper_bound":2765342485.3349996},"point_estimate":2735430061.1,"standard_error":13945459.226688556},"median":{"confidence_interval":{"confidence_level":0.95,"lower_bound":2707524175.0,"upper_bound":2763425512.0},"point_estimate":2718548240.5,"standard_error":12700136.621289097},"median_abs_dev":{"confidence_interval":{"confidence_level":0.95,"lower_bound":2861160.7181042433,"upper_bound":66521036.16401553},"point_estimate":19047898.12373221,"standard_error":14936842.314693289},"slope":null,"std_dev":{"confidence_interval":{"confidence_level":0.95,"lower_bound":12368248.257527394,"upper_bound":62509558.064472176},"point_estimate":46350635.791092984,"standard_error":13420180.288514832}}