{"mean":{"confidence_interval":{"confidence_level":0.95,"lower_bound":892469739.805,"upper_bound":898140759.0},"point_estimate":895527104.6,"standard_error":1454000.241483253},"median":{"confidence_interval":{"confidence_level":0.95,"lower_bound":893921096.0,"upper_bound":899621455.0},"point_estimate":895281651.0,"standard_error":1407032.1658246478},"median_abs_dev":{"confidence_interval":{"confidence_level":0.95,"lower_bound":236215.24080634117,"upper_bound":7832211.682650447},"point_estimate":2821277.2962123156,"standard_error":1939215.039983246},"slope":null,"std_dev":{"confidence_interval":{"confidence_level":0.95,"lower_bound":2180153.719166927,"upper_bound":6756711.156609874},"point_estimate":4857372.509533299,"standard_error":1322538.4175680687}}