{"mean":{"confidence_interval":{"confidence_level":0.95,"lower_bound":1325467643.4,"upper_bound":1339744915.2},"point_estimate":1332234078.2,"standard_error":3667119.464179569},"median":{"confidence_interval":{"confidence_level":0.95,"lower_bound":1322531449.0,"upper_bound":1343387446.0},"point_estimate":1327572380.5,"standard_error":5518998.423143585},"median_abs_dev":{"confidence_interval":{"confidence_level":0.95,"lower_bound":2537631.458348036,"upper_bound":19709794.5037812},"point_estimate":11365145.861828327,"standard_error":4718960.69230896},"slope":null,"std_dev":{"confidence_interval":{"confidence_level":0.95,"lower_bound":6341979.897103261,"upper_bound":15449046.738322748},"point_estimate":12242894.622362591,"standard_error":2389555.124816722}}