{"mean":{"confidence_interval":{"confidence_level":0.95,"lower_bound":1209930714.8,"upper_bound":1225807608.7},"point_estimate":1218065792.5,"standard_error":4058308.286447541},"median":{"confidence_interval":{"confidence_level":0.95,"lower_bound":1206687238.0,"upper_bound":1229322483.0},"point_estimate":1219954293.0,"standard_error":5991422.880084905},"median_abs_dev":{"confidence_interval":{"confidence_level":0.95,"lower_bound":4247180.422997475,"upper_bound":22590035.5422467},"point_estimate":15926141.549554467,"standard_error":4868001.8393599875},"slope":null,"std_dev":{"confidence_interval":{"confidence_level":0.95,"lower_bound":7753620.33387094,"upper_bound":16551751.471299069},"point_estimate":13542765.128545813,"standard_error":2229831.305326458}}