{"mean":{"confidence_interval":{"confidence_level":0.95,"lower_bound":1328794747.4450002,"upper_bound":1345783527.8},"point_estimate":1337240755.2,"standard_error":4348102.611000604},"median":{"confidence_interval":{"confidence_level":0.95,"lower_bound":1323478425.0,"upper_bound":1350851763.0},"point_estimate":1335711356.0,"standard_error":8083142.473807871},"median_abs_dev":{"confidence_interval":{"confidence_level":0.95,"lower_bound":2222763.5476380587,"upper_bound":23097863.839530945},"point_estimate":21235949.55818653,"standard_error":5529910.329683077},"slope":null,"std_dev":{"confidence_interval":{"confidence_level":0.95,"lower_bound":9491829.415892508,"upper_bound":16937278.30124582},"point_estimate":14482873.147096276,"standard_error":1917799.2723585595}}