{"mean":{"confidence_interval":{"confidence_level":0.95,"lower_bound":311367.323838457,"upper_bound":314481.6745126596},"point_estimate":312993.99556867144,"standard_error":793.7114592094096},"median":{"confidence_interval":{"confidence_level":0.95,"lower_bound":313813.0970588235,"upper_bound":316642.91798780486},"point_estimate":314735.07627865963,"standard_error":791.5628185018807},"median_abs_dev":{"confidence_interval":{"confidence_level":0.95,"lower_bound":3369.8278430163923,"upper_bound":5831.350280286383},"point_estimate":4539.35221767766,"standard_error":628.7091919741043},"slope":{"confidence_interval":{"confidence_level":0.95,"lower_bound":314907.109563774,"upper_bound":316412.15324729274},"point_estimate":315617.12822225504,"standard_error":384.5487717031381},"std_dev":{"confidence_interval":{"confidence_level":0.95,"lower_bound":6049.653634018728,"upper_bound":9636.147238522033},"point_estimate":7974.848615563191,"standard_error":914.2502608274647}}