{"mean":{"confidence_interval":{"confidence_level":0.95,"lower_bound":2946464895.4,"upper_bound":2981683236.9550004},"point_estimate":2964719344.0,"standard_error":9070672.354736988},"median":{"confidence_interval":{"confidence_level":0.95,"lower_bound":2934175378.0,"upper_bound":2991508458.0},"point_estimate":2974075650.0,"standard_error":16178764.858523145},"median_abs_dev":{"confidence_interval":{"confidence_level":0.95,"lower_bound":5099226.9213706255,"upper_bound":49452552.817341685},"point_estimate":30750156.826275587,"standard_error":12830608.207604827},"slope":null,"std_dev":{"confidence_interval":{"confidence_level":0.95,"lower_bound":17800820.2295839,"upper_bound":35565578.41318352},"point_estimate":30363542.38852361,"standard_error":4503913.43802627}}