{"mean":{"confidence_interval":{"confidence_level":0.95,"lower_bound":2860404992.3,"upper_bound":2887891824.2374997},"point_estimate":2873145875.9,"standard_error":6968668.989289042},"median":{"confidence_interval":{"confidence_level":0.95,"lower_bound":2862649061.0,"upper_bound":2878620313.0},"point_estimate":2872382153.5,"standard_error":4887566.168695186},"median_abs_dev":{"confidence_interval":{"confidence_level":0.95,"lower_bound":2053845.0022369623,"upper_bound":33180113.72023523},"point_estimate":9931708.161976933,"standard_error":7018013.297574206},"slope":null,"std_dev":{"confidence_interval":{"confidence_level":0.95,"lower_bound":6029156.221950506,"upper_bound":34170899.59317773},"point_estimate":23237576.6748144,"standard_error":7505756.715744455}}