{"mean":{"confidence_interval":{"confidence_level":0.95,"lower_bound":3112366344.4,"upper_bound":3152202322.8},"point_estimate":3132255738.7,"standard_error":10232289.859407293},"median":{"confidence_interval":{"confidence_level":0.95,"lower_bound":3099162752.0,"upper_bound":3163262022.5},"point_estimate":3134303096.5,"standard_error":18474989.884091664},"median_abs_dev":{"confidence_interval":{"confidence_level":0.95,"lower_bound":7569503.121614456,"upper_bound":56513534.5261842},"point_estimate":43999648.707050085,"standard_error":12560520.142137907},"slope":null,"std_dev":{"confidence_interval":{"confidence_level":0.95,"lower_bound":22085028.000696667,"upper_bound":40131665.787311144},"point_estimate":34080990.48482202,"standard_error":4632925.880534388}}