{"mean":{"confidence_interval":{"confidence_level":0.95,"lower_bound":2532766005.9,"upper_bound":2549833637.0525},"point_estimate":2541104956.4,"standard_error":4381052.700186475},"median":{"confidence_interval":{"confidence_level":0.95,"lower_bound":2528285148.0,"upper_bound":2555066428.5},"point_estimate":2540668900.5,"standard_error":7290171.353970783},"median_abs_dev":{"confidence_interval":{"confidence_level":0.95,"lower_bound":1694917.1855092049,"upper_bound":24944187.84085214},"point_estimate":17512692.537787557,"standard_error":6098634.668797218},"slope":null,"std_dev":{"confidence_interval":{"confidence_level":0.95,"lower_bound":8746708.824308272,"upper_bound":17631633.00386888},"point_estimate":14604969.211284533,"standard_error":2243590.2397881127}}