{"mean":{"confidence_interval":{"confidence_level":0.95,"lower_bound":2698356019.9649997,"upper_bound":2743139687.5675},"point_estimate":2721292858.3,"standard_error":11506251.86489825},"median":{"confidence_interval":{"confidence_level":0.95,"lower_bound":2683714182.5,"upper_bound":2756526997.0},"point_estimate":2730372528.5,"standard_error":19551905.89433365},"median_abs_dev":{"confidence_interval":{"confidence_level":0.95,"lower_bound":7002610.265278816,"upper_bound":62822276.884281635},"point_estimate":50296824.561452866,"standard_error":14782645.848450532},"slope":null,"std_dev":{"confidence_interval":{"confidence_level":0.95,"lower_bound":22869843.553950783,"upper_bound":45758908.90021296},"point_estimate":38430668.02473772,"standard_error":5745526.724528318}}