{"mean":{"confidence_interval":{"confidence_level":0.95,"lower_bound":2026727572.9,"upper_bound":2046387327.0774999},"point_estimate":2036351804.2,"standard_error":5013370.480814941},"median":{"confidence_interval":{"confidence_level":0.95,"lower_bound":2021343431.0,"upper_bound":2049392563.0},"point_estimate":2035310377.5,"standard_error":9727888.811912661},"median_abs_dev":{"confidence_interval":{"confidence_level":0.95,"lower_bound":255068.72337162495,"upper_bound":26406428.751692176},"point_estimate":20792821.182453632,"standard_error":7089082.509680251},"slope":null,"std_dev":{"confidence_interval":{"confidence_level":0.95,"lower_bound":10908349.900103593,"upper_bound":20225784.463080265},"point_estimate":16757964.113607164,"standard_error":2422741.129067057}}