{"mean":{"confidence_interval":{"confidence_level":0.95,"lower_bound":1954633641.735,"upper_bound":1967350463.2},"point_estimate":1960624304.1,"standard_error":3245490.9082264607},"median":{"confidence_interval":{"confidence_level":0.95,"lower_bound":1950818705.0,"upper_bound":1965989497.5},"point_estimate":1959479821.5,"standard_error":3429634.216924865},"median_abs_dev":{"confidence_interval":{"confidence_level":0.95,"lower_bound":982232.119461894,"upper_bound":17326672.201690078},"point_estimate":10759755.814576149,"standard_error":4114331.1940865642},"slope":null,"std_dev":{"confidence_interval":{"confidence_level":0.95,"lower_bound":5095810.728560877,"upper_bound":14659488.748265672},"point_estimate":10812080.234602934,"standard_error":2646366.4908816796}}