{"mean":{"confidence_interval":{"confidence_level":0.95,"lower_bound":3314389105.375,"upper_bound":3328729827.7825003},"point_estimate":3321338308.5,"standard_error":3670602.647678491},"median":{"confidence_interval":{"confidence_level":0.95,"lower_bound":3311052388.0,"upper_bound":3331224947.5},"point_estimate":3319485556.5,"standard_error":4366328.363338431},"median_abs_dev":{"confidence_interval":{"confidence_level":0.95,"lower_bound":2831260.3831350803,"upper_bound":23169716.564655304},"point_estimate":10030523.450222611,"standard_error":5258323.61859959},"slope":null,"std_dev":{"confidence_interval":{"confidence_level":0.95,"lower_bound":6511930.796381741,"upper_bound":15420626.752076447},"point_estimate":12250875.602428753,"standard_error":2285709.59287737}}