{"mean":{"confidence_interval":{"confidence_level":0.95,"lower_bound":2677945695.0,"upper_bound":2717460652.7},"point_estimate":2697266508.9,"standard_error":10112825.851088043},"median":{"confidence_interval":{"confidence_level":0.95,"lower_bound":2658974922.0,"upper_bound":2716578909.0},"point_estimate":2699909540.0,"standard_error":13735549.16100881},"median_abs_dev":{"confidence_interval":{"confidence_level":0.95,"lower_bound":2864223.0283498764,"upper_bound":64138768.580809236},"point_estimate":30273274.096941948,"standard_error":15245957.447893124},"slope":null,"std_dev":{"confidence_interval":{"confidence_level":0.95,"lower_bound":18905039.712690126,"upper_bound":43172660.63655305},"point_estimate":33577718.17216492,"standard_error":6542399.796026578}}