{"mean":{"confidence_interval":{"confidence_level":0.95,"lower_bound":2525567186.5525,"upper_bound":2549322893.1225},"point_estimate":2538134354.9,"standard_error":6092879.81091011},"median":{"confidence_interval":{"confidence_level":0.95,"lower_bound":2522833366.0,"upper_bound":2552552114.0},"point_estimate":2544077520.0,"standard_error":7800896.930562474},"median_abs_dev":{"confidence_interval":{"confidence_level":0.95,"lower_bound":4422203.573790193,"upper_bound":31937563.7321949},"point_estimate":14996765.601754189,"standard_error":7645093.893166831},"slope":null,"std_dev":{"confidence_interval":{"confidence_level":0.95,"lower_bound":9255452.335775228,"upper_bound":25776977.08955181},"point_estimate":20311967.357163236,"standard_error":4145369.5533181787}}