{"mean":{"confidence_interval":{"confidence_level":0.95,"lower_bound":1309521.9525886385,"upper_bound":1314548.8248971275},"point_estimate":1311777.695967909,"standard_error":1298.392380489177},"median":{"confidence_interval":{"confidence_level":0.95,"lower_bound":1308881.8371980677,"upper_bound":1314431.3260869565},"point_estimate":1310686.9411231885,"standard_error":1085.5314590441337},"median_abs_dev":{"confidence_interval":{"confidence_level":0.95,"lower_bound":432.5245613431369,"upper_bound":5867.731844196666},"point_estimate":1516.5279669531603,"standard_error":1419.744669089121},"slope":{"confidence_interval":{"confidence_level":0.95,"lower_bound":1309449.4812588205,"upper_bound":1311233.042502065},"point_estimate":1310297.790438547,"standard_error":447.227443228233},"std_dev":{"confidence_interval":{"confidence_level":0.95,"lower_bound":1267.1401890987022,"upper_bound":5781.462113444171},"point_estimate":4332.806996069979,"standard_error":1204.7840022438847}}