{"mean":{"confidence_interval":{"confidence_level":0.95,"lower_bound":17747.373974332775,"upper_bound":17866.791595795115},"point_estimate":17804.610303620993,"standard_error":29.84517661975565},"median":{"confidence_interval":{"confidence_level":0.95,"lower_bound":17779.719815248503,"upper_bound":17834.148711943795},"point_estimate":17790.452983780033,"standard_error":15.346987209611779},"median_abs_dev":{"confidence_interval":{"confidence_level":0.95,"lower_bound":3.916499566170343,"upper_bound":144.69238267710017},"point_estimate":25.88952950963295,"standard_error":32.29149673268391},"slope":{"confidence_interval":{"confidence_level":0.95,"lower_bound":17786.77712384603,"upper_bound":17836.28246821814},"point_estimate":17810.21723998094,"standard_error":12.708895457579695},"std_dev":{"confidence_interval":{"confidence_level":0.95,"lower_bound":20.241046650298497,"upper_bound":142.88569074084572},"point_estimate":99.91908903491444,"standard_error":32.620837162131956}}