{"mean":{"confidence_interval":{"confidence_level":0.95,"lower_bound":18642.45533740983,"upper_bound":18742.05255591855},"point_estimate":18685.313805860933,"standard_error":25.892020861766284},"median":{"confidence_interval":{"confidence_level":0.95,"lower_bound":18638.75241132545,"upper_bound":18706.527449353525},"point_estimate":18668.73462283067,"standard_error":16.207607736483457},"median_abs_dev":{"confidence_interval":{"confidence_level":0.95,"lower_bound":11.562931790154842,"upper_bound":101.0670204849668},"point_estimate":37.1490510128426,"standard_error":23.62039536174864},"slope":{"confidence_interval":{"confidence_level":0.95,"lower_bound":18618.23873439353,"upper_bound":18697.837543754278},"point_estimate":18660.27674971782,"standard_error":20.846086642444323},"std_dev":{"confidence_interval":{"confidence_level":0.95,"lower_bound":24.875009469818266,"upper_bound":125.62673940084463},"point_estimate":86.22668408280387,"standard_error":30.138821178456265}}