{"mean":{"confidence_interval":{"confidence_level":0.95,"lower_bound":-0.053433420810238094,"upper_bound":-0.05101815478878841},"point_estimate":-0.05222380703552698,"standard_error":0.0006140786976003782},"median":{"confidence_interval":{"confidence_level":0.95,"lower_bound":-0.0527526943634643,"upper_bound":-0.05096179571568126},"point_estimate":-0.05175607535586357,"standard_error":0.0004430231777584426}}