{"mean":{"confidence_interval":{"confidence_level":0.95,"lower_bound":0.014096658201707402,"upper_bound":0.017007335116692668},"point_estimate":0.0155395803216547,"standard_error":0.0007357756697513296},"median":{"confidence_interval":{"confidence_level":0.95,"lower_bound":0.013234968794324953,"upper_bound":0.01596104348852556},"point_estimate":0.014404494725670736,"standard_error":0.0006781906571919203}}