{"mean":{"confidence_interval":{"confidence_level":0.95,"lower_bound":0.16395805437211564,"upper_bound":0.1760646520109441},"point_estimate":0.1700141521552554,"standard_error":0.0030913181188367937},"median":{"confidence_interval":{"confidence_level":0.95,"lower_bound":0.15091545360117264,"upper_bound":0.18312160078784184},"point_estimate":0.17666642291940104,"standard_error":0.00932945984439356}}