{"mean":{"confidence_interval":{"confidence_level":0.95,"lower_bound":-0.20978765861160945,"upper_bound":-0.20596586788789126},"point_estimate":-0.20811686351712888,"standard_error":0.0009544198493344053},"median":{"confidence_interval":{"confidence_level":0.95,"lower_bound":-0.2111184254898193,"upper_bound":-0.20855775949684208},"point_estimate":-0.2098331225221064,"standard_error":0.0006670691374555694}}