{"mean":{"confidence_interval":{"confidence_level":0.95,"lower_bound":0.003051968873877177,"upper_bound":0.016290510144098786},"point_estimate":0.010123078194631319,"standard_error":0.0033765889492500746},"median":{"confidence_interval":{"confidence_level":0.95,"lower_bound":-0.004530544717379015,"upper_bound":0.035155159836418814},"point_estimate":0.014361122299126006,"standard_error":0.013102356580969811}}