{"mean":{"confidence_interval":{"confidence_level":0.95,"lower_bound":2699559914.1549997,"upper_bound":2713588237.7275},"point_estimate":2706590433.5,"standard_error":3588056.9908629907},"median":{"confidence_interval":{"confidence_level":0.95,"lower_bound":2696584498.0,"upper_bound":2714810052.0},"point_estimate":2708472293.5,"standard_error":5165535.268019042},"median_abs_dev":{"confidence_interval":{"confidence_level":0.95,"lower_bound":3249800.5796045065,"upper_bound":20569760.309913754},"point_estimate":12659060.52595675,"standard_error":4504735.564708287},"slope":null,"std_dev":{"confidence_interval":{"confidence_level":0.95,"lower_bound":6931887.547761095,"upper_bound":15144574.887895884},"point_estimate":11926371.374511577,"standard_error":2128858.254993277}}