{"mean":{"confidence_interval":{"confidence_level":0.95,"lower_bound":2480902334.8,"upper_bound":2507348854.2725},"point_estimate":2493813727.4,"standard_error":6751434.727518041},"median":{"confidence_interval":{"confidence_level":0.95,"lower_bound":2474356712.0,"upper_bound":2513219738.5},"point_estimate":2490924544.0,"standard_error":12051138.948651545},"median_abs_dev":{"confidence_interval":{"confidence_level":0.95,"lower_bound":3551549.7044473886,"upper_bound":38361891.80814028},"point_estimate":23419121.756127477,"standard_error":9659117.774708169},"slope":null,"std_dev":{"confidence_interval":{"confidence_level":0.95,"lower_bound":14006543.37710992,"upper_bound":27418468.03920262},"point_estimate":22591694.821241736,"standard_error":3482227.9759739437}}