{"mean":{"confidence_interval":{"confidence_level":0.95,"lower_bound":2952342092.415,"upper_bound":2986220026.1},"point_estimate":2968982801.3,"standard_error":8690831.932517149},"median":{"confidence_interval":{"confidence_level":0.95,"lower_bound":2948494580.0,"upper_bound":2992189118.0},"point_estimate":2965689168.0,"standard_error":10663333.661217429},"median_abs_dev":{"confidence_interval":{"confidence_level":0.95,"lower_bound":6392530.754309893,"upper_bound":52284779.11435962},"point_estimate":31633092.553800344,"standard_error":12348408.805258125},"slope":null,"std_dev":{"confidence_interval":{"confidence_level":0.95,"lower_bound":16134083.780554427,"upper_bound":36135365.977419466},"point_estimate":28945402.313459344,"standard_error":5099062.864663811}}