{"mean":{"confidence_interval":{"confidence_level":0.95,"lower_bound":3126621426.8,"upper_bound":3143498562.5425},"point_estimate":3135087242.6,"standard_error":4319528.057621268},"median":{"confidence_interval":{"confidence_level":0.95,"lower_bound":3121749613.0,"upper_bound":3148062447.0},"point_estimate":3135319230.5,"standard_error":7053784.059736091},"median_abs_dev":{"confidence_interval":{"confidence_level":0.95,"lower_bound":4753777.42100358,"upper_bound":23787944.445079565},"point_estimate":18093017.749884725,"standard_error":5102089.661336244},"slope":null,"std_dev":{"confidence_interval":{"confidence_level":0.95,"lower_bound":8990678.577912053,"upper_bound":17269372.692097448},"point_estimate":14389571.767466167,"standard_error":2101449.785912175}}