{"mean":{"confidence_interval":{"confidence_level":0.95,"lower_bound":2506039500.4725003,"upper_bound":2526693031.6125},"point_estimate":2515332033.4,"standard_error":5290160.090262309},"median":{"confidence_interval":{"confidence_level":0.95,"lower_bound":2503899150.5,"upper_bound":2519968933.0},"point_estimate":2514102785.5,"standard_error":3257855.0879098563},"median_abs_dev":{"confidence_interval":{"confidence_level":0.95,"lower_bound":1777196.2949484587,"upper_bound":25200262.508305907},"point_estimate":5635025.208458304,"standard_error":6422583.498639237},"slope":null,"std_dev":{"confidence_interval":{"confidence_level":0.95,"lower_bound":5304157.890552171,"upper_bound":25104374.811238676},"point_estimate":17586597.175929055,"standard_error":5488997.241546663}}