{"mean":{"confidence_interval":{"confidence_level":0.95,"lower_bound":2484484879.1825,"upper_bound":2494913229.5},"point_estimate":2489114549.8,"standard_error":2666508.687013985},"median":{"confidence_interval":{"confidence_level":0.95,"lower_bound":2485393768.5,"upper_bound":2490816554.5},"point_estimate":2487717747.5,"standard_error":1345172.9917462105},"median_abs_dev":{"confidence_interval":{"confidence_level":0.95,"lower_bound":463866.9841647148,"upper_bound":10077114.895695448},"point_estimate":2434174.14958477,"standard_error":2426885.226335038},"slope":null,"std_dev":{"confidence_interval":{"confidence_level":0.95,"lower_bound":1950399.8092579632,"upper_bound":12959364.757097824},"point_estimate":8895661.852813736,"standard_error":3115850.2171288645}}