{"mean":{"confidence_interval":{"confidence_level":0.95,"lower_bound":3064807914.5,"upper_bound":3124237190.9},"point_estimate":3094522552.7,"standard_error":15168663.743787553},"median":{"confidence_interval":{"confidence_level":0.95,"lower_bound":3049043643.0,"upper_bound":3137285034.0},"point_estimate":3100009077.0,"standard_error":24968206.592047438},"median_abs_dev":{"confidence_interval":{"confidence_level":0.95,"lower_bound":12530021.695947647,"upper_bound":83497262.50342727},"point_estimate":59202648.41294289,"standard_error":18233873.320572075},"slope":null,"std_dev":{"confidence_interval":{"confidence_level":0.95,"lower_bound":31076024.7830982,"upper_bound":62085144.90365955},"point_estimate":50464153.85640751,"standard_error":7995209.587544715}}