{"mean":{"confidence_interval":{"confidence_level":0.95,"lower_bound":-0.22268686000513568,"upper_bound":-0.21149212199893688},"point_estimate":-0.21736927823902852,"standard_error":0.002834467619170089},"median":{"confidence_interval":{"confidence_level":0.95,"lower_bound":-0.22474018994442346,"upper_bound":-0.20965581018984314},"point_estimate":-0.22089129703966737,"standard_error":0.004083130981176457}}