{"mean":{"confidence_interval":{"confidence_level":0.95,"lower_bound":0.00011788847304500805,"upper_bound":0.0131779477389829},"point_estimate":0.006710770102128949,"standard_error":0.003330377124637673},"median":{"confidence_interval":{"confidence_level":0.95,"lower_bound":-0.0019776878560812117,"upper_bound":0.01620223601622217},"point_estimate":0.00796117866523871,"standard_error":0.004373454604247519}}