{"mean":{"confidence_interval":{"confidence_level":0.95,"lower_bound":0.013503327876550125,"upper_bound":0.027074305420816663},"point_estimate":0.01994561295218711,"standard_error":0.003454865025863393},"median":{"confidence_interval":{"confidence_level":0.95,"lower_bound":0.01071472442744592,"upper_bound":0.027015699221921263},"point_estimate":0.018835286471636348,"standard_error":0.004394902745629709}}