{"mean":{"confidence_interval":{"confidence_level":0.95,"lower_bound":-0.01843908351069839,"upper_bound":-0.009111541828180946},"point_estimate":-0.013777577301471555,"standard_error":0.002406216944820856},"median":{"confidence_interval":{"confidence_level":0.95,"lower_bound":-0.01729001434676858,"upper_bound":-0.0059348960212418644},"point_estimate":-0.01150728235433196,"standard_error":0.0025080615028037863}}