{"mean":{"confidence_interval":{"confidence_level":0.95,"lower_bound":-0.12382513807065473,"upper_bound":-0.11182875289662995},"point_estimate":-0.11788628401746093,"standard_error":0.0030668925263983306},"median":{"confidence_interval":{"confidence_level":0.95,"lower_bound":-0.1259677369360812,"upper_bound":-0.11113813769758007},"point_estimate":-0.11867762448078556,"standard_error":0.003674729010521096}}