{"mean":{"confidence_interval":{"confidence_level":0.95,"lower_bound":9958976.704034887,"upper_bound":11242161.560022982},"point_estimate":10664452.562585978,"standard_error":331489.22367867886},"median":{"confidence_interval":{"confidence_level":0.95,"lower_bound":9971024.28888889,"upper_bound":11391088.638888888},"point_estimate":11203105.575892858,"standard_error":358021.07623996155},"median_abs_dev":{"confidence_interval":{"confidence_level":0.95,"lower_bound":57342.78172571166,"upper_bound":1575105.3507557334},"point_estimate":515598.1260686622,"standard_error":418438.25653919834},"slope":{"confidence_interval":{"confidence_level":0.95,"lower_bound":10942745.556352459,"upper_bound":11486211.279959477},"point_estimate":11295199.177056277,"standard_error":140368.25898895125},"std_dev":{"confidence_interval":{"confidence_level":0.95,"lower_bound":348135.86586971435,"upper_bound":1484052.6468109444},"point_estimate":1109673.093743142,"standard_error":303269.6084764855}}