{"mean":{"confidence_interval":{"confidence_level":0.95,"lower_bound":10999627.781499997,"upper_bound":11055319.23925},"point_estimate":11026299.144,"standard_error":14197.289200131847},"median":{"confidence_interval":{"confidence_level":0.95,"lower_bound":10971652.8,"upper_bound":11015608.6},"point_estimate":10987272.8,"standard_error":10727.1736401885},"median_abs_dev":{"confidence_interval":{"confidence_level":0.95,"lower_bound":73452.1539759647,"upper_bound":122945.64063727745},"point_estimate":106460.6115299466,"standard_error":13163.983367038258},"slope":null,"std_dev":{"confidence_interval":{"confidence_level":0.95,"lower_bound":107261.76206393448,"upper_bound":175932.0179566144},"point_estimate":142645.97918881918,"standard_error":17687.205676079582}}