{"mean":{"confidence_interval":{"confidence_level":0.95,"lower_bound":12680961.081562499,"upper_bound":12772140.553875},"point_estimate":12724705.845,"standard_error":23277.384048447},"median":{"confidence_interval":{"confidence_level":0.95,"lower_bound":12624694.0,"upper_bound":12708774.875},"point_estimate":12670967.25,"standard_error":23298.277909005767},"median_abs_dev":{"confidence_interval":{"confidence_level":0.95,"lower_bound":125156.82730302215,"upper_bound":233884.40832272172},"point_estimate":175650.8465565741,"standard_error":28277.873664049985},"slope":null,"std_dev":{"confidence_interval":{"confidence_level":0.95,"lower_bound":181981.9320293739,"upper_bound":288824.4408731242},"point_estimate":233815.7793784365,"standard_error":27929.793735710122}}