{"mean":{"confidence_interval":{"confidence_level":0.95,"lower_bound":12347865.799450003,"upper_bound":12402468.6589},"point_estimate":12372759.192,"standard_error":13978.04268518302},"median":{"confidence_interval":{"confidence_level":0.95,"lower_bound":12333200.4,"upper_bound":12369578.2},"point_estimate":12348078.7,"standard_error":9578.422321314272},"median_abs_dev":{"confidence_interval":{"confidence_level":0.95,"lower_bound":62755.93646585914,"upper_bound":110139.09032464138},"point_estimate":84136.80720627308,"standard_error":11969.682889052285},"slope":null,"std_dev":{"confidence_interval":{"confidence_level":0.95,"lower_bound":85857.69682298643,"upper_bound":203176.05915320385},"point_estimate":141025.44781663618,"standard_error":35174.6944685849}}