{"mean":{"confidence_interval":{"confidence_level":0.95,"lower_bound":10953156.678799998,"upper_bound":11005008.355649998},"point_estimate":10978709.161999995,"standard_error":13231.04952243241},"median":{"confidence_interval":{"confidence_level":0.95,"lower_bound":10933625.5,"upper_bound":10996740.4},"point_estimate":10966711.8,"standard_error":17074.24211409478},"median_abs_dev":{"confidence_interval":{"confidence_level":0.95,"lower_bound":88695.0608253479,"upper_bound":146396.51746094172},"point_estimate":119460.04809916047,"standard_error":14814.757764229837},"slope":null,"std_dev":{"confidence_interval":{"confidence_level":0.95,"lower_bound":110411.92810469859,"upper_bound":152784.53964275014},"point_estimate":132499.18846281595,"standard_error":10816.81714554798}}