{"mean":{"confidence_interval":{"confidence_level":0.95,"lower_bound":13017884.7920625,"upper_bound":13082392.756874999},"point_estimate":13049326.335,"standard_error":16505.63656431624},"median":{"confidence_interval":{"confidence_level":0.95,"lower_bound":12993563.0,"upper_bound":13054803.375},"point_estimate":13018821.875,"standard_error":16111.299346400026},"median_abs_dev":{"confidence_interval":{"confidence_level":0.95,"lower_bound":102556.44395425916,"upper_bound":186176.00909471512},"point_estimate":146418.05222555995,"standard_error":22699.70227945523},"slope":null,"std_dev":{"confidence_interval":{"confidence_level":0.95,"lower_bound":134625.0251638013,"upper_bound":196468.9689271146},"point_estimate":165992.32576069885,"standard_error":15821.86374138859}}