{"mean":{"confidence_interval":{"confidence_level":0.95,"lower_bound":7383176.113642857,"upper_bound":7440576.0115714315},"point_estimate":7412155.087142855,"standard_error":14664.035902559583},"median":{"confidence_interval":{"confidence_level":0.95,"lower_bound":7384619.071428571,"upper_bound":7468889.714285715},"point_estimate":7441074.428571429,"standard_error":18883.514505261992},"median_abs_dev":{"confidence_interval":{"confidence_level":0.95,"lower_bound":137187.30536443766,"upper_bound":204984.48416079773},"point_estimate":177069.1387563937,"standard_error":17252.854026309124},"slope":null,"std_dev":{"confidence_interval":{"confidence_level":0.95,"lower_bound":129578.58076758396,"upper_bound":164613.92083546115},"point_estimate":147440.85374667952,"standard_error":8948.869527764306}}