{"mean":{"confidence_interval":{"confidence_level":0.95,"lower_bound":19306260.145416666,"upper_bound":19544751.826666668},"point_estimate":19424351.816666663,"standard_error":60855.08598169752},"median":{"confidence_interval":{"confidence_level":0.95,"lower_bound":19078868.666666668,"upper_bound":19479235.333333336},"point_estimate":19298713.833333336,"standard_error":110064.75423650876},"median_abs_dev":{"confidence_interval":{"confidence_level":0.95,"lower_bound":468467.73898303695,"upper_bound":855076.9327193471},"point_estimate":684654.5367449513,"standard_error":101557.98003234624},"slope":null,"std_dev":{"confidence_interval":{"confidence_level":0.95,"lower_bound":542800.9015322947,"upper_bound":663221.4174504199},"point_estimate":608559.3389162752,"standard_error":30713.636851830972}}