{"mean":{"confidence_interval":{"confidence_level":0.95,"lower_bound":91715409.68374999,"upper_bound":91837776.8985},"point_estimate":91777903.7,"standard_error":31181.473955381145},"median":{"confidence_interval":{"confidence_level":0.95,"lower_bound":91761275.0,"upper_bound":91875572.5},"point_estimate":91825914.5,"standard_error":29554.91056784376},"median_abs_dev":{"confidence_interval":{"confidence_level":0.95,"lower_bound":184089.2496317625,"upper_bound":311964.23866152763},"point_estimate":263526.9562214613,"standard_error":33366.47547497476},"slope":null,"std_dev":{"confidence_interval":{"confidence_level":0.95,"lower_bound":250774.32944691405,"upper_bound":368260.3011822072},"point_estimate":313664.8492585902,"standard_error":30049.29846806188}}