{"mean":{"confidence_interval":{"confidence_level":0.95,"lower_bound":18916869.49399999,"upper_bound":19142244.313749995},"point_estimate":19023704.853333328,"standard_error":57304.26605637356},"median":{"confidence_interval":{"confidence_level":0.95,"lower_bound":18848157.333333332,"upper_bound":19096908.333333332},"point_estimate":18931925.666666668,"standard_error":75205.249145536},"median_abs_dev":{"confidence_interval":{"confidence_level":0.95,"lower_bound":398324.6987283211,"upper_bound":651720.3080296498},"point_estimate":482513.39693367295,"standard_error":64948.152172601505},"slope":null,"std_dev":{"confidence_interval":{"confidence_level":0.95,"lower_bound":428018.9308926101,"upper_bound":754038.4834807432},"point_estimate":575458.4646956816,"standard_error":92018.38983377037}}