{"mean":{"confidence_interval":{"confidence_level":0.95,"lower_bound":17673788.94208333,"upper_bound":17762061.846083324},"point_estimate":17716415.976666667,"standard_error":22554.136399695093},"median":{"confidence_interval":{"confidence_level":0.95,"lower_bound":17650812.0,"upper_bound":17737993.0},"point_estimate":17685111.5,"standard_error":23841.275792572436},"median_abs_dev":{"confidence_interval":{"confidence_level":0.95,"lower_bound":155151.8633455038,"upper_bound":247476.3289064169},"point_estimate":200050.67384838875,"standard_error":22951.84924359368},"slope":null,"std_dev":{"confidence_interval":{"confidence_level":0.95,"lower_bound":178089.23316684557,"upper_bound":274533.00467079773},"point_estimate":227779.89219462185,"standard_error":24765.59647267302}}