{"mean":{"confidence_interval":{"confidence_level":0.95,"lower_bound":20462765.982416674,"upper_bound":20580857.74041666},"point_estimate":20520591.113333333,"standard_error":30216.353004596876},"median":{"confidence_interval":{"confidence_level":0.95,"lower_bound":20422849.833333336,"upper_bound":20545694.0},"point_estimate":20500327.833333336,"standard_error":41427.671859840346},"median_abs_dev":{"confidence_interval":{"confidence_level":0.95,"lower_bound":219837.4530971032,"upper_bound":392577.6470303563},"point_estimate":296533.0910354862,"standard_error":41157.548027402074},"slope":null,"std_dev":{"confidence_interval":{"confidence_level":0.95,"lower_bound":259041.073753667,"upper_bound":345931.146348315},"point_estimate":304494.8228036959,"standard_error":22242.090689214703}}