{"mean":{"confidence_interval":{"confidence_level":0.95,"lower_bound":33522794.13,"upper_bound":34163986.63125},"point_estimate":33816379.675,"standard_error":164675.8798136849},"median":{"confidence_interval":{"confidence_level":0.95,"lower_bound":33212786.0,"upper_bound":33576423.5},"point_estimate":33344568.5,"standard_error":90876.87538583626},"median_abs_dev":{"confidence_interval":{"confidence_level":0.95,"lower_bound":514032.9781740904,"upper_bound":874656.8892717361},"point_estimate":688841.1519706249,"standard_error":91495.60454245316},"slope":null,"std_dev":{"confidence_interval":{"confidence_level":0.95,"lower_bound":940266.7274739154,"upper_bound":2222786.175141161},"point_estimate":1647790.126325637,"standard_error":325965.0279126802}}