{"mean":{"confidence_interval":{"confidence_level":0.95,"lower_bound":19396871.476416666,"upper_bound":19589757.815499995},"point_estimate":19490523.15999999,"standard_error":49219.846640359974},"median":{"confidence_interval":{"confidence_level":0.95,"lower_bound":19313139.333333332,"upper_bound":19579819.666666668},"point_estimate":19456393.0,"standard_error":63253.23994370091},"median_abs_dev":{"confidence_interval":{"confidence_level":0.95,"lower_bound":339599.90217089653,"upper_bound":527212.7606751018},"point_estimate":417773.939383029,"standard_error":48467.73786624865},"slope":null,"std_dev":{"confidence_interval":{"confidence_level":0.95,"lower_bound":393494.4429110407,"upper_bound":584339.4656390963},"point_estimate":491738.35035543435,"standard_error":48979.19661640937}}