{"mean":{"confidence_interval":{"confidence_level":0.95,"lower_bound":94322130.30150001,"upper_bound":94607321.62825},"point_estimate":94462223.32,"standard_error":72368.29334665401},"median":{"confidence_interval":{"confidence_level":0.95,"lower_bound":94333842.0,"upper_bound":94611629.0},"point_estimate":94512695.5,"standard_error":65128.89677600305},"median_abs_dev":{"confidence_interval":{"confidence_level":0.95,"lower_bound":526884.8960459232,"upper_bound":815417.3834234476},"point_estimate":651447.7567344904,"standard_error":74595.37772894322},"slope":null,"std_dev":{"confidence_interval":{"confidence_level":0.95,"lower_bound":566763.2508686963,"upper_bound":919970.3167625365},"point_estimate":729976.045316818,"standard_error":93718.26879142533}}