{"mean":{"confidence_interval":{"confidence_level":0.95,"lower_bound":20103337.788000003,"upper_bound":20184315.090333335},"point_estimate":20143061.953333337,"standard_error":20648.749559169824},"median":{"confidence_interval":{"confidence_level":0.95,"lower_bound":20030637.833333336,"upper_bound":20172645.166666668},"point_estimate":20075430.166666664,"standard_error":35425.61871591357},"median_abs_dev":{"confidence_interval":{"confidence_level":0.95,"lower_bound":146260.2171033584,"upper_bound":270468.2421982325},"point_estimate":202224.65960979369,"standard_error":31145.40881906522},"slope":null,"std_dev":{"confidence_interval":{"confidence_level":0.95,"lower_bound":179938.71919230575,"upper_bound":231528.7249881834},"point_estimate":207267.38339832422,"standard_error":13174.558391984167}}