{"mean":{"confidence_interval":{"confidence_level":0.95,"lower_bound":15319842.099375,"upper_bound":15340182.538437499},"point_estimate":15329650.2425,"standard_error":5171.51528995512},"median":{"confidence_interval":{"confidence_level":0.95,"lower_bound":15313059.75,"upper_bound":15333433.875},"point_estimate":15322337.25,"standard_error":4881.129259216882},"median_abs_dev":{"confidence_interval":{"confidence_level":0.95,"lower_bound":33343.302758038044,"upper_bound":53181.41703084111},"point_estimate":42717.78239160776,"standard_error":5089.432263879074},"slope":null,"std_dev":{"confidence_interval":{"confidence_level":0.95,"lower_bound":39274.76206636935,"upper_bound":66014.10160353174},"point_estimate":52126.138138332135,"standard_error":7058.7852274954785}}