{"mean":{"confidence_interval":{"confidence_level":0.95,"lower_bound":19602646.385083336,"upper_bound":19645541.04366667},"point_estimate":19622918.94999999,"standard_error":10969.260790122367},"median":{"confidence_interval":{"confidence_level":0.95,"lower_bound":19579583.833333332,"upper_bound":19618002.166666664},"point_estimate":19593254.166666668,"standard_error":8556.692539124511},"median_abs_dev":{"confidence_interval":{"confidence_level":0.95,"lower_bound":52898.42576086521,"upper_bound":91536.46367490292},"point_estimate":71661.71682775205,"standard_error":9647.87069028102},"slope":null,"std_dev":{"confidence_interval":{"confidence_level":0.95,"lower_bound":77424.24034743133,"upper_bound":144227.4340730599},"point_estimate":110106.00119305888,"standard_error":17598.604966794202}}