{"mean":{"confidence_interval":{"confidence_level":0.95,"lower_bound":19849022.707,"upper_bound":19936566.460749995},"point_estimate":19889610.693333328,"standard_error":22353.80543563847},"median":{"confidence_interval":{"confidence_level":0.95,"lower_bound":19784213.333333332,"upper_bound":19881950.333333332},"point_estimate":19833413.166666664,"standard_error":24589.210880926625},"median_abs_dev":{"confidence_interval":{"confidence_level":0.95,"lower_bound":112709.4368340075,"upper_bound":185758.1012271342},"point_estimate":159335.76047123031,"standard_error":17432.479449865998},"slope":null,"std_dev":{"confidence_interval":{"confidence_level":0.95,"lower_bound":149967.2034604405,"upper_bound":308299.39828609594},"point_estimate":225188.3361868281,"standard_error":44570.0117173432}}