{"mean":{"confidence_interval":{"confidence_level":0.95,"lower_bound":20710694.339666672,"upper_bound":20757931.904749997},"point_estimate":20733744.836666666,"standard_error":12073.181986573944},"median":{"confidence_interval":{"confidence_level":0.95,"lower_bound":20678373.333333332,"upper_bound":20736076.0},"point_estimate":20699414.333333332,"standard_error":15128.642681689935},"median_abs_dev":{"confidence_interval":{"confidence_level":0.95,"lower_bound":73350.89239776134,"upper_bound":127542.88663566113},"point_estimate":102644.59687769228,"standard_error":13749.881766981858},"slope":null,"std_dev":{"confidence_interval":{"confidence_level":0.95,"lower_bound":102419.92332299904,"upper_bound":137941.27316053587},"point_estimate":121587.77817389744,"standard_error":9056.90875448083}}