{"mean":{"confidence_interval":{"confidence_level":0.95,"lower_bound":19825756.883249994,"upper_bound":19863843.450166654},"point_estimate":19843074.436666664,"standard_error":9720.388005727458},"median":{"confidence_interval":{"confidence_level":0.95,"lower_bound":19815876.0,"upper_bound":19850829.833333336},"point_estimate":19829204.666666664,"standard_error":8250.934186187958},"median_abs_dev":{"confidence_interval":{"confidence_level":0.95,"lower_bound":56555.752795932836,"upper_bound":84753.074595334},"point_estimate":73860.90678870678,"standard_error":7300.180204814704},"slope":null,"std_dev":{"confidence_interval":{"confidence_level":0.95,"lower_bound":59369.02017067019,"upper_bound":141305.60103384283},"point_estimate":97557.35233881457,"standard_error":24637.84407056254}}