{"mean":{"confidence_interval":{"confidence_level":0.95,"lower_bound":10558412.316599997,"upper_bound":10651840.815999996},"point_estimate":10602685.415999997,"standard_error":23821.224854547236},"median":{"confidence_interval":{"confidence_level":0.95,"lower_bound":10560810.0,"upper_bound":10631551.100000001},"point_estimate":10590672.7,"standard_error":21247.889798431675},"median_abs_dev":{"confidence_interval":{"confidence_level":0.95,"lower_bound":131002.8301942365,"upper_bound":213006.62081837654},"point_estimate":170081.9416004436,"standard_error":20251.5702478828},"slope":null,"std_dev":{"confidence_interval":{"confidence_level":0.95,"lower_bound":162840.43461612586,"upper_bound":326978.736690972},"point_estimate":239294.83572172342,"standard_error":45193.23988815754}}