{"mean":{"confidence_interval":{"confidence_level":0.95,"lower_bound":15634080.9051875,"upper_bound":15703781.815499999},"point_estimate":15668790.6425,"standard_error":17742.36177471188},"median":{"confidence_interval":{"confidence_level":0.95,"lower_bound":15612399.0,"upper_bound":15716638.625},"point_estimate":15676952.0,"standard_error":25040.513844038614},"median_abs_dev":{"confidence_interval":{"confidence_level":0.95,"lower_bound":144491.36722851548,"upper_bound":234521.9263114035},"point_estimate":196059.76181924343,"standard_error":22996.30818110033},"slope":null,"std_dev":{"confidence_interval":{"confidence_level":0.95,"lower_bound":154777.31206765457,"upper_bound":200305.39949688764},"point_estimate":178725.18125005206,"standard_error":11684.133470975763}}