{"mean":{"confidence_interval":{"confidence_level":0.95,"lower_bound":-0.24304457983330616,"upper_bound":-0.23426694290649736},"point_estimate":-0.23875679363586677,"standard_error":0.0022212988500045047},"median":{"confidence_interval":{"confidence_level":0.95,"lower_bound":-0.25521875794455884,"upper_bound":-0.2220089351180098},"point_estimate":-0.24075175356542633,"standard_error":0.010522128547329182}}