{"mean":{"confidence_interval":{"confidence_level":0.95,"lower_bound":0.010039869530152741,"upper_bound":0.018864255411017734},"point_estimate":0.014294817787006142,"standard_error":0.0022609686006819754},"median":{"confidence_interval":{"confidence_level":0.95,"lower_bound":-0.00252847223319852,"upper_bound":0.03412175624101832},"point_estimate":0.02440901227194181,"standard_error":0.012234606483398903}}