{"mean":{"confidence_interval":{"confidence_level":0.95,"lower_bound":-0.021951723732085888,"upper_bound":-0.01814599078373531},"point_estimate":-0.020013118980069522,"standard_error":0.0009711123774931532},"median":{"confidence_interval":{"confidence_level":0.95,"lower_bound":-0.019712506139888397,"upper_bound":-0.01768626817195862},"point_estimate":-0.018831406030766606,"standard_error":0.0005120441162369283}}