{"mean":{"confidence_interval":{"confidence_level":0.95,"lower_bound":-0.22141742229322925,"upper_bound":-0.2132811160522226},"point_estimate":-0.21776408909052236,"standard_error":0.002076132576857501},"median":{"confidence_interval":{"confidence_level":0.95,"lower_bound":-0.23417155746253182,"upper_bound":-0.20394361572216635},"point_estimate":-0.21155843753768988,"standard_error":0.00959714756960065}}