{"mean":{"confidence_interval":{"confidence_level":0.95,"lower_bound":2570588254.3525,"upper_bound":2597421924.9},"point_estimate":2584278509.5,"standard_error":6869267.484566941},"median":{"confidence_interval":{"confidence_level":0.95,"lower_bound":2562634902.0,"upper_bound":2601732042.0},"point_estimate":2588733177.0,"standard_error":9356757.481400713},"median_abs_dev":{"confidence_interval":{"confidence_level":0.95,"lower_bound":5557069.360542297,"upper_bound":39582612.73546815},"point_estimate":19982326.772242785,"standard_error":9014733.619073233},"slope":null,"std_dev":{"confidence_interval":{"confidence_level":0.95,"lower_bound":12485916.405445214,"upper_bound":28879311.919471785},"point_estimate":22856330.550616816,"standard_error":4142006.0129160197}}