{"mean":{"confidence_interval":{"confidence_level":0.95,"lower_bound":2019608683.7749999,"upper_bound":2033317046.2},"point_estimate":2026520062.9,"standard_error":3485408.740493459},"median":{"confidence_interval":{"confidence_level":0.95,"lower_bound":2020801506.5,"upper_bound":2033567956.0},"point_estimate":2024971207.5,"standard_error":3239662.7548822737},"median_abs_dev":{"confidence_interval":{"confidence_level":0.95,"lower_bound":1552953.048929572,"upper_bound":19195475.38381219},"point_estimate":7730580.937054753,"standard_error":4478549.940111706},"slope":null,"std_dev":{"confidence_interval":{"confidence_level":0.95,"lower_bound":4795932.310671453,"upper_bound":15789822.630404318},"point_estimate":11563170.557934565,"standard_error":2836034.033616185}}