{"mean":{"confidence_interval":{"confidence_level":0.95,"lower_bound":2654008927.0,"upper_bound":2680956256.5},"point_estimate":2667082493.9,"standard_error":6888946.245711829},"median":{"confidence_interval":{"confidence_level":0.95,"lower_bound":2653128959.0,"upper_bound":2683294890.0},"point_estimate":2664214093.5,"standard_error":6795293.026923546},"median_abs_dev":{"confidence_interval":{"confidence_level":0.95,"lower_bound":1918623.7303376198,"upper_bound":39535268.129208684},"point_estimate":18537885.21538675,"standard_error":9682834.660753205},"slope":null,"std_dev":{"confidence_interval":{"confidence_level":0.95,"lower_bound":10679966.135964956,"upper_bound":30457083.033670124},"point_estimate":22866624.71946544,"standard_error":5165694.198941971}}