{"mean":{"confidence_interval":{"confidence_level":0.95,"lower_bound":2783133122.2825,"upper_bound":2798001850.765},"point_estimate":2790851122.6,"standard_error":3800284.6033264864},"median":{"confidence_interval":{"confidence_level":0.95,"lower_bound":2781037144.5,"upper_bound":2801542093.0},"point_estimate":2791118827.0,"standard_error":4895960.340516209},"median_abs_dev":{"confidence_interval":{"confidence_level":0.95,"lower_bound":1908674.7432142496,"upper_bound":22958821.166199446},"point_estimate":11501249.280712008,"standard_error":5383581.8544063},"slope":null,"std_dev":{"confidence_interval":{"confidence_level":0.95,"lower_bound":6771979.480822445,"upper_bound":15908325.696612313},"point_estimate":12616862.959610691,"standard_error":2378772.5147990026}}