{"mean":{"confidence_interval":{"confidence_level":0.95,"lower_bound":2789322542.9,"upper_bound":2816044096.45},"point_estimate":2803830627.6,"standard_error":6886495.505454115},"median":{"confidence_interval":{"confidence_level":0.95,"lower_bound":2792822658.5,"upper_bound":2818517416.0},"point_estimate":2807568452.0,"standard_error":7268301.953225653},"median_abs_dev":{"confidence_interval":{"confidence_level":0.95,"lower_bound":2806663.3082717657,"upper_bound":33843978.993049264},"point_estimate":15519703.075370193,"standard_error":7910627.946963089},"slope":null,"std_dev":{"confidence_interval":{"confidence_level":0.95,"lower_bound":9345486.837400855,"upper_bound":31698484.7957096},"point_estimate":22975110.32073935,"standard_error":6254899.957638588}}