{"mean":{"confidence_interval":{"confidence_level":0.95,"lower_bound":2466503288.935,"upper_bound":2485021501.4},"point_estimate":2475777816.3,"standard_error":4708678.141153665},"median":{"confidence_interval":{"confidence_level":0.95,"lower_bound":2468581451.5,"upper_bound":2483655636.0},"point_estimate":2476362359.0,"standard_error":3281128.614553793},"median_abs_dev":{"confidence_interval":{"confidence_level":0.95,"lower_bound":1250552.3213982582,"upper_bound":25773835.218822956},"point_estimate":9333530.222296715,"standard_error":5914071.195854579},"slope":null,"std_dev":{"confidence_interval":{"confidence_level":0.95,"lower_bound":4881260.5579993855,"upper_bound":21638360.639510136},"point_estimate":15647029.941336224,"standard_error":4204727.8661205415}}