{"mean":{"confidence_interval":{"confidence_level":0.95,"lower_bound":2475609069.0425,"upper_bound":2496015107.6},"point_estimate":2484967878.6,"standard_error":5246550.080776551},"median":{"confidence_interval":{"confidence_level":0.95,"lower_bound":2472552882.0,"upper_bound":2497369382.0},"point_estimate":2479233806.5,"standard_error":6445797.880687546},"median_abs_dev":{"confidence_interval":{"confidence_level":0.95,"lower_bound":2741884.067621827,"upper_bound":27104153.642705083},"point_estimate":10473849.753051996,"standard_error":6685607.61928758},"slope":null,"std_dev":{"confidence_interval":{"confidence_level":0.95,"lower_bound":6380273.114303484,"upper_bound":22346695.807980753},"point_estimate":17445896.92419603,"standard_error":3938527.6953701396}}