{"mean":{"confidence_interval":{"confidence_level":0.95,"lower_bound":68376480197.7,"upper_bound":69481323986.125},"point_estimate":68884870931.6,"standard_error":283915525.437087},"median":{"confidence_interval":{"confidence_level":0.95,"lower_bound":68206145918.0,"upper_bound":69440234007.0},"point_estimate":68694198162.5,"standard_error":325911360.37003434},"median_abs_dev":{"confidence_interval":{"confidence_level":0.95,"lower_bound":48194686.088973284,"upper_bound":1441863944.5874848},"point_estimate":737234304.0811747,"standard_error":361932572.6834371},"slope":null,"std_dev":{"confidence_interval":{"confidence_level":0.95,"lower_bound":384309297.18924373,"upper_bound":1245060260.0242405},"point_estimate":946551685.8556623,"standard_error":224706952.07474592}}