{"mean":{"confidence_interval":{"confidence_level":0.95,"lower_bound":286591858.55,"upper_bound":288399501.85},"point_estimate":287446753.95,"standard_error":464543.69703207357},"median":{"confidence_interval":{"confidence_level":0.95,"lower_bound":286165450.0,"upper_bound":288450033.0},"point_estimate":287131010.5,"standard_error":711926.5044691821},"median_abs_dev":{"confidence_interval":{"confidence_level":0.95,"lower_bound":119390.06938040257,"upper_bound":2700485.7992067933},"point_estimate":1441666.5003553033,"standard_error":651208.6863486042},"slope":null,"std_dev":{"confidence_interval":{"confidence_level":0.95,"lower_bound":811060.9451133406,"upper_bound":2001355.402670692},"point_estimate":1552502.1199108884,"standard_error":317906.44391890016}}