{"mean":{"confidence_interval":{"confidence_level":0.95,"lower_bound":269558061.5,"upper_bound":273592564.3575},"point_estimate":272112341.45,"standard_error":1167662.9507804078},"median":{"confidence_interval":{"confidence_level":0.95,"lower_bound":272524475.75,"upper_bound":273761008.0},"point_estimate":273411947.25,"standard_error":431738.6602852065},"median_abs_dev":{"confidence_interval":{"confidence_level":0.95,"lower_bound":33680.59425204992,"upper_bound":1395520.9468245506},"point_estimate":568387.6877591014,"standard_error":477741.843019944},"slope":null,"std_dev":{"confidence_interval":{"confidence_level":0.95,"lower_bound":343832.7448717379,"upper_bound":5981162.599005091},"point_estimate":3894851.048262154,"standard_error":1973946.764194489}}