{"mean":{"confidence_interval":{"confidence_level":0.95,"lower_bound":342185101.86125004,"upper_bound":353655578.96375},"point_estimate":348680439.2,"standard_error":2977081.057602707},"median":{"confidence_interval":{"confidence_level":0.95,"lower_bound":346188965.75,"upper_bound":354193292.5},"point_estimate":350272785.25,"standard_error":1980098.747070934},"median_abs_dev":{"confidence_interval":{"confidence_level":0.95,"lower_bound":991113.2639542222,"upper_bound":11657321.09734118},"point_estimate":4668600.5699157715,"standard_error":2667804.227120417},"slope":null,"std_dev":{"confidence_interval":{"confidence_level":0.95,"lower_bound":2834850.527190561,"upper_bound":14408636.429654052},"point_estimate":9913208.143117405,"standard_error":3446128.741863089}}