{"mean":{"confidence_interval":{"confidence_level":0.95,"lower_bound":292367598.25,"upper_bound":293849617.23625},"point_estimate":293141910.3,"standard_error":380543.5795180702},"median":{"confidence_interval":{"confidence_level":0.95,"lower_bound":291944097.0,"upper_bound":294205849.25},"point_estimate":293427008.25,"standard_error":601558.1231475358},"median_abs_dev":{"confidence_interval":{"confidence_level":0.95,"lower_bound":134830.97745627165,"upper_bound":2004822.8341072798},"point_estimate":1165144.1847145557,"standard_error":517131.6516502499},"slope":null,"std_dev":{"confidence_interval":{"confidence_level":0.95,"lower_bound":613442.2503640291,"upper_bound":1520124.3811981755},"point_estimate":1262496.455149769,"standard_error":214332.9214666593}}