{"mean":{"confidence_interval":{"confidence_level":0.95,"lower_bound":296534438.75,"upper_bound":301456802.4},"point_estimate":299200897.5,"standard_error":1263627.0660376025},"median":{"confidence_interval":{"confidence_level":0.95,"lower_bound":296714931.5,"upper_bound":302465595.5},"point_estimate":300012135.25,"standard_error":1501950.138388018},"median_abs_dev":{"confidence_interval":{"confidence_level":0.95,"lower_bound":690632.1327388287,"upper_bound":6430598.732534051},"point_estimate":3608775.8395314217,"standard_error":1512805.9216430965},"slope":null,"std_dev":{"confidence_interval":{"confidence_level":0.95,"lower_bound":1764434.246281759,"upper_bound":5591640.89137484},"point_estimate":4219202.074291924,"standard_error":1027406.5270290574}}