{"mean":{"confidence_interval":{"confidence_level":0.95,"lower_bound":290561350.4,"upper_bound":293679986.93375},"point_estimate":292505950.8,"standard_error":884125.4163265155},"median":{"confidence_interval":{"confidence_level":0.95,"lower_bound":292881108.0,"upper_bound":293609740.75},"point_estimate":293383914.0,"standard_error":289161.351062131},"median_abs_dev":{"confidence_interval":{"confidence_level":0.95,"lower_bound":66207.35507458448,"upper_bound":1293099.604792893},"point_estimate":509174.49806034565,"standard_error":370506.4441635725},"slope":null,"std_dev":{"confidence_interval":{"confidence_level":0.95,"lower_bound":282424.3052040719,"upper_bound":4532566.443970911},"point_estimate":2948324.536143793,"standard_error":1458173.66062905}}