{"mean":{"confidence_interval":{"confidence_level":0.95,"lower_bound":43850944.01575,"upper_bound":44460393.4515},"point_estimate":44120813.615,"standard_error":157195.98150485026},"median":{"confidence_interval":{"confidence_level":0.95,"lower_bound":43722369.0,"upper_bound":43784510.75},"point_estimate":43754154.25,"standard_error":15815.099893316612},"median_abs_dev":{"confidence_interval":{"confidence_level":0.95,"lower_bound":109292.45160967112,"upper_bound":190929.5952603221},"point_estimate":156050.68957954645,"standard_error":20742.0904672953},"slope":null,"std_dev":{"confidence_interval":{"confidence_level":0.95,"lower_bound":618545.5075668679,"upper_bound":2277451.699683215},"point_estimate":1587762.6985843545,"standard_error":419546.0502973454}}