{"mean":{"confidence_interval":{"confidence_level":0.95,"lower_bound":44901165.9655,"upper_bound":45581088.473749995},"point_estimate":45187483.755,"standard_error":176006.2042768086},"median":{"confidence_interval":{"confidence_level":0.95,"lower_bound":44783408.5,"upper_bound":44951617.5},"point_estimate":44866683.5,"standard_error":47870.729388173415},"median_abs_dev":{"confidence_interval":{"confidence_level":0.95,"lower_bound":271073.3900874853,"upper_bound":477397.93282449245},"point_estimate":381302.8448805213,"standard_error":51292.52415595694},"slope":null,"std_dev":{"confidence_interval":{"confidence_level":0.95,"lower_bound":447081.9153410975,"upper_bound":2704349.7215109384},"point_estimate":1760414.3641218916,"standard_error":591950.5802636036}}