{"mean":{"confidence_interval":{"confidence_level":0.95,"lower_bound":43648840.504,"upper_bound":44358059.445375},"point_estimate":43945371.31,"standard_error":182795.46013522006},"median":{"confidence_interval":{"confidence_level":0.95,"lower_bound":43524166.25,"upper_bound":43642404.5},"point_estimate":43602012.0,"standard_error":34834.201945717774},"median_abs_dev":{"confidence_interval":{"confidence_level":0.95,"lower_bound":181831.62052184343,"upper_bound":347402.0845323801},"point_estimate":273594.9219927192,"standard_error":44898.77404046312},"slope":null,"std_dev":{"confidence_interval":{"confidence_level":0.95,"lower_bound":312670.9929886001,"upper_bound":2911252.0830851253},"point_estimate":1833700.6053717763,"standard_error":655248.1153540595}}