{"mean":{"confidence_interval":{"confidence_level":0.95,"lower_bound":47573979.263375,"upper_bound":47955296.544625},"point_estimate":47735661.61,"standard_error":98507.81287608462},"median":{"confidence_interval":{"confidence_level":0.95,"lower_bound":47475258.5,"upper_bound":47594198.5},"point_estimate":47527613.75,"standard_error":30380.324830282607},"median_abs_dev":{"confidence_interval":{"confidence_level":0.95,"lower_bound":160973.6627921462,"upper_bound":319214.15253281593},"point_estimate":236678.55329811573,"standard_error":39371.98256076978},"slope":null,"std_dev":{"confidence_interval":{"confidence_level":0.95,"lower_bound":295004.3792826115,"upper_bound":1533416.7891275252},"point_estimate":991902.1691810201,"standard_error":329891.64315899427}}