{"mean":{"confidence_interval":{"confidence_level":0.95,"lower_bound":34737340.177125,"upper_bound":35968857.948874995},"point_estimate":35330677.59,"standard_error":314783.5780573047},"median":{"confidence_interval":{"confidence_level":0.95,"lower_bound":33682866.0,"upper_bound":34633854.5},"point_estimate":34128204.75,"standard_error":194915.7310435712},"median_abs_dev":{"confidence_interval":{"confidence_level":0.95,"lower_bound":1368069.8670119047,"upper_bound":2597244.5793896914},"point_estimate":1808740.4626384377,"standard_error":283900.5797310014},"slope":null,"std_dev":{"confidence_interval":{"confidence_level":0.95,"lower_bound":2508732.85567631,"upper_bound":3781915.297947271},"point_estimate":3155573.9157648473,"standard_error":326503.0385951627}}