{"mean":{"confidence_interval":{"confidence_level":0.95,"lower_bound":47065130.98075,"upper_bound":47253739.845125},"point_estimate":47156511.57,"standard_error":48135.25889351591},"median":{"confidence_interval":{"confidence_level":0.95,"lower_bound":46941948.5,"upper_bound":47137051.75},"point_estimate":47080290.25,"standard_error":52764.53576427967},"median_abs_dev":{"confidence_interval":{"confidence_level":0.95,"lower_bound":281717.3459485173,"upper_bound":504873.9851804449},"point_estimate":420133.2501411438,"standard_error":60098.505499755054},"slope":null,"std_dev":{"confidence_interval":{"confidence_level":0.95,"lower_bound":375638.67950566125,"upper_bound":578276.4463478525},"point_estimate":483133.89716328314,"standard_error":52088.10614272059}}