{"mean":{"confidence_interval":{"confidence_level":0.95,"lower_bound":43788080.651125,"upper_bound":44165017.80375},"point_estimate":43948306.38,"standard_error":97636.19271408589},"median":{"confidence_interval":{"confidence_level":0.95,"lower_bound":43691312.0,"upper_bound":43820827.5},"point_estimate":43744370.5,"standard_error":36629.01912842885},"median_abs_dev":{"confidence_interval":{"confidence_level":0.95,"lower_bound":171293.67055892944,"upper_bound":300796.55435979366},"point_estimate":233194.07270997763,"standard_error":33919.22126755619},"slope":null,"std_dev":{"confidence_interval":{"confidence_level":0.95,"lower_bound":309071.3656723873,"upper_bound":1536727.5241126565},"point_estimate":983382.2627885208,"standard_error":331830.8739381796}}