{"mean":{"confidence_interval":{"confidence_level":0.95,"lower_bound":44799255.205625,"upper_bound":45402625.8515},"point_estimate":45039452.705,"standard_error":158715.36875731582},"median":{"confidence_interval":{"confidence_level":0.95,"lower_bound":44661554.0,"upper_bound":44866871.0},"point_estimate":44769685.25,"standard_error":49931.67187086022},"median_abs_dev":{"confidence_interval":{"confidence_level":0.95,"lower_bound":339407.90547430515,"upper_bound":582050.1615690438},"point_estimate":482122.6082906127,"standard_error":63993.814734432344},"slope":null,"std_dev":{"confidence_interval":{"confidence_level":0.95,"lower_bound":520152.1484165051,"upper_bound":2598101.8520418867},"point_estimate":1595209.3364301973,"standard_error":680753.7073149623}}