{"mean":{"confidence_interval":{"confidence_level":0.95,"lower_bound":84501190.83698909,"upper_bound":84908542.20111111},"point_estimate":84700070.22545633,"standard_error":104581.1544787586},"median":{"confidence_interval":{"confidence_level":0.95,"lower_bound":84439305.35714287,"upper_bound":85005131.875},"point_estimate":84634808.83680555,"standard_error":131419.34063986788},"median_abs_dev":{"confidence_interval":{"confidence_level":0.95,"lower_bound":60403.429194286524,"upper_bound":619623.8224294737},"point_estimate":332576.1784876786,"standard_error":138143.86754277948},"slope":{"confidence_interval":{"confidence_level":0.95,"lower_bound":84412058.70242214,"upper_bound":84758754.19387755},"point_estimate":84611248.87792207,"standard_error":88419.9880936233},"std_dev":{"confidence_interval":{"confidence_level":0.95,"lower_bound":187164.0505134798,"upper_bound":440507.4782093759},"point_estimate":349245.10979683214,"standard_error":64750.105013825596}}