{"mean":{"confidence_interval":{"confidence_level":0.95,"lower_bound":90434146.73883183,"upper_bound":93092041.35472222},"point_estimate":91400432.4449008,"standard_error":779175.1434061828},"median":{"confidence_interval":{"confidence_level":0.95,"lower_bound":90381712.34375,"upper_bound":91082568.625},"point_estimate":90458232.29444444,"standard_error":232013.91225965475},"median_abs_dev":{"confidence_interval":{"confidence_level":0.95,"lower_bound":35573.06693095024,"upper_bound":856663.9169974253},"point_estimate":179780.81822658554,"standard_error":284420.7131403765},"slope":{"confidence_interval":{"confidence_level":0.95,"lower_bound":90441065.33623092,"upper_bound":91205231.8997006},"point_estimate":90769710.45974027,"standard_error":223939.44456063412},"std_dev":{"confidence_interval":{"confidence_level":0.95,"lower_bound":106306.17906585542,"upper_bound":3998611.829904689},"point_estimate":2602229.1286796015,"standard_error":1341976.6933537226}}