{"mean":{"confidence_interval":{"confidence_level":0.95,"lower_bound":88628446.48766372,"upper_bound":89890729.2913889},"point_estimate":89265184.71081349,"standard_error":323939.2461063909},"median":{"confidence_interval":{"confidence_level":0.95,"lower_bound":88141404.32142857,"upper_bound":90028076.0},"point_estimate":89631572.44166666,"standard_error":574014.6312440523},"median_abs_dev":{"confidence_interval":{"confidence_level":0.95,"lower_bound":142500.55537012624,"upper_bound":1897785.8865475596},"point_estimate":1280485.7265834957,"standard_error":491503.93445923197},"slope":{"confidence_interval":{"confidence_level":0.95,"lower_bound":88884795.95214522,"upper_bound":90478774.14746442},"point_estimate":89858773.0038961,"standard_error":408656.33331117383},"std_dev":{"confidence_interval":{"confidence_level":0.95,"lower_bound":665037.6689820829,"upper_bound":1308699.9255211542},"point_estimate":1078472.8467953186,"standard_error":162793.4703354959}}