{"mean":{"confidence_interval":{"confidence_level":0.95,"lower_bound":88651993.36668403,"upper_bound":89642936.44427381},"point_estimate":89146299.39212301,"standard_error":254786.37607540548},"median":{"confidence_interval":{"confidence_level":0.95,"lower_bound":88666120.70625,"upper_bound":89841248.25},"point_estimate":89001255.08333334,"standard_error":271578.8636009858},"median_abs_dev":{"confidence_interval":{"confidence_level":0.95,"lower_bound":43553.04215178998,"upper_bound":1612549.305396527},"point_estimate":596545.7577242192,"standard_error":461957.79506016657},"slope":{"confidence_interval":{"confidence_level":0.95,"lower_bound":88674212.19823232,"upper_bound":90046611.26775956},"point_estimate":89319086.9922078,"standard_error":360409.1886235607},"std_dev":{"confidence_interval":{"confidence_level":0.95,"lower_bound":441101.9166833661,"upper_bound":1100643.167114035},"point_estimate":850170.8764413155,"standard_error":167970.15194164694}}