{"mean":{"confidence_interval":{"confidence_level":0.95,"lower_bound":279261.6798206321,"upper_bound":280539.4838191717},"point_estimate":279810.0634436382,"standard_error":328.56456756031116},"median":{"confidence_interval":{"confidence_level":0.95,"lower_bound":278991.01056338026,"upper_bound":279560.45326384145},"point_estimate":279340.8566066066,"standard_error":123.38100084807253},"median_abs_dev":{"confidence_interval":{"confidence_level":0.95,"lower_bound":734.6123519726618,"upper_bound":1187.0836491497842},"point_estimate":1021.2763136274115,"standard_error":108.70298356257891},"slope":{"confidence_interval":{"confidence_level":0.95,"lower_bound":278921.4570275275,"upper_bound":280577.7352127255},"point_estimate":279696.2747628196,"standard_error":421.07216007713134},"std_dev":{"confidence_interval":{"confidence_level":0.95,"lower_bound":1228.148529886989,"upper_bound":5116.4639809226155},"point_estimate":3298.436284093325,"standard_error":1082.5917712782743}}