{"mean":{"confidence_interval":{"confidence_level":0.95,"lower_bound":3796202821.21,"upper_bound":3826653943.2},"point_estimate":3810086518.7,"standard_error":7834061.32846966},"median":{"confidence_interval":{"confidence_level":0.95,"lower_bound":3789696310.0,"upper_bound":3830809850.5},"point_estimate":3804223063.5,"standard_error":7701100.7582483115},"median_abs_dev":{"confidence_interval":{"confidence_level":0.95,"lower_bound":2434235.677483678,"upper_bound":37704385.40661335},"point_estimate":15244287.149959803,"standard_error":9580285.99163293},"slope":null,"std_dev":{"confidence_interval":{"confidence_level":0.95,"lower_bound":9067269.664069172,"upper_bound":33217022.896596882},"point_estimate":26083873.938696466,"standard_error":6347590.822847619}}