{"mean":{"confidence_interval":{"confidence_level":0.95,"lower_bound":3414300872.5225,"upper_bound":3445168002.155},"point_estimate":3429653323.8,"standard_error":7896799.471059791},"median":{"confidence_interval":{"confidence_level":0.95,"lower_bound":3407325397.0,"upper_bound":3449881776.0},"point_estimate":3428708813.0,"standard_error":11901086.226019414},"median_abs_dev":{"confidence_interval":{"confidence_level":0.95,"lower_bound":3941500.1843243837,"upper_bound":43330919.02372241},"point_estimate":31547043.192628026,"standard_error":10214213.701645695},"slope":null,"std_dev":{"confidence_interval":{"confidence_level":0.95,"lower_bound":15644914.33598447,"upper_bound":33012516.318392202},"point_estimate":26368105.500820734,"standard_error":4429499.274364549}}