{"mean":{"confidence_interval":{"confidence_level":0.95,"lower_bound":3744833486.9025,"upper_bound":3790751372.2475},"point_estimate":3768052689.1,"standard_error":11700132.516980456},"median":{"confidence_interval":{"confidence_level":0.95,"lower_bound":3743088993.0,"upper_bound":3797482375.0},"point_estimate":3767227680.5,"standard_error":13347635.866877992},"median_abs_dev":{"confidence_interval":{"confidence_level":0.95,"lower_bound":6987957.729738951,"upper_bound":69071505.45553565},"point_estimate":36636510.89967191,"standard_error":15013137.939826228},"slope":null,"std_dev":{"confidence_interval":{"confidence_level":0.95,"lower_bound":20093631.20973685,"upper_bound":51379630.209679686},"point_estimate":38984012.0848184,"standard_error":8097566.055212098}}