{"mean":{"confidence_interval":{"confidence_level":0.95,"lower_bound":4022856750.9825,"upper_bound":4220032206.8525},"point_estimate":4127150625.8,"standard_error":50646154.88228649},"median":{"confidence_interval":{"confidence_level":0.95,"lower_bound":3922997396.0,"upper_bound":4248285797.5},"point_estimate":4189608431.0,"standard_error":74694231.07131982},"median_abs_dev":{"confidence_interval":{"confidence_level":0.95,"lower_bound":19590984.130990505,"upper_bound":249195101.1255026},"point_estimate":105994083.27882886,"standard_error":64827322.245016396},"slope":null,"std_dev":{"confidence_interval":{"confidence_level":0.95,"lower_bound":63837170.42287345,"upper_bound":200733982.87461823},"point_estimate":168953418.86739275,"standard_error":29728899.878804687}}