{"mean":{"confidence_interval":{"confidence_level":0.95,"lower_bound":3459521142.6,"upper_bound":3510746430.2},"point_estimate":3486796839.9,"standard_error":13164869.070585297},"median":{"confidence_interval":{"confidence_level":0.95,"lower_bound":3463221047.0,"upper_bound":3515849482.0},"point_estimate":3496305966.0,"standard_error":11853036.803190503},"median_abs_dev":{"confidence_interval":{"confidence_level":0.95,"lower_bound":878501.2710034847,"upper_bound":71927268.76843572},"point_estimate":34039028.362986445,"standard_error":18779199.11694794},"slope":null,"std_dev":{"confidence_interval":{"confidence_level":0.95,"lower_bound":17232437.513256144,"upper_bound":57879450.9091019},"point_estimate":43882836.28054155,"standard_error":10450276.795537554}}