{"mean":{"confidence_interval":{"confidence_level":0.95,"lower_bound":95609513574.1125,"upper_bound":96550526760.9},"point_estimate":96031308576.6,"standard_error":242868285.86382282},"median":{"confidence_interval":{"confidence_level":0.95,"lower_bound":95489924594.0,"upper_bound":96439673293.5},"point_estimate":95722305249.0,"standard_error":254160664.57665935},"median_abs_dev":{"confidence_interval":{"confidence_level":0.95,"lower_bound":69909531.74725771,"upper_bound":1162583770.1424122},"point_estimate":450812791.47197306,"standard_error":278857489.1435977},"slope":null,"std_dev":{"confidence_interval":{"confidence_level":0.95,"lower_bound":271617864.5916293,"upper_bound":1099440568.4121857},"point_estimate":809015664.8372334,"standard_error":223194129.74185118}}