{"mean":{"confidence_interval":{"confidence_level":0.95,"lower_bound":95898926378.3475,"upper_bound":97696695792.7775},"point_estimate":96800628124.4,"standard_error":460452213.79241765},"median":{"confidence_interval":{"confidence_level":0.95,"lower_bound":95613068892.0,"upper_bound":97949487715.0},"point_estimate":96841478419.0,"standard_error":478185163.311399},"median_abs_dev":{"confidence_interval":{"confidence_level":0.95,"lower_bound":207639055.90386987,"upper_bound":2846079720.8088846},"point_estimate":1002985429.3550491,"standard_error":705249980.7794544},"slope":null,"std_dev":{"confidence_interval":{"confidence_level":0.95,"lower_bound":802409757.3935589,"upper_bound":1975395422.0431921},"point_estimate":1534506579.3024988,"standard_error":302076006.86156625}}