{"mean":{"confidence_interval":{"confidence_level":0.95,"lower_bound":70593836846.97,"upper_bound":71142398734.0125},"point_estimate":70856404498.4,"standard_error":140047784.92005855},"median":{"confidence_interval":{"confidence_level":0.95,"lower_bound":70552818872.5,"upper_bound":71114908147.5},"point_estimate":70840882980.0,"standard_error":138305175.67629895},"median_abs_dev":{"confidence_interval":{"confidence_level":0.95,"lower_bound":111809847.8022784,"upper_bound":757623616.4069921},"point_estimate":327848406.3232273,"standard_error":164421466.2512495},"slope":null,"std_dev":{"confidence_interval":{"confidence_level":0.95,"lower_bound":204369103.2529657,"upper_bound":636798923.3220905},"point_estimate":467354629.9581253,"standard_error":113254636.00484292}}