{"mean":{"confidence_interval":{"confidence_level":0.95,"lower_bound":91958270075.4,"upper_bound":92643752843.2},"point_estimate":92277621913.9,"standard_error":176808223.95249322},"median":{"confidence_interval":{"confidence_level":0.95,"lower_bound":91872588222.5,"upper_bound":92729191317.5},"point_estimate":92137460939.5,"standard_error":158557812.06762335},"median_abs_dev":{"confidence_interval":{"confidence_level":0.95,"lower_bound":16464431.345897913,"upper_bound":893808838.4855211},"point_estimate":230503012.1694535,"standard_error":259678337.98153153},"slope":null,"std_dev":{"confidence_interval":{"confidence_level":0.95,"lower_bound":210726177.586731,"upper_bound":756000841.8475599},"point_estimate":593303660.7242727,"standard_error":140718693.46520188}}