{"mean":{"confidence_interval":{"confidence_level":0.95,"lower_bound":97616551689.00749,"upper_bound":98355768591.0},"point_estimate":97980407898.3,"standard_error":189837268.99109945},"median":{"confidence_interval":{"confidence_level":0.95,"lower_bound":97402306658.0,"upper_bound":98456675567.0},"point_estimate":98017194352.0,"standard_error":245335864.34181523},"median_abs_dev":{"confidence_interval":{"confidence_level":0.95,"lower_bound":81139296.95768952,"upper_bound":1189239959.16827},"point_estimate":608873931.0938269,"standard_error":265424611.2885613},"slope":null,"std_dev":{"confidence_interval":{"confidence_level":0.95,"lower_bound":362977428.78132415,"upper_bound":785672131.9504017},"point_estimate":631808043.2527814,"standard_error":108931860.0679452}}