{"mean":{"confidence_interval":{"confidence_level":0.95,"lower_bound":92175242058.3025,"upper_bound":93801807134.2725},"point_estimate":92984120709.2,"standard_error":415620313.76231676},"median":{"confidence_interval":{"confidence_level":0.95,"lower_bound":91851674868.5,"upper_bound":94346366928.0},"point_estimate":92651597656.0,"standard_error":781955080.1322803},"median_abs_dev":{"confidence_interval":{"confidence_level":0.95,"lower_bound":153648833.14418793,"upper_bound":2276784646.2834926},"point_estimate":1830936444.6053803,"standard_error":556254574.422564},"slope":null,"std_dev":{"confidence_interval":{"confidence_level":0.95,"lower_bound":905293416.4315354,"upper_bound":1631335457.4655912},"point_estimate":1388646903.1421235,"standard_error":185965509.84096992}}