{"mean":{"confidence_interval":{"confidence_level":0.95,"lower_bound":94843086481.7725,"upper_bound":95851957224.4975},"point_estimate":95376857568.8,"standard_error":259354916.2553329},"median":{"confidence_interval":{"confidence_level":0.95,"lower_bound":94757478343.5,"upper_bound":96118698941.0},"point_estimate":95409205335.0,"standard_error":324475339.4846454},"median_abs_dev":{"confidence_interval":{"confidence_level":0.95,"lower_bound":148261758.69662762,"upper_bound":1472895350.1654804},"point_estimate":912357565.9545153,"standard_error":373128044.5524917},"slope":null,"std_dev":{"confidence_interval":{"confidence_level":0.95,"lower_bound":417316391.3074254,"upper_bound":1113713634.7574704},"point_estimate":864259305.1731999,"standard_error":184005028.81654397}}