{"mean":{"confidence_interval":{"confidence_level":0.95,"lower_bound":6589972.476656251,"upper_bound":6727053.4481875},"point_estimate":6654236.6925,"standard_error":35010.64343650837},"median":{"confidence_interval":{"confidence_level":0.95,"lower_bound":6494969.75,"upper_bound":6539185.0},"point_estimate":6510855.8125,"standard_error":10815.608146043653},"median_abs_dev":{"confidence_interval":{"confidence_level":0.95,"lower_bound":43564.99561406672,"upper_bound":87498.69530908763},"point_estimate":65924.5491296053,"standard_error":10487.63132849707},"slope":null,"std_dev":{"confidence_interval":{"confidence_level":0.95,"lower_bound":246716.26737030584,"upper_bound":441499.3113468017},"point_estimate":352415.4213431202,"standard_error":49637.34874820833}}