{"mean":{"confidence_interval":{"confidence_level":0.95,"lower_bound":6059780.993138886,"upper_bound":6153526.310388885},"point_estimate":6100751.023333333,"standard_error":24281.003398854344},"median":{"confidence_interval":{"confidence_level":0.95,"lower_bound":6031216.333333334,"upper_bound":6050117.111111111},"point_estimate":6040479.166666666,"standard_error":4420.771384370197},"median_abs_dev":{"confidence_interval":{"confidence_level":0.95,"lower_bound":27227.474908282045,"upper_bound":53987.372790698784},"point_estimate":40933.59687328293,"standard_error":6228.740965300106},"slope":null,"std_dev":{"confidence_interval":{"confidence_level":0.95,"lower_bound":84590.32143396857,"upper_bound":363385.5868072429},"point_estimate":243425.16732657523,"standard_error":70699.95852491328}}