{"mean":{"confidence_interval":{"confidence_level":0.95,"lower_bound":6054112.102111108,"upper_bound":6099263.496583332},"point_estimate":6074163.327777778,"standard_error":11587.714473596945},"median":{"confidence_interval":{"confidence_level":0.95,"lower_bound":6037837.555555556,"upper_bound":6059001.611111112},"point_estimate":6049592.777777778,"standard_error":5345.603301426038},"median_abs_dev":{"confidence_interval":{"confidence_level":0.95,"lower_bound":32278.342960278962,"upper_bound":60181.862864892224},"point_estimate":43946.07528646825,"standard_error":7309.748007284718},"slope":null,"std_dev":{"confidence_interval":{"confidence_level":0.95,"lower_bound":59620.62850911507,"upper_bound":173026.57149124428},"point_estimate":116480.33898813337,"standard_error":32341.50751424677}}