{"mean":{"confidence_interval":{"confidence_level":0.95,"lower_bound":6094002.435472222,"upper_bound":6207343.272916664},"point_estimate":6146180.672222224,"standard_error":29044.137154633663},"median":{"confidence_interval":{"confidence_level":0.95,"lower_bound":6051272.0,"upper_bound":6067446.333333333},"point_estimate":6059339.111111111,"standard_error":3984.4610694072617},"median_abs_dev":{"confidence_interval":{"confidence_level":0.95,"lower_bound":23460.497250159737,"upper_bound":79098.93249571336},"point_estimate":42977.1962036686,"standard_error":14906.822867497547},"slope":null,"std_dev":{"confidence_interval":{"confidence_level":0.95,"lower_bound":174048.33870014458,"upper_bound":386625.74157521385},"point_estimate":291712.97948130354,"standard_error":54177.11721556498}}