{"mean":{"confidence_interval":{"confidence_level":0.95,"lower_bound":6761476.739125,"upper_bound":6872628.10834375},"point_estimate":6814669.935,"standard_error":28297.67188161956},"median":{"confidence_interval":{"confidence_level":0.95,"lower_bound":6667758.1875,"upper_bound":6793642.0},"point_estimate":6734121.8125,"standard_error":35160.93806436219},"median_abs_dev":{"confidence_interval":{"confidence_level":0.95,"lower_bound":149427.35952213407,"upper_bound":278882.24414885044},"point_estimate":213262.5546388328,"standard_error":34608.12195750968},"slope":null,"std_dev":{"confidence_interval":{"confidence_level":0.95,"lower_bound":223872.4334710218,"upper_bound":341148.8554423362},"point_estimate":284306.2210987875,"standard_error":30089.359464170506}}