{"mean":{"confidence_interval":{"confidence_level":0.95,"lower_bound":6138073.861305555,"upper_bound":6266849.055000002},"point_estimate":6197113.013333335,"standard_error":32835.49274795352},"median":{"confidence_interval":{"confidence_level":0.95,"lower_bound":6071132.777777778,"upper_bound":6114387.5},"point_estimate":6085397.777777778,"standard_error":11370.728331758046},"median_abs_dev":{"confidence_interval":{"confidence_level":0.95,"lower_bound":59003.03115248611,"upper_bound":104013.2837533944},"point_estimate":76675.86993873166,"standard_error":11421.359177853323},"slope":null,"std_dev":{"confidence_interval":{"confidence_level":0.95,"lower_bound":204383.1059246157,"upper_bound":434270.05860977253},"point_estimate":330393.30415593623,"standard_error":58534.47260907921}}