{"mean":{"confidence_interval":{"confidence_level":0.95,"lower_bound":4124295.8884230778,"upper_bound":4216571.016711539},"point_estimate":4163049.363846155,"standard_error":23895.898411542556},"median":{"confidence_interval":{"confidence_level":0.95,"lower_bound":4110533.653846154,"upper_bound":4128320.769230769},"point_estimate":4118878.0384615385,"standard_error":4838.910168129227},"median_abs_dev":{"confidence_interval":{"confidence_level":0.95,"lower_bound":27360.983352707302,"upper_bound":46328.683139039946},"point_estimate":39840.82565422244,"standard_error":5047.408620114739},"slope":null,"std_dev":{"confidence_interval":{"confidence_level":0.95,"lower_bound":35449.081577908,"upper_bound":371881.8858074756},"point_estimate":239868.83123507755,"standard_error":85601.65000711061}}