{"mean":{"confidence_interval":{"confidence_level":0.95,"lower_bound":-0.07068264875185289,"upper_bound":-0.04892364217866613},"point_estimate":-0.0596992763250509,"standard_error":0.005546052554388628},"median":{"confidence_interval":{"confidence_level":0.95,"lower_bound":-0.08275546572055503,"upper_bound":-0.05631812262728131},"point_estimate":-0.07478232821891007,"standard_error":0.007026998421587392}}