{"mean":{"confidence_interval":{"confidence_level":0.95,"lower_bound":-0.05086757771811055,"upper_bound":-0.03360478134536443},"point_estimate":-0.042090168711261144,"standard_error":0.0044072582764589805},"median":{"confidence_interval":{"confidence_level":0.95,"lower_bound":-0.05204317477436837,"upper_bound":-0.02972060373727735},"point_estimate":-0.04204803722373007,"standard_error":0.005737090762758467}}