{"mean":{"confidence_interval":{"confidence_level":0.95,"lower_bound":0.08483778874714824,"upper_bound":0.09842825011996068},"point_estimate":0.09158895256801647,"standard_error":0.0034560368185311318},"median":{"confidence_interval":{"confidence_level":0.95,"lower_bound":0.08910186645893359,"upper_bound":0.10219218725870238},"point_estimate":0.09728368789181596,"standard_error":0.0035970620537063465}}