{"mean":{"confidence_interval":{"confidence_level":0.95,"lower_bound":-0.3973307057939812,"upper_bound":-0.39321614963945195},"point_estimate":-0.3953597732567825,"standard_error":0.0010333970322252022},"median":{"confidence_interval":{"confidence_level":0.95,"lower_bound":-0.39890286190903046,"upper_bound":-0.3958770481989651},"point_estimate":-0.3976199831992737,"standard_error":0.0007589551343916267}}