{"mean":{"confidence_interval":{"confidence_level":0.95,"lower_bound":2.221202151659769,"upper_bound":2.2346899481852724},"point_estimate":2.2274734772029787,"standard_error":0.0034283900674185962},"median":{"confidence_interval":{"confidence_level":0.95,"lower_bound":2.2168731187169284,"upper_bound":2.2216508230266925},"point_estimate":2.2187870298568195,"standard_error":0.001230859833480251}}