{"mean":{"confidence_interval":{"confidence_level":0.95,"lower_bound":-0.6929897037713727,"upper_bound":-0.6892695259088852},"point_estimate":-0.6914251153751707,"standard_error":0.0009532069649626233},"median":{"confidence_interval":{"confidence_level":0.95,"lower_bound":-0.6940234829331611,"upper_bound":-0.6928417638255839},"point_estimate":-0.6933583133763654,"standard_error":0.0002829106683963683}}