{"mean":{"confidence_interval":{"confidence_level":0.95,"lower_bound":-0.01697894008921673,"upper_bound":-0.012514896172129857},"point_estimate":-0.014723437947165796,"standard_error":0.0011286514041970444},"median":{"confidence_interval":{"confidence_level":0.95,"lower_bound":-0.015030794629261277,"upper_bound":-0.013276604498989264},"point_estimate":-0.014079780807705666,"standard_error":0.0004513475859322642}}