{"mean":{"confidence_interval":{"confidence_level":0.95,"lower_bound":-0.004298190513663317,"upper_bound":0.06606623398314564},"point_estimate":0.030406394762833244,"standard_error":0.0180981184803475},"median":{"confidence_interval":{"confidence_level":0.95,"lower_bound":-0.054183849028259456,"upper_bound":-0.008915994198925414},"point_estimate":-0.03598001991305122,"standard_error":0.011623206025538107}}