{"mean":{"confidence_interval":{"confidence_level":0.95,"lower_bound":11058121.97515,"upper_bound":11174610.520200003},"point_estimate":11113604.564000003,"standard_error":29690.06619952086},"median":{"confidence_interval":{"confidence_level":0.95,"lower_bound":10972853.8,"upper_bound":11098728.6},"point_estimate":11025777.4,"standard_error":31614.63818046897},"median_abs_dev":{"confidence_interval":{"confidence_level":0.95,"lower_bound":148572.82596230507,"upper_bound":274604.4984447959},"point_estimate":211461.45512580982,"standard_error":30769.999337265577},"slope":null,"std_dev":{"confidence_interval":{"confidence_level":0.95,"lower_bound":223008.92432532512,"upper_bound":370923.26074601},"point_estimate":297763.62476879347,"standard_error":38169.92587039091}}