{"mean":{"confidence_interval":{"confidence_level":0.95,"lower_bound":11064286.115149993,"upper_bound":11111470.196349999},"point_estimate":11087244.910000002,"standard_error":12044.4280922722},"median":{"confidence_interval":{"confidence_level":0.95,"lower_bound":11036996.8,"upper_bound":11086333.8},"point_estimate":11073747.899999999,"standard_error":11831.22777967558},"median_abs_dev":{"confidence_interval":{"confidence_level":0.95,"lower_bound":71447.08577155846,"upper_bound":121628.13187716898},"point_estimate":93897.80065298108,"standard_error":12491.114213308772},"slope":null,"std_dev":{"confidence_interval":{"confidence_level":0.95,"lower_bound":97407.37473594923,"upper_bound":145102.1980660726},"point_estimate":121287.93793087392,"standard_error":12255.038131476787}}