{"mean":{"confidence_interval":{"confidence_level":0.95,"lower_bound":12364840.453849997,"upper_bound":12420339.381449997},"point_estimate":12391795.246000001,"standard_error":14114.179763518629},"median":{"confidence_interval":{"confidence_level":0.95,"lower_bound":12356520.7,"upper_bound":12397442.0},"point_estimate":12372064.7,"standard_error":11197.3696989277},"median_abs_dev":{"confidence_interval":{"confidence_level":0.95,"lower_bound":97697.11134553066,"upper_bound":164201.35706484152},"point_estimate":132721.01530373178,"standard_error":16622.069638686196},"slope":null,"std_dev":{"confidence_interval":{"confidence_level":0.95,"lower_bound":113375.23115633527,"upper_bound":169995.29517750308},"point_estimate":142274.37465798506,"standard_error":14574.198014592414}}