{"mean":{"confidence_interval":{"confidence_level":0.95,"lower_bound":13946867.9028125,"upper_bound":14114621.5324375},"point_estimate":14026003.17,"standard_error":43078.78179892618},"median":{"confidence_interval":{"confidence_level":0.95,"lower_bound":13888127.75,"upper_bound":13967416.0},"point_estimate":13927459.875,"standard_error":21324.655836238322},"median_abs_dev":{"confidence_interval":{"confidence_level":0.95,"lower_bound":124939.81173187494,"upper_bound":259922.57036045194},"point_estimate":178523.01335558295,"standard_error":34250.57314767503},"slope":null,"std_dev":{"confidence_interval":{"confidence_level":0.95,"lower_bound":294154.1945539952,"upper_bound":555724.8623909183},"point_estimate":434006.9654880524,"standard_error":66827.07891768057}}