{"mean":{"confidence_interval":{"confidence_level":0.95,"lower_bound":7170826.790392856,"upper_bound":7211711.900142859},"point_estimate":7190990.40857143,"standard_error":10439.607654395342},"median":{"confidence_interval":{"confidence_level":0.95,"lower_bound":7159836.857142857,"upper_bound":7211511.142857143},"point_estimate":7192710.285714285,"standard_error":13517.973311929676},"median_abs_dev":{"confidence_interval":{"confidence_level":0.95,"lower_bound":80725.15404684145,"upper_bound":133170.83613574505},"point_estimate":106495.05020933502,"standard_error":13970.532312531492},"slope":null,"std_dev":{"confidence_interval":{"confidence_level":0.95,"lower_bound":89224.95307283793,"upper_bound":119990.93972839689},"point_estimate":105160.45290636922,"standard_error":7848.309189743616}}