{"mean":{"confidence_interval":{"confidence_level":0.95,"lower_bound":11157628.628100004,"upper_bound":11269581.992100002},"point_estimate":11213628.552000001,"standard_error":28569.89246397988},"median":{"confidence_interval":{"confidence_level":0.95,"lower_bound":11104266.4,"upper_bound":11274259.4},"point_estimate":11183437.9,"standard_error":46479.29022143735},"median_abs_dev":{"confidence_interval":{"confidence_level":0.95,"lower_bound":242775.15264988167,"upper_bound":413247.01804339857},"point_estimate":334153.2746475946,"standard_error":46352.50102440371},"slope":null,"std_dev":{"confidence_interval":{"confidence_level":0.95,"lower_bound":255108.16949284376,"upper_bound":313644.32864518627},"point_estimate":286480.87268276553,"standard_error":14961.677153201306}}