{"mean":{"confidence_interval":{"confidence_level":0.95,"lower_bound":11569724.3951,"upper_bound":11704671.1611},"point_estimate":11635781.336000001,"standard_error":34308.84179857439},"median":{"confidence_interval":{"confidence_level":0.95,"lower_bound":11627022.0,"upper_bound":11732408.0},"point_estimate":11690472.8,"standard_error":29304.709025877786},"median_abs_dev":{"confidence_interval":{"confidence_level":0.95,"lower_bound":148217.0019686222,"upper_bound":306937.03867077717},"point_estimate":204063.57777714593,"standard_error":43159.260518223535},"slope":null,"std_dev":{"confidence_interval":{"confidence_level":0.95,"lower_bound":260133.08374691012,"upper_bound":435754.99328843574},"point_estimate":345244.30000640795,"standard_error":45581.21782956522}}