{"mean":{"confidence_interval":{"confidence_level":0.95,"lower_bound":151629533.8946032,"upper_bound":158845173.66913694},"point_estimate":155827405.06793648,"standard_error":1884812.681228412},"median":{"confidence_interval":{"confidence_level":0.95,"lower_bound":155651975.95,"upper_bound":158842944.81944445},"point_estimate":156407098.51190478,"standard_error":783485.0251550463},"median_abs_dev":{"confidence_interval":{"confidence_level":0.95,"lower_bound":119557.15839746266,"upper_bound":6023776.847406571},"point_estimate":1534545.375939712,"standard_error":1564366.2571093508},"slope":{"confidence_interval":{"confidence_level":0.95,"lower_bound":156413399.0509165,"upper_bound":157890056.6748971},"point_estimate":157007839.51948053,"standard_error":374484.5860985585},"std_dev":{"confidence_interval":{"confidence_level":0.95,"lower_bound":982098.3815821013,"upper_bound":9347489.542931717},"point_estimate":6279110.795560187,"standard_error":2487902.539335392}}