{"mean":{"confidence_interval":{"confidence_level":0.95,"lower_bound":151990315.28222817,"upper_bound":154340111.97618753},"point_estimate":153147352.20948413,"standard_error":602251.6837364939},"median":{"confidence_interval":{"confidence_level":0.95,"lower_bound":151333802.875,"upper_bound":155128290.375},"point_estimate":152719892.94444445,"standard_error":1110495.6571461307},"median_abs_dev":{"confidence_interval":{"confidence_level":0.95,"lower_bound":513953.3810880035,"upper_bound":3179601.4167632908},"point_estimate":2698798.9340217323,"standard_error":749226.3841431864},"slope":{"confidence_interval":{"confidence_level":0.95,"lower_bound":152103545.2544241,"upper_bound":154497221.73033708},"point_estimate":153497676.31428573,"standard_error":608375.9903236176},"std_dev":{"confidence_interval":{"confidence_level":0.95,"lower_bound":1295248.8805027173,"upper_bound":2319210.3758906443},"point_estimate":2003766.6661287653,"standard_error":262111.80021555023}}