{"mean":{"confidence_interval":{"confidence_level":0.95,"lower_bound":6122022.658156746,"upper_bound":6189732.5564168645},"point_estimate":6156137.652976191,"standard_error":17301.136755141786},"median":{"confidence_interval":{"confidence_level":0.95,"lower_bound":6113955.155555556,"upper_bound":6211294.133333334},"point_estimate":6146151.774444444,"standard_error":27306.857584083104},"median_abs_dev":{"confidence_interval":{"confidence_level":0.95,"lower_bound":10564.941519101936,"upper_bound":99704.61760322384},"point_estimate":62903.2857232436,"standard_error":23462.96941585374},"slope":{"confidence_interval":{"confidence_level":0.95,"lower_bound":6103839.181739432,"upper_bound":6178092.00992786},"point_estimate":6138121.865800866,"standard_error":18645.48156518629},"std_dev":{"confidence_interval":{"confidence_level":0.95,"lower_bound":34774.94101234404,"upper_bound":72182.48082780345},"point_estimate":57691.93935465402,"standard_error":9641.62379364406}}