{"mean":{"confidence_interval":{"confidence_level":0.95,"lower_bound":6180183.265333333,"upper_bound":6378315.993886111},"point_estimate":6258250.131444445,"standard_error":54247.67399766678},"median":{"confidence_interval":{"confidence_level":0.95,"lower_bound":6166238.994444445,"upper_bound":6270104.056666667},"point_estimate":6194048.1866666665,"standard_error":30503.701768606872},"median_abs_dev":{"confidence_interval":{"confidence_level":0.95,"lower_bound":6729.914169520333,"upper_bound":129112.762327791},"point_estimate":47365.80084975517,"standard_error":33423.52655077069},"slope":{"confidence_interval":{"confidence_level":0.95,"lower_bound":6179232.993873874,"upper_bound":6266008.4754848685},"point_estimate":6220709.477748917,"standard_error":21902.211375626182},"std_dev":{"confidence_interval":{"confidence_level":0.95,"lower_bound":28998.24339343594,"upper_bound":274254.4076430119},"point_estimate":181007.53031612263,"standard_error":79448.19535414025}}