{"mean":{"confidence_interval":{"confidence_level":0.95,"lower_bound":-0.024418669921255933,"upper_bound":-0.005403744072357379},"point_estimate":-0.016892825461885308,"standard_error":0.0048795891153497325},"median":{"confidence_interval":{"confidence_level":0.95,"lower_bound":-0.019690313874658805,"upper_bound":-0.017163298208541566},"point_estimate":-0.018762672991257,"standard_error":0.0011850054304962763}}