{"mean":{"confidence_interval":{"confidence_level":0.95,"lower_bound":-0.018209948257457254,"upper_bound":0.0075941237499932805},"point_estimate":-0.0067673985219960375,"standard_error":0.006642974835561935},"median":{"confidence_interval":{"confidence_level":0.95,"lower_bound":-0.023505231912941627,"upper_bound":0.00012639759892030256},"point_estimate":-0.013711472185450102,"standard_error":0.00653607449484056}}