{"mean":{"confidence_interval":{"confidence_level":0.95,"lower_bound":0.0074856573353672745,"upper_bound":0.027088091231448324},"point_estimate":0.01739766569245904,"standard_error":0.00502900968509404},"median":{"confidence_interval":{"confidence_level":0.95,"lower_bound":0.0003645042830042744,"upper_bound":0.03370664036487825},"point_estimate":0.022134829559260272,"standard_error":0.008892933658246132}}