{"mean":{"confidence_interval":{"confidence_level":0.95,"lower_bound":556435308.62575,"upper_bound":560121116.6467501},"point_estimate":558240055.73,"standard_error":939278.7624360393},"median":{"confidence_interval":{"confidence_level":0.95,"lower_bound":556247049.0,"upper_bound":559991548.0},"point_estimate":557786261.5,"standard_error":918548.3183701226},"median_abs_dev":{"confidence_interval":{"confidence_level":0.95,"lower_bound":5897112.560105324,"upper_bound":9492980.958395898},"point_estimate":7844908.66882503,"standard_error":904588.2228869139},"slope":null,"std_dev":{"confidence_interval":{"confidence_level":0.95,"lower_bound":7370160.73391378,"upper_bound":11533298.751983788},"point_estimate":9484979.948919008,"standard_error":1074001.7152735828}}