{"mean":{"confidence_interval":{"confidence_level":0.95,"lower_bound":906511884.86475,"upper_bound":908153814.81925},"point_estimate":907295836.81,"standard_error":419200.24832007074},"median":{"confidence_interval":{"confidence_level":0.95,"lower_bound":905948706.0,"upper_bound":907307966.0},"point_estimate":906692770.0,"standard_error":355011.8654918114},"median_abs_dev":{"confidence_interval":{"confidence_level":0.95,"lower_bound":2307998.9614248276,"upper_bound":4417636.424571276},"point_estimate":3445900.3716230392,"standard_error":540588.5540568887},"slope":null,"std_dev":{"confidence_interval":{"confidence_level":0.95,"lower_bound":3127974.9274149877,"upper_bound":5414804.144106745},"point_estimate":4212851.95383531,"standard_error":608016.9069944837}}