{"mean":{"confidence_interval":{"confidence_level":0.95,"lower_bound":866683894.434,"upper_bound":868613032.44075},"point_estimate":867534515.15,"standard_error":496329.44262743753},"median":{"confidence_interval":{"confidence_level":0.95,"lower_bound":866034683.0,"upper_bound":866974166.5},"point_estimate":866469947.5,"standard_error":227740.99099831388},"median_abs_dev":{"confidence_interval":{"confidence_level":0.95,"lower_bound":1409953.3162683249,"upper_bound":2277283.9377701283},"point_estimate":1892128.9275079966,"standard_error":226114.55809404145},"slope":null,"std_dev":{"confidence_interval":{"confidence_level":0.95,"lower_bound":1866416.9923493548,"upper_bound":7297091.933175671},"point_estimate":4980281.903166272,"standard_error":1347926.6116424806}}