{"mean":{"confidence_interval":{"confidence_level":0.95,"lower_bound":-0.04216229757500577,"upper_bound":-0.03661790501459155},"point_estimate":-0.03954046588874738,"standard_error":0.0014268115699709375},"median":{"confidence_interval":{"confidence_level":0.95,"lower_bound":-0.04443936073003918,"upper_bound":-0.04209790715523665},"point_estimate":-0.04309526929385399,"standard_error":0.0005880828859637627}}