{"mean":{"confidence_interval":{"confidence_level":0.95,"lower_bound":-0.035088091064960594,"upper_bound":-0.03062426558832338},"point_estimate":-0.032859565992739426,"standard_error":0.0011315621960942546},"median":{"confidence_interval":{"confidence_level":0.95,"lower_bound":-0.036022642919944156,"upper_bound":-0.032086255521755036},"point_estimate":-0.03349219893841304,"standard_error":0.0009972721324145958}}