{"mean":{"confidence_interval":{"confidence_level":0.95,"lower_bound":-0.00789345618396221,"upper_bound":-0.0035286373215431105},"point_estimate":-0.005725786402793309,"standard_error":0.0011147207793542288},"median":{"confidence_interval":{"confidence_level":0.95,"lower_bound":-0.007844943228340617,"upper_bound":-0.004122700733529938},"point_estimate":-0.005864847211057622,"standard_error":0.0009868659867178038}}