{"mean":{"confidence_interval":{"confidence_level":0.95,"lower_bound":-0.01341841168429457,"upper_bound":0.020252226519915546},"point_estimate":0.0028211379262776948,"standard_error":0.008591578148874722},"median":{"confidence_interval":{"confidence_level":0.95,"lower_bound":-0.018573623855884167,"upper_bound":0.023741944809758664},"point_estimate":-0.0023115390199592856,"standard_error":0.011772475944889688}}