{"mean":{"confidence_interval":{"confidence_level":0.95,"lower_bound":-0.03199421610302676,"upper_bound":-0.0006644620086901746},"point_estimate":-0.015450814216355191,"standard_error":0.008027228023369666},"median":{"confidence_interval":{"confidence_level":0.95,"lower_bound":-0.03520835490013319,"upper_bound":0.01178227784546726},"point_estimate":-0.012837308951854864,"standard_error":0.0116229210747317}}