{"mean":{"confidence_interval":{"confidence_level":0.95,"lower_bound":-0.29613190139163864,"upper_bound":-0.25885743001023204},"point_estimate":-0.2774071055077,"standard_error":0.009524239488492221},"median":{"confidence_interval":{"confidence_level":0.95,"lower_bound":-0.300855955890701,"upper_bound":-0.2516980868840294},"point_estimate":-0.27690983516334533,"standard_error":0.014722331163536068}}