{"mean":{"confidence_interval":{"confidence_level":0.95,"lower_bound":-0.3313885821833486,"upper_bound":-0.2887030090565518},"point_estimate":-0.310446117515806,"standard_error":0.010911247902194266},"median":{"confidence_interval":{"confidence_level":0.95,"lower_bound":-0.334944386898389,"upper_bound":-0.280895940738092},"point_estimate":-0.30571256798778246,"standard_error":0.014167600548987068}}