{"mean":{"confidence_interval":{"confidence_level":0.95,"lower_bound":0.09963865725089675,"upper_bound":0.1507250322273187},"point_estimate":0.12622617700608663,"standard_error":0.0130296043001552},"median":{"confidence_interval":{"confidence_level":0.95,"lower_bound":0.07937721061709757,"upper_bound":0.16891297198626098},"point_estimate":0.12937796027217963,"standard_error":0.02339859169284878}}