{"mean":{"confidence_interval":{"confidence_level":0.95,"lower_bound":3329190.378647959,"upper_bound":3407361.1453061225},"point_estimate":3356541.4297307255,"standard_error":23588.738268460158},"median":{"confidence_interval":{"confidence_level":0.95,"lower_bound":3327652.501488095,"upper_bound":3339814.792857143},"point_estimate":3329943.380952381,"standard_error":6512.018336370981},"median_abs_dev":{"confidence_interval":{"confidence_level":0.95,"lower_bound":792.1499511151126,"upper_bound":13569.420750186844},"point_estimate":5117.749784142125,"standard_error":7423.209411637291},"slope":{"confidence_interval":{"confidence_level":0.95,"lower_bound":3328183.6205817377,"upper_bound":3478346.7505477187},"point_estimate":3385651.2511131726,"standard_error":44512.95468441013},"std_dev":{"confidence_interval":{"confidence_level":0.95,"lower_bound":3124.717679253245,"upper_bound":120632.09891898336},"point_estimate":78584.38845827346,"standard_error":42633.020895098096}}