{"mean":{"confidence_interval":{"confidence_level":0.95,"lower_bound":2015272.3133623512,"upper_bound":2051385.7464469697},"point_estimate":2032938.0843425326,"standard_error":9215.274406830611},"median":{"confidence_interval":{"confidence_level":0.95,"lower_bound":2011633.2651515151,"upper_bound":2052394.2227272727},"point_estimate":2031856.6571969697,"standard_error":9928.136266251357},"median_abs_dev":{"confidence_interval":{"confidence_level":0.95,"lower_bound":7475.206169106837,"upper_bound":51828.87838053527},"point_estimate":26983.1966729411,"standard_error":11269.839909282902},"slope":{"confidence_interval":{"confidence_level":0.95,"lower_bound":2012486.1849362527,"upper_bound":2068074.301117016},"point_estimate":2042731.763990555,"standard_error":14655.104658941527},"std_dev":{"confidence_interval":{"confidence_level":0.95,"lower_bound":14457.336425790214,"upper_bound":40895.8268479863},"point_estimate":30748.412578493368,"standard_error":6759.755206104858}}