{"mean":{"confidence_interval":{"confidence_level":0.95,"lower_bound":-0.10626774734701153,"upper_bound":-0.05891158433725311},"point_estimate":-0.08216907401993623,"standard_error":0.011924082601589456},"median":{"confidence_interval":{"confidence_level":0.95,"lower_bound":-0.11461480515056588,"upper_bound":-0.035619471237946954},"point_estimate":-0.0837542302522245,"standard_error":0.019927241056062438}}