{"mean":{"confidence_interval":{"confidence_level":0.95,"lower_bound":-0.01971995642773679,"upper_bound":0.02095090970633144},"point_estimate":0.002626210869376866,"standard_error":0.010340883733813026},"median":{"confidence_interval":{"confidence_level":0.95,"lower_bound":-0.04050590698094203,"upper_bound":0.024053573522898608},"point_estimate":0.015352262424950913,"standard_error":0.015239859880733637}}