{"mean":{"confidence_interval":{"confidence_level":0.95,"lower_bound":-0.04150629269990722,"upper_bound":-0.030658133751233208},"point_estimate":-0.0363212215069626,"standard_error":0.0027697852393261282},"median":{"confidence_interval":{"confidence_level":0.95,"lower_bound":-0.044971018501475335,"upper_bound":-0.029144031061714815},"point_estimate":-0.03667623566620226,"standard_error":0.0035471110112528462}}