{"mean":{"confidence_interval":{"confidence_level":0.95,"lower_bound":-0.04665412664666249,"upper_bound":-0.0236817153075501},"point_estimate":-0.03716935663489973,"standard_error":0.006001497912461293},"median":{"confidence_interval":{"confidence_level":0.95,"lower_bound":-0.044858523328276556,"upper_bound":-0.036542250602369354},"point_estimate":-0.03909482376776108,"standard_error":0.002658325355170169}}