{"mean":{"confidence_interval":{"confidence_level":0.95,"lower_bound":0.07823464550570322,"upper_bound":0.10451542459213814},"point_estimate":0.08915038595062352,"standard_error":0.006860121999146023},"median":{"confidence_interval":{"confidence_level":0.95,"lower_bound":0.0799725212497211,"upper_bound":0.09024742725438117},"point_estimate":0.08532786216688537,"standard_error":0.002895209944068642}}