{"mean":{"confidence_interval":{"confidence_level":0.95,"lower_bound":-0.012346316079579955,"upper_bound":-0.007671603048350489},"point_estimate":-0.009888871568365598,"standard_error":0.0011958232525612878},"median":{"confidence_interval":{"confidence_level":0.95,"lower_bound":-0.013692838501534133,"upper_bound":-0.006425643391483549},"point_estimate":-0.00841799211970351,"standard_error":0.001771792186431783}}