{"mean":{"confidence_interval":{"confidence_level":0.95,"lower_bound":195476.16407035958,"upper_bound":195790.67927249992},"point_estimate":195618.20441459294,"standard_error":80.59905934205885},"median":{"confidence_interval":{"confidence_level":0.95,"lower_bound":195406.98095238095,"upper_bound":195643.4769503546},"point_estimate":195525.13522727272,"standard_error":57.93741939795},"median_abs_dev":{"confidence_interval":{"confidence_level":0.95,"lower_bound":332.7518380058758,"upper_bound":632.5666446520318},"point_estimate":476.02988225391886,"standard_error":75.82885328032685},"slope":{"confidence_interval":{"confidence_level":0.95,"lower_bound":195433.81410488646,"upper_bound":195625.86139690698},"point_estimate":195529.79336879955,"standard_error":48.99068417681435},"std_dev":{"confidence_interval":{"confidence_level":0.95,"lower_bound":468.0127867357995,"upper_bound":1188.079499729392},"point_estimate":808.576707810077,"standard_error":215.74823053076574}}