{"mean":{"confidence_interval":{"confidence_level":0.95,"lower_bound":0.03963197192971677,"upper_bound":0.05471108859013728},"point_estimate":0.04746280809777481,"standard_error":0.00374780420117712},"median":{"confidence_interval":{"confidence_level":0.95,"lower_bound":0.044052890107974196,"upper_bound":0.056500517128704894},"point_estimate":0.04870434239131827,"standard_error":0.003004196267200002}}