{"mean":{"confidence_interval":{"confidence_level":0.95,"lower_bound":-0.06541543962296162,"upper_bound":-0.04720274307747051},"point_estimate":-0.0567340298037905,"standard_error":0.004641071129639273},"median":{"confidence_interval":{"confidence_level":0.95,"lower_bound":-0.06611934830943111,"upper_bound":-0.04920607422753327},"point_estimate":-0.05749207061953965,"standard_error":0.00424799300501864}}