{"mean":{"confidence_interval":{"confidence_level":0.95,"lower_bound":-0.06582310930051334,"upper_bound":-0.05426555425222641},"point_estimate":-0.06008306924423745,"standard_error":0.00294401784758894},"median":{"confidence_interval":{"confidence_level":0.95,"lower_bound":-0.05921433954805222,"upper_bound":-0.0467027949509945},"point_estimate":-0.053763807991562995,"standard_error":0.0029708604012934894}}