{"mean":{"confidence_interval":{"confidence_level":0.95,"lower_bound":0.01760053183057946,"upper_bound":0.036260088833735646},"point_estimate":0.026617983911442433,"standard_error":0.004754050366696063},"median":{"confidence_interval":{"confidence_level":0.95,"lower_bound":0.013792419479286666,"upper_bound":0.032871078296933545},"point_estimate":0.02360358206608848,"standard_error":0.004845125607488904}}