{"mean":{"confidence_interval":{"confidence_level":0.95,"lower_bound":0.033250174349855416,"upper_bound":0.04561150435768896},"point_estimate":0.039307732599651146,"standard_error":0.0031456040560873238},"median":{"confidence_interval":{"confidence_level":0.95,"lower_bound":0.0304525002190712,"upper_bound":0.03758324439836347},"point_estimate":0.03418259874063523,"standard_error":0.0018020987529374067}}