{"mean":{"confidence_interval":{"confidence_level":0.95,"lower_bound":-0.06812860635218486,"upper_bound":-0.05996578947993858},"point_estimate":-0.06419175685240475,"standard_error":0.0020844229782456527},"median":{"confidence_interval":{"confidence_level":0.95,"lower_bound":-0.06916149707150676,"upper_bound":-0.05871119374429723},"point_estimate":-0.06540692526349068,"standard_error":0.002531942844341518}}