{"mean":{"confidence_interval":{"confidence_level":0.95,"lower_bound":0.0910426911364628,"upper_bound":0.11179192439921926},"point_estimate":0.10074597839033128,"standard_error":0.005313736467707637},"median":{"confidence_interval":{"confidence_level":0.95,"lower_bound":0.0792850357609789,"upper_bound":0.10024219198775963},"point_estimate":0.091886224878448,"standard_error":0.005064129214533536}}