{"mean":{"confidence_interval":{"confidence_level":0.95,"lower_bound":-0.06916236735624821,"upper_bound":-0.056035572500562916},"point_estimate":-0.06214585572228126,"standard_error":0.003347859477824111},"median":{"confidence_interval":{"confidence_level":0.95,"lower_bound":-0.06283720701838333,"upper_bound":-0.04984087652279323},"point_estimate":-0.05667815671060494,"standard_error":0.003148345191525554}}