{"mean":{"confidence_interval":{"confidence_level":0.95,"lower_bound":0.28607872092986325,"upper_bound":0.3128280157900913},"point_estimate":0.2984283255781597,"standard_error":0.00648582823636845},"median":{"confidence_interval":{"confidence_level":0.95,"lower_bound":0.2991984636022955,"upper_bound":0.3099248169988922},"point_estimate":0.30290499557813866,"standard_error":0.0027000173159616686}}