{"mean":{"confidence_interval":{"confidence_level":0.95,"lower_bound":20502.012524349877,"upper_bound":20759.83556985345},"point_estimate":20610.00524746067,"standard_error":66.77526714806109},"median":{"confidence_interval":{"confidence_level":0.95,"lower_bound":20471.754081632655,"upper_bound":20505.708006279434},"point_estimate":20488.074246755707,"standard_error":8.745500068628568},"median_abs_dev":{"confidence_interval":{"confidence_level":0.95,"lower_bound":60.04730252228464,"upper_bound":128.67393339444254},"point_estimate":82.86479841535386,"standard_error":17.5839323887288},"slope":{"confidence_interval":{"confidence_level":0.95,"lower_bound":20486.003281517882,"upper_bound":20584.247131763845},"point_estimate":20527.99250842172,"standard_error":25.31207540761679},"std_dev":{"confidence_interval":{"confidence_level":0.95,"lower_bound":161.52534554040523,"upper_bound":1044.8032158424305},"point_estimate":672.2850286318494,"standard_error":235.52373015619762}}