{"mean":{"confidence_interval":{"confidence_level":0.95,"lower_bound":2714072190.8,"upper_bound":2746179349.7275},"point_estimate":2729074987.2,"standard_error":8225730.709887077},"median":{"confidence_interval":{"confidence_level":0.95,"lower_bound":2706115079.0,"upper_bound":2747351552.0},"point_estimate":2721334384.5,"standard_error":10756633.595252058},"median_abs_dev":{"confidence_interval":{"confidence_level":0.95,"lower_bound":7127533.397760987,"upper_bound":44587190.47451913},"point_estimate":24607528.675729036,"standard_error":9929048.250692721},"slope":null,"std_dev":{"confidence_interval":{"confidence_level":0.95,"lower_bound":12875567.022154834,"upper_bound":35252814.209900945},"point_estimate":27426535.536516596,"standard_error":5806250.536603264}}