{"mean":{"confidence_interval":{"confidence_level":0.95,"lower_bound":6431718451.2,"upper_bound":7675799172.204999},"point_estimate":7084012023.0,"standard_error":319607262.2082299},"median":{"confidence_interval":{"confidence_level":0.95,"lower_bound":6265990774.5,"upper_bound":7899994776.0},"point_estimate":7251055472.0,"standard_error":382876458.64354324},"median_abs_dev":{"confidence_interval":{"confidence_level":0.95,"lower_bound":270832079.8918694,"upper_bound":1776588605.3886473},"point_estimate":785711013.3023411,"standard_error":396734596.30760425},"slope":null,"std_dev":{"confidence_interval":{"confidence_level":0.95,"lower_bound":515945948.78645015,"upper_bound":1385250728.1887076},"point_estimate":1067285240.2538897,"standard_error":224917464.4972036}}