{"mean":{"confidence_interval":{"confidence_level":0.95,"lower_bound":3785078541.52,"upper_bound":3848830353.8},"point_estimate":3817508942.6,"standard_error":16171526.07560163},"median":{"confidence_interval":{"confidence_level":0.95,"lower_bound":3793427139.5,"upper_bound":3871663684.0},"point_estimate":3804759685.5,"standard_error":20401781.06571051},"median_abs_dev":{"confidence_interval":{"confidence_level":0.95,"lower_bound":2867713.8099879026,"upper_bound":114789008.65228772},"point_estimate":21489855.923178792,"standard_error":28508682.684111234},"slope":null,"std_dev":{"confidence_interval":{"confidence_level":0.95,"lower_bound":28258136.793391336,"upper_bound":71250887.23066097},"point_estimate":53991738.24081168,"standard_error":11334851.571780592}}