{"mean":{"confidence_interval":{"confidence_level":0.95,"lower_bound":-0.014967112114652398,"upper_bound":-0.011749145328696243},"point_estimate":-0.01332789251092148,"standard_error":0.0008194738521993365},"median":{"confidence_interval":{"confidence_level":0.95,"lower_bound":-0.014561520824769358,"upper_bound":-0.010001550959562122},"point_estimate":-0.012672537465350464,"standard_error":0.0012047808051069144}}