{"mean":{"confidence_interval":{"confidence_level":0.95,"lower_bound":-0.21643701095881918,"upper_bound":-0.21184323690668408},"point_estimate":-0.21400563547797968,"standard_error":0.0011748353232191088},"median":{"confidence_interval":{"confidence_level":0.95,"lower_bound":-0.21634815934719476,"upper_bound":-0.20999660515575247},"point_estimate":-0.2139227676122587,"standard_error":0.0014789659484646077}}