{"mean":{"confidence_interval":{"confidence_level":0.95,"lower_bound":0.08889963405082818,"upper_bound":0.09433386513793783},"point_estimate":0.09154263431690235,"standard_error":0.0013810036994828946},"median":{"confidence_interval":{"confidence_level":0.95,"lower_bound":0.08833621226410493,"upper_bound":0.09245353158937353},"point_estimate":0.09064354120361795,"standard_error":0.0012130606145505157}}