{"mean":{"confidence_interval":{"confidence_level":0.95,"lower_bound":0.007960124442338751,"upper_bound":0.022223263562324905},"point_estimate":0.015705114582410307,"standard_error":0.0036484810529857233},"median":{"confidence_interval":{"confidence_level":0.95,"lower_bound":0.0031440290200319687,"upper_bound":0.039928282306407326},"point_estimate":0.014615339118210446,"standard_error":0.010979944587211198}}