{"mean":{"confidence_interval":{"confidence_level":0.95,"lower_bound":-0.2517934279294951,"upper_bound":-0.23974744028865688},"point_estimate":-0.24544712414816572,"standard_error":0.0030547085788245995},"median":{"confidence_interval":{"confidence_level":0.95,"lower_bound":-0.25578178095298354,"upper_bound":-0.23249039945621908},"point_estimate":-0.2506990617626407,"standard_error":0.007542045551470936}}