{"mean":{"confidence_interval":{"confidence_level":0.95,"lower_bound":0.005155130712595812,"upper_bound":0.0159387679233691},"point_estimate":0.010732905252947011,"standard_error":0.0027211458330504744},"median":{"confidence_interval":{"confidence_level":0.95,"lower_bound":0.005032033222492904,"upper_bound":0.023464290502493323},"point_estimate":0.01435676391383267,"standard_error":0.0044402295926795595}}