{"mean":{"confidence_interval":{"confidence_level":0.95,"lower_bound":0.2611741820433039,"upper_bound":0.2811794523520621},"point_estimate":0.27110957497525323,"standard_error":0.005107921320306706},"median":{"confidence_interval":{"confidence_level":0.95,"lower_bound":0.2253609680087698,"upper_bound":0.2922650392769275},"point_estimate":0.27156170876257524,"standard_error":0.018431464595054542}}