{"mean":{"confidence_interval":{"confidence_level":0.95,"lower_bound":1785046.4550871463,"upper_bound":1796831.879491363},"point_estimate":1790921.2410582013,"standard_error":3033.310814648804},"median":{"confidence_interval":{"confidence_level":0.95,"lower_bound":1783897.7214052286,"upper_bound":1800040.655182073},"point_estimate":1788407.633442266,"standard_error":4851.401045185849},"median_abs_dev":{"confidence_interval":{"confidence_level":0.95,"lower_bound":1751.0915612647325,"upper_bound":17493.202903551213},"point_estimate":12034.98566368937,"standard_error":4117.653432975909},"slope":{"confidence_interval":{"confidence_level":0.95,"lower_bound":1786272.4509698744,"upper_bound":1798081.4648310388},"point_estimate":1793101.876292335,"standard_error":3013.882854739331},"std_dev":{"confidence_interval":{"confidence_level":0.95,"lower_bound":6131.010813224079,"upper_bound":12577.959721592524},"point_estimate":10134.775360578085,"standard_error":1663.6974820636988}}