{"mean":{"confidence_interval":{"confidence_level":0.95,"lower_bound":1913532.7774696047,"upper_bound":2003495.7901823707},"point_estimate":1955988.3671656535,"standard_error":23067.61706454795},"median":{"confidence_interval":{"confidence_level":0.95,"lower_bound":1898762.343971631,"upper_bound":2004698.560283688},"point_estimate":1940736.730243161,"standard_error":30769.537902489537},"median_abs_dev":{"confidence_interval":{"confidence_level":0.95,"lower_bound":9526.022530879343,"upper_bound":128495.84616980648},"point_estimate":66214.17623616554,"standard_error":28896.818593798584},"slope":{"confidence_interval":{"confidence_level":0.95,"lower_bound":1900463.0113618844,"upper_bound":2012493.9014529032},"point_estimate":1959219.0453716496,"standard_error":28360.057609272713},"std_dev":{"confidence_interval":{"confidence_level":0.95,"lower_bound":38246.478942998554,"upper_bound":100434.19642509022},"point_estimate":76929.048631944,"standard_error":16519.02816002937}}