{"mean":{"confidence_interval":{"confidence_level":0.95,"lower_bound":325352.33205091226,"upper_bound":329952.6609425626},"point_estimate":327719.28932553326,"standard_error":1168.5707216437959},"median":{"confidence_interval":{"confidence_level":0.95,"lower_bound":326344.42611683847,"upper_bound":329994.6963344788},"point_estimate":327106.0702626411,"standard_error":989.3159439059416},"median_abs_dev":{"confidence_interval":{"confidence_level":0.95,"lower_bound":370.4147207434058,"upper_bound":6633.535390341165},"point_estimate":1234.0425692711847,"standard_error":1720.7405818597133},"slope":{"confidence_interval":{"confidence_level":0.95,"lower_bound":326646.6632189051,"upper_bound":329026.65677318367},"point_estimate":327372.5935645111,"standard_error":618.297833130277},"std_dev":{"confidence_interval":{"confidence_level":0.95,"lower_bound":1506.0099719740529,"upper_bound":5415.275422403173},"point_estimate":3905.2051986289466,"standard_error":1005.2612444260199}}