{"mean":{"confidence_interval":{"confidence_level":0.95,"lower_bound":435111.02459172066,"upper_bound":436523.3640863095},"point_estimate":435779.5387276335,"standard_error":362.1799621726947},"median":{"confidence_interval":{"confidence_level":0.95,"lower_bound":434854.5640422078,"upper_bound":436608.1818181818},"point_estimate":435594.15068181814,"standard_error":510.37071122986504},"median_abs_dev":{"confidence_interval":{"confidence_level":0.95,"lower_bound":198.0370559841268,"upper_bound":2147.710567893236},"point_estimate":1215.707998484964,"standard_error":449.0145974706464},"slope":{"confidence_interval":{"confidence_level":0.95,"lower_bound":434666.009789592,"upper_bound":435540.54745532246},"point_estimate":435024.84838252654,"standard_error":224.71027972478603},"std_dev":{"confidence_interval":{"confidence_level":0.95,"lower_bound":633.462987800183,"upper_bound":1590.5620061678608},"point_estimate":1209.2339200244458,"standard_error":263.5704450322864}}