{"mean":{"confidence_interval":{"confidence_level":0.95,"lower_bound":308873.89060170803,"upper_bound":319311.9051106619},"point_estimate":313195.25088178634,"standard_error":2745.815666411432},"median":{"confidence_interval":{"confidence_level":0.95,"lower_bound":307051.3121980676,"upper_bound":315489.6168478261},"point_estimate":310176.2180152979,"standard_error":2674.488583528962},"median_abs_dev":{"confidence_interval":{"confidence_level":0.95,"lower_bound":356.88465634515546,"upper_bound":10365.212226551359},"point_estimate":5095.4909901045685,"standard_error":2493.0177695522475},"slope":{"confidence_interval":{"confidence_level":0.95,"lower_bound":307936.478008926,"upper_bound":311088.85365806404},"point_estimate":309297.8605495953,"standard_error":812.4623805711752},"std_dev":{"confidence_interval":{"confidence_level":0.95,"lower_bound":2797.5202397457997,"upper_bound":13575.90898699713},"point_estimate":9137.633611201076,"standard_error":3471.539549410394}}