{"mean":{"confidence_interval":{"confidence_level":0.95,"lower_bound":416572.818637716,"upper_bound":421447.39019644173},"point_estimate":419633.5675324515,"standard_error":1392.727208888019},"median":{"confidence_interval":{"confidence_level":0.95,"lower_bound":420204.7055555555,"upper_bound":421697.2678659612},"point_estimate":420848.80822222226,"standard_error":528.8466938412373},"median_abs_dev":{"confidence_interval":{"confidence_level":0.95,"lower_bound":287.1936172346385,"upper_bound":1968.4621364306176},"point_estimate":956.5183173517572,"standard_error":560.310271507242},"slope":{"confidence_interval":{"confidence_level":0.95,"lower_bound":420610.8909827594,"upper_bound":421783.50192858995},"point_estimate":421266.939994228,"standard_error":295.4538592625534},"std_dev":{"confidence_interval":{"confidence_level":0.95,"lower_bound":563.8895154698831,"upper_bound":7129.7213314160135},"point_estimate":4637.790731734542,"standard_error":2297.444739863279}}