{"mean":{"confidence_interval":{"confidence_level":0.95,"lower_bound":436995.44089622644,"upper_bound":440451.3961469564},"point_estimate":439148.4750233977,"standard_error":973.0634891303579},"median":{"confidence_interval":{"confidence_level":0.95,"lower_bound":439424.5655660377,"upper_bound":440554.54638364783},"point_estimate":440020.70954533544,"standard_error":400.2498167720025},"median_abs_dev":{"confidence_interval":{"confidence_level":0.95,"lower_bound":130.56692724171864,"upper_bound":1552.601926052186},"point_estimate":642.4449611178904,"standard_error":432.192462687238},"slope":{"confidence_interval":{"confidence_level":0.95,"lower_bound":439763.0472832076,"upper_bound":440465.36057488207},"point_estimate":440068.5509801519,"standard_error":180.3512519766032},"std_dev":{"confidence_interval":{"confidence_level":0.95,"lower_bound":428.0550746800954,"upper_bound":4982.024167255721},"point_estimate":3244.527531662277,"standard_error":1568.399037886844}}