{"mean":{"confidence_interval":{"confidence_level":0.95,"lower_bound":421478.6682180059,"upper_bound":425987.36578621034},"point_estimate":424335.83510540676,"standard_error":1304.5062682988955},"median":{"confidence_interval":{"confidence_level":0.95,"lower_bound":424967.66964285716,"upper_bound":426148.58392857143},"point_estimate":425648.63447420637,"standard_error":453.72594256378267},"median_abs_dev":{"confidence_interval":{"confidence_level":0.95,"lower_bound":156.34215284935715,"upper_bound":1533.6192282415743},"point_estimate":899.2004508068374,"standard_error":474.6839232525018},"slope":{"confidence_interval":{"confidence_level":0.95,"lower_bound":425345.66842925607,"upper_bound":426199.6067542463},"point_estimate":425804.62012987013,"standard_error":215.050835312732},"std_dev":{"confidence_interval":{"confidence_level":0.95,"lower_bound":443.1111552301594,"upper_bound":6701.314851949928},"point_estimate":4359.008719312798,"standard_error":2219.643434806345}}