{"mean":{"confidence_interval":{"confidence_level":0.95,"lower_bound":415842.63661858975,"upper_bound":417559.2723257642},"point_estimate":416703.2602272207,"standard_error":439.8740322997034},"median":{"confidence_interval":{"confidence_level":0.95,"lower_bound":415275.0368589744,"upper_bound":417804.7180631868},"point_estimate":416964.36322115385,"standard_error":734.9276240896075},"median_abs_dev":{"confidence_interval":{"confidence_level":0.95,"lower_bound":299.5447634320051,"upper_bound":2504.595220101837},"point_estimate":1708.5876421424384,"standard_error":591.1521056596717},"slope":{"confidence_interval":{"confidence_level":0.95,"lower_bound":416005.33399181266,"upper_bound":417839.2351998492},"point_estimate":416945.4735014985,"standard_error":470.49923772150385},"std_dev":{"confidence_interval":{"confidence_level":0.95,"lower_bound":922.1176395883618,"upper_bound":1791.2692042708995},"point_estimate":1466.687462060661,"standard_error":223.74206966811806}}