{"mean":{"confidence_interval":{"confidence_level":0.95,"lower_bound":119268265.875,"upper_bound":128603514.41},"point_estimate":124432497.8,"standard_error":2407801.7805202715},"median":{"confidence_interval":{"confidence_level":0.95,"lower_bound":121395257.0,"upper_bound":131439913.0},"point_estimate":125069677.0,"standard_error":2177724.675058924},"median_abs_dev":{"confidence_interval":{"confidence_level":0.95,"lower_bound":533346.0667312145,"upper_bound":11342912.662895544},"point_estimate":5631190.463626385,"standard_error":2895253.6905691265},"slope":null,"std_dev":{"confidence_interval":{"confidence_level":0.95,"lower_bound":3205330.486342509,"upper_bound":11396199.091276245},"point_estimate":7994826.788687959,"standard_error":2455447.2537194192}}