{"mean":{"confidence_interval":{"confidence_level":0.95,"lower_bound":122906841.5,"upper_bound":126043326.79249999},"point_estimate":124399830.2,"standard_error":804758.2325091992},"median":{"confidence_interval":{"confidence_level":0.95,"lower_bound":121845977.0,"upper_bound":126179262.0},"point_estimate":124227337.5,"standard_error":1110011.2055740778},"median_abs_dev":{"confidence_interval":{"confidence_level":0.95,"lower_bound":484414.3371999264,"upper_bound":4707673.009622097},"point_estimate":2992385.641774535,"standard_error":1031293.3444132938},"slope":null,"std_dev":{"confidence_interval":{"confidence_level":0.95,"lower_bound":1434382.5007916123,"upper_bound":3453727.971803063},"point_estimate":2685502.916114836,"standard_error":542134.3994138144}}