{"mean":{"confidence_interval":{"confidence_level":0.95,"lower_bound":123077922.6,"upper_bound":127906353.2},"point_estimate":125533868.8,"standard_error":1240670.7013974437},"median":{"confidence_interval":{"confidence_level":0.95,"lower_bound":122754898.0,"upper_bound":128526053.0},"point_estimate":125443212.5,"standard_error":1418520.709939367},"median_abs_dev":{"confidence_interval":{"confidence_level":0.95,"lower_bound":608704.3994933367,"upper_bound":7247461.650931835},"point_estimate":4278157.125547528,"standard_error":1782680.3158307837},"slope":null,"std_dev":{"confidence_interval":{"confidence_level":0.95,"lower_bound":2262455.3200960946,"upper_bound":5315141.165609417},"point_estimate":4141495.1519423993,"standard_error":794672.7254851162}}