{"mean":{"confidence_interval":{"confidence_level":0.95,"lower_bound":156362396.2425,"upper_bound":175771009.5},"point_estimate":165521003.4,"standard_error":4995379.526455125},"median":{"confidence_interval":{"confidence_level":0.95,"lower_bound":153439895.5,"upper_bound":178709323.0},"point_estimate":160778480.5,"standard_error":6221401.05065484},"median_abs_dev":{"confidence_interval":{"confidence_level":0.95,"lower_bound":2259967.1700775623,"upper_bound":28802108.675560355},"point_estimate":14237133.266240358,"standard_error":6800627.928003675},"slope":null,"std_dev":{"confidence_interval":{"confidence_level":0.95,"lower_bound":7210315.345188506,"upper_bound":20535250.37204569},"point_estimate":16675501.579353217,"standard_error":3240060.790330386}}