{"mean":{"confidence_interval":{"confidence_level":0.95,"lower_bound":109079828.055,"upper_bound":119583687.175},"point_estimate":114459997.8,"standard_error":2695720.5889651915},"median":{"confidence_interval":{"confidence_level":0.95,"lower_bound":106477573.5,"upper_bound":123757417.0},"point_estimate":115425366.0,"standard_error":4468174.516423728},"median_abs_dev":{"confidence_interval":{"confidence_level":0.95,"lower_bound":1110203.4774899483,"upper_bound":15273140.028047562},"point_estimate":12013090.234825015,"standard_error":3706440.497882525},"slope":null,"std_dev":{"confidence_interval":{"confidence_level":0.95,"lower_bound":5362183.794126161,"upper_bound":10733194.58581008},"point_estimate":8988035.977793453,"standard_error":1361859.8566182072}}