{"mean":{"confidence_interval":{"confidence_level":0.95,"lower_bound":119696224.7,"upper_bound":124071440.2},"point_estimate":122188178.9,"standard_error":1124920.8466173692},"median":{"confidence_interval":{"confidence_level":0.95,"lower_bound":121410735.0,"upper_bound":123564003.0},"point_estimate":122841291.5,"standard_error":545179.579495443},"median_abs_dev":{"confidence_interval":{"confidence_level":0.95,"lower_bound":141913.7281805277,"upper_bound":4481913.805130124},"point_estimate":1403830.9196770191,"standard_error":998013.8921755948},"slope":null,"std_dev":{"confidence_interval":{"confidence_level":0.95,"lower_bound":750826.8126933482,"upper_bound":5461875.081611644},"point_estimate":3729899.705620915,"standard_error":1369796.4896329653}}