{"mean":{"confidence_interval":{"confidence_level":0.95,"lower_bound":130936775.4,"upper_bound":145126849.33},"point_estimate":138278788.0,"standard_error":3613033.4482111777},"median":{"confidence_interval":{"confidence_level":0.95,"lower_bound":133136921.0,"upper_bound":144419961.0},"point_estimate":138961780.0,"standard_error":3609367.300336707},"median_abs_dev":{"confidence_interval":{"confidence_level":0.95,"lower_bound":1585536.8898510933,"upper_bound":19204456.974452734},"point_estimate":8064507.670426369,"standard_error":4255977.253496147},"slope":null,"std_dev":{"confidence_interval":{"confidence_level":0.95,"lower_bound":4551784.88269922,"upper_bound":16880059.927377615},"point_estimate":12024173.476557648,"standard_error":3266905.9401698387}}