{"mean":{"confidence_interval":{"confidence_level":0.95,"lower_bound":119106521.7925,"upper_bound":121787449.855},"point_estimate":120294736.9,"standard_error":690588.4683615365},"median":{"confidence_interval":{"confidence_level":0.95,"lower_bound":118938211.0,"upper_bound":121411674.0},"point_estimate":119195420.5,"standard_error":695009.4289552474},"median_abs_dev":{"confidence_interval":{"confidence_level":0.95,"lower_bound":81368.79305541515,"upper_bound":3266255.956712365},"point_estimate":406055.9633910656,"standard_error":858583.0467087592},"slope":null,"std_dev":{"confidence_interval":{"confidence_level":0.95,"lower_bound":451254.4981370269,"upper_bound":3115083.753518925},"point_estimate":2297678.937275347,"standard_error":661398.0926239232}}