{"mean":{"confidence_interval":{"confidence_level":0.95,"lower_bound":119717238.2725,"upper_bound":122771584.4925},"point_estimate":121077267.7,"standard_error":786793.6895874607},"median":{"confidence_interval":{"confidence_level":0.95,"lower_bound":119470363.5,"upper_bound":121814396.5},"point_estimate":120830448.5,"standard_error":536745.5334529383},"median_abs_dev":{"confidence_interval":{"confidence_level":0.95,"lower_bound":272074.8863697052,"upper_bound":3428658.475229144},"point_estimate":1140524.870851636,"standard_error":830582.7453018964},"slope":null,"std_dev":{"confidence_interval":{"confidence_level":0.95,"lower_bound":848308.8095865865,"upper_bound":3765672.46809377},"point_estimate":2630832.8596543996,"standard_error":842062.713609463}}