{"mean":{"confidence_interval":{"confidence_level":0.95,"lower_bound":103387723.7,"upper_bound":114858308.505},"point_estimate":108842033.9,"standard_error":2947701.311270908},"median":{"confidence_interval":{"confidence_level":0.95,"lower_bound":101228871.5,"upper_bound":121154758.0},"point_estimate":105117768.5,"standard_error":4641795.72674496},"median_abs_dev":{"confidence_interval":{"confidence_level":0.95,"lower_bound":1554325.9365051985,"upper_bound":14338735.842436552},"point_estimate":7147537.377905846,"standard_error":3564500.142182995},"slope":null,"std_dev":{"confidence_interval":{"confidence_level":0.95,"lower_bound":3765991.270230032,"upper_bound":11520861.693198197},"point_estimate":9848985.496637829,"standard_error":1678752.814675177}}