{"mean":{"confidence_interval":{"confidence_level":0.95,"lower_bound":112522889.1,"upper_bound":122262329.655},"point_estimate":117700217.3,"standard_error":2500991.297354324},"median":{"confidence_interval":{"confidence_level":0.95,"lower_bound":110941756.0,"upper_bound":123892493.0},"point_estimate":122318194.0,"standard_error":3809872.508215662},"median_abs_dev":{"confidence_interval":{"confidence_level":0.95,"lower_bound":633789.9910479784,"upper_bound":13315586.18760109},"point_estimate":3717755.83319664,"standard_error":3783981.260888098},"slope":null,"std_dev":{"confidence_interval":{"confidence_level":0.95,"lower_bound":3734645.587008361,"upper_bound":10300766.099360041},"point_estimate":8341900.506005266,"standard_error":1660695.1605248733}}