{"mean":{"confidence_interval":{"confidence_level":0.95,"lower_bound":90858730.59975,"upper_bound":90993096.3895},"point_estimate":90925622.31,"standard_error":34161.30758665653},"median":{"confidence_interval":{"confidence_level":0.95,"lower_bound":90823772.5,"upper_bound":90936799.0},"point_estimate":90888006.5,"standard_error":29053.95222142828},"median_abs_dev":{"confidence_interval":{"confidence_level":0.95,"lower_bound":187761.64976656437,"upper_bound":303015.2652204037},"point_estimate":244494.82035934925,"standard_error":28703.18175869201},"slope":null,"std_dev":{"confidence_interval":{"confidence_level":0.95,"lower_bound":279842.58248131763,"upper_bound":402669.4449878919},"point_estimate":344667.01209418516,"standard_error":31261.06174327695}}