{"mean":{"confidence_interval":{"confidence_level":0.95,"lower_bound":33453257.9505,"upper_bound":34003949.591249995},"point_estimate":33698199.995,"standard_error":141735.0225619734},"median":{"confidence_interval":{"confidence_level":0.95,"lower_bound":33309428.0,"upper_bound":33413777.25},"point_estimate":33346487.75,"standard_error":25805.10899775855},"median_abs_dev":{"confidence_interval":{"confidence_level":0.95,"lower_bound":132510.70849746466,"upper_bound":208491.3625985384},"point_estimate":172904.51543033123,"standard_error":19601.210147990412},"slope":null,"std_dev":{"confidence_interval":{"confidence_level":0.95,"lower_bound":646015.028733016,"upper_bound":2021402.1786122108},"point_estimate":1428424.8435131311,"standard_error":352585.66227547557}}