{"mean":{"confidence_interval":{"confidence_level":0.95,"lower_bound":15646.49456438101,"upper_bound":15886.319811116799},"point_estimate":15732.295774449562,"standard_error":71.32357114835146},"median":{"confidence_interval":{"confidence_level":0.95,"lower_bound":15642.012559026,"upper_bound":15697.951442225636},"point_estimate":15647.935935455425,"standard_error":22.028918570447452},"median_abs_dev":{"confidence_interval":{"confidence_level":0.95,"lower_bound":2.263269792552984,"upper_bound":70.77793794595009},"point_estimate":10.049212889095594,"standard_error":25.10445067480244},"slope":{"confidence_interval":{"confidence_level":0.95,"lower_bound":15646.30397929255,"upper_bound":15861.310124500735},"point_estimate":15712.049221643692,"standard_error":57.85046314847178},"std_dev":{"confidence_interval":{"confidence_level":0.95,"lower_bound":5.368243056693842,"upper_bound":365.49506788235857},"point_estimate":238.20974159427328,"standard_error":126.60412228908545}}