{"mean":{"confidence_interval":{"confidence_level":0.95,"lower_bound":16953.99827890016,"upper_bound":17120.82441180894},"point_estimate":17025.896585682345,"standard_error":42.28273781109512},"median":{"confidence_interval":{"confidence_level":0.95,"lower_bound":16989.072588659088,"upper_bound":17021.459793979076},"point_estimate":17003.401263896652,"standard_error":13.955083249085783},"median_abs_dev":{"confidence_interval":{"confidence_level":0.95,"lower_bound":4.86792055825499,"upper_bound":141.4653966612091},"point_estimate":20.43698758388219,"standard_error":29.478072248963095},"slope":{"confidence_interval":{"confidence_level":0.95,"lower_bound":17002.31955826018,"upper_bound":17207.390479710648},"point_estimate":17073.296944047197,"standard_error":59.51490470616291},"std_dev":{"confidence_interval":{"confidence_level":0.95,"lower_bound":12.275042662605804,"upper_bound":207.65325255902744},"point_estimate":140.39974243904305,"standard_error":57.59514591856723}}