{"mean":{"confidence_interval":{"confidence_level":0.95,"lower_bound":17842.656759287685,"upper_bound":17909.60413844935},"point_estimate":17883.25699680152,"standard_error":18.23399023120674},"median":{"confidence_interval":{"confidence_level":0.95,"lower_bound":17880.81160871264,"upper_bound":17912.179917952726},"point_estimate":17900.277610334357,"standard_error":8.434406048959636},"median_abs_dev":{"confidence_interval":{"confidence_level":0.95,"lower_bound":1.8035391917916797,"upper_bound":40.94757632584352},"point_estimate":19.825851468042398,"standard_error":10.267564342548804},"slope":{"confidence_interval":{"confidence_level":0.95,"lower_bound":17891.06102642056,"upper_bound":17911.93116432458},"point_estimate":17900.62859730619,"standard_error":5.201387496037655},"std_dev":{"confidence_interval":{"confidence_level":0.95,"lower_bound":10.780560068275053,"upper_bound":92.53503684907808},"point_estimate":60.81640008124522,"standard_error":27.084375788999626}}