{"mean":{"confidence_interval":{"confidence_level":0.95,"lower_bound":-0.007547379089536818,"upper_bound":-0.003568200475692634},"point_estimate":-0.005573343992706148,"standard_error":0.0010120561814945337},"median":{"confidence_interval":{"confidence_level":0.95,"lower_bound":-0.007887058948840342,"upper_bound":-0.003475107362679768},"point_estimate":-0.0058751996460577605,"standard_error":0.001160240686514138}}