{"mean":{"confidence_interval":{"confidence_level":0.95,"lower_bound":0.07544866431824523,"upper_bound":0.12160508876589818},"point_estimate":0.09953065885487233,"standard_error":0.01185074445274922},"median":{"confidence_interval":{"confidence_level":0.95,"lower_bound":0.07139526258690965,"upper_bound":0.13015031378941555},"point_estimate":0.10610863545197846,"standard_error":0.015720094301922477}}