{"mean":{"confidence_interval":{"confidence_level":0.95,"lower_bound":-0.6644256240678545,"upper_bound":-0.6608375807148099},"point_estimate":-0.6626252355960678,"standard_error":0.0009409775181199793},"median":{"confidence_interval":{"confidence_level":0.95,"lower_bound":-0.6654566543515281,"upper_bound":-0.6601016543069775},"point_estimate":-0.663152713018824,"standard_error":0.001656724004972292}}