{"mean":{"confidence_interval":{"confidence_level":0.95,"lower_bound":-0.6895803864575283,"upper_bound":-0.6885792218906939},"point_estimate":-0.6891045058198766,"standard_error":0.0002566003156471958},"median":{"confidence_interval":{"confidence_level":0.95,"lower_bound":-0.6898734509908473,"upper_bound":-0.6882238132290384},"point_estimate":-0.6893682865126392,"standard_error":0.00037534676954771476}}