{"mean":{"confidence_interval":{"confidence_level":0.95,"lower_bound":-0.021603466013316815,"upper_bound":-0.015162094603356083},"point_estimate":-0.018402975145535128,"standard_error":0.0016341998418352684},"median":{"confidence_interval":{"confidence_level":0.95,"lower_bound":-0.02152103047814724,"upper_bound":-0.014312272254395242},"point_estimate":-0.017325929695774622,"standard_error":0.0019978591335122757}}