{"mean":{"confidence_interval":{"confidence_level":0.95,"lower_bound":78568822.05555555,"upper_bound":83980240.08518055},"point_estimate":81184016.03388889,"standard_error":1391783.2363678957},"median":{"confidence_interval":{"confidence_level":0.95,"lower_bound":78005278.0,"upper_bound":86330306.0},"point_estimate":79660868.35,"standard_error":2025923.2345018142},"median_abs_dev":{"confidence_interval":{"confidence_level":0.95,"lower_bound":821920.882337983,"upper_bound":7622625.938881329},"point_estimate":2782370.4999880404,"standard_error":1973632.39952392},"slope":{"confidence_interval":{"confidence_level":0.95,"lower_bound":77253865.90357143,"upper_bound":81431774.66846576},"point_estimate":79344281.9987013,"standard_error":1066869.5100610694},"std_dev":{"confidence_interval":{"confidence_level":0.95,"lower_bound":2329201.3434590218,"upper_bound":5623967.777768913},"point_estimate":4638419.8645986505,"standard_error":793118.4116970414}}