{"mean":{"confidence_interval":{"confidence_level":0.95,"lower_bound":60413096.16946429,"upper_bound":60905017.37988392},"point_estimate":60639518.62946428,"standard_error":125810.29069412005},"median":{"confidence_interval":{"confidence_level":0.95,"lower_bound":60308325.325,"upper_bound":60826154.425},"point_estimate":60593716.02232143,"standard_error":128573.48845065622},"median_abs_dev":{"confidence_interval":{"confidence_level":0.95,"lower_bound":83786.58929374069,"upper_bound":628886.1504350419},"point_estimate":265332.5776644051,"standard_error":141333.37419706388},"slope":{"confidence_interval":{"confidence_level":0.95,"lower_bound":60464389.02079002,"upper_bound":60694734.986597456},"point_estimate":60553023.49350649,"standard_error":58383.285277125484},"std_dev":{"confidence_interval":{"confidence_level":0.95,"lower_bound":178409.03070904434,"upper_bound":584796.4937067231},"point_estimate":420914.27568782953,"standard_error":115806.83793352106}}