{"mean":{"confidence_interval":{"confidence_level":0.95,"lower_bound":64342689.02361111,"upper_bound":65707749.33956845},"point_estimate":65017215.41515873,"standard_error":349305.8684874125},"median":{"confidence_interval":{"confidence_level":0.95,"lower_bound":63858674.833333336,"upper_bound":66046105.333333336},"point_estimate":65030142.32638889,"standard_error":536591.2665855655},"median_abs_dev":{"confidence_interval":{"confidence_level":0.95,"lower_bound":317943.19370537996,"upper_bound":1917452.569020912},"point_estimate":1583446.4518340433,"standard_error":421470.896399655},"slope":{"confidence_interval":{"confidence_level":0.95,"lower_bound":64324055.23851691,"upper_bound":65948923.45692876},"point_estimate":65047081.2974026,"standard_error":425530.22767674533},"std_dev":{"confidence_interval":{"confidence_level":0.95,"lower_bound":706404.279515545,"upper_bound":1431133.0226869567},"point_estimate":1164402.3748917703,"standard_error":186494.5790103538}}