{"mean":{"confidence_interval":{"confidence_level":0.95,"lower_bound":64291307.60517561,"upper_bound":66976438.627532735},"point_estimate":65817064.214325406,"standard_error":691025.1189821631},"median":{"confidence_interval":{"confidence_level":0.95,"lower_bound":65613965.1,"upper_bound":66828148.2},"point_estimate":65895297.55357143,"standard_error":394939.25907659583},"median_abs_dev":{"confidence_interval":{"confidence_level":0.95,"lower_bound":131564.37728926356,"upper_bound":2533973.843029635},"point_estimate":750099.5574455727,"standard_error":599527.5762975452},"slope":{"confidence_interval":{"confidence_level":0.95,"lower_bound":65931118.648998424,"upper_bound":67863674.23314802},"point_estimate":66900041.067532465,"standard_error":506742.5319437781},"std_dev":{"confidence_interval":{"confidence_level":0.95,"lower_bound":472723.01194557355,"upper_bound":3385951.4925307934},"point_estimate":2301825.433530154,"standard_error":862218.6637418469}}