{"mean":{"confidence_interval":{"confidence_level":0.95,"lower_bound":447100.2049474218,"upper_bound":448079.1947627916},"point_estimate":447546.5789003367,"standard_error":250.20295182976238},"median":{"confidence_interval":{"confidence_level":0.95,"lower_bound":447154.8587570622,"upper_bound":447731.9202898551},"point_estimate":447415.9126521626,"standard_error":128.24391048756252},"median_abs_dev":{"confidence_interval":{"confidence_level":0.95,"lower_bound":717.16017969794,"upper_bound":1200.1090263228007},"point_estimate":863.8973497186475,"standard_error":119.63013132580907},"slope":{"confidence_interval":{"confidence_level":0.95,"lower_bound":446622.1392780398,"upper_bound":447196.12786427897},"point_estimate":446919.5016600168,"standard_error":146.48752108404474},"std_dev":{"confidence_interval":{"confidence_level":0.95,"lower_bound":1357.1088394190765,"upper_bound":3733.747979280922},"point_estimate":2515.636777445478,"standard_error":687.3349220692087}}