{"mean":{"confidence_interval":{"confidence_level":0.95,"lower_bound":20335.68560974163,"upper_bound":20424.658669516153},"point_estimate":20371.60175620399,"standard_error":23.631986952901496},"median":{"confidence_interval":{"confidence_level":0.95,"lower_bound":20328.670176630436,"upper_bound":20392.738743583937},"point_estimate":20340.434156099036,"standard_error":13.84232057209189},"median_abs_dev":{"confidence_interval":{"confidence_level":0.95,"lower_bound":0.570120569588393,"upper_bound":74.39859402901948},"point_estimate":18.031525053517406,"standard_error":17.48229801072454},"slope":{"confidence_interval":{"confidence_level":0.95,"lower_bound":20334.148756877366,"upper_bound":20359.62293292456},"point_estimate":20343.053559076794,"standard_error":6.530493577104518},"std_dev":{"confidence_interval":{"confidence_level":0.95,"lower_bound":7.646853231675821,"upper_bound":114.58952195309243},"point_estimate":78.53560917828409,"standard_error":31.10807820450441}}