{"mean":{"confidence_interval":{"confidence_level":0.95,"lower_bound":-0.06400162076597417,"upper_bound":-0.05990400133481093},"point_estimate":-0.062035201860858646,"standard_error":0.0010504303792360885},"median":{"confidence_interval":{"confidence_level":0.95,"lower_bound":-0.06715920176133039,"upper_bound":-0.05449971196056918},"point_estimate":-0.06256134415667636,"standard_error":0.0036597179725499206}}