{"mean":{"confidence_interval":{"confidence_level":0.95,"lower_bound":0.002902021134937449,"upper_bound":0.00598633103850244},"point_estimate":0.004408182311371744,"standard_error":0.000784565888819384},"median":{"confidence_interval":{"confidence_level":0.95,"lower_bound":-0.0008347225609616205,"upper_bound":0.008617094293673855},"point_estimate":0.003369966369117794,"standard_error":0.0022990218371286924}}