{"mean":{"confidence_interval":{"confidence_level":0.95,"lower_bound":0.011959255579260437,"upper_bound":0.017101009283478345},"point_estimate":0.015109982662102173,"standard_error":0.0013787108146816203},"median":{"confidence_interval":{"confidence_level":0.95,"lower_bound":0.016071546342068865,"upper_bound":0.017460395699087083},"point_estimate":0.016698103364888972,"standard_error":0.0003563411715592519}}