{"mean":{"confidence_interval":{"confidence_level":0.95,"lower_bound":0.07582381543216941,"upper_bound":0.0789675825072008},"point_estimate":0.07743809204011565,"standard_error":0.0008050166425922236},"median":{"confidence_interval":{"confidence_level":0.95,"lower_bound":0.07207618301304386,"upper_bound":0.08220480486219825},"point_estimate":0.07762929984939881,"standard_error":0.0025885733475238277}}