{"mean":{"confidence_interval":{"confidence_level":0.95,"lower_bound":-0.0026540908642071702,"upper_bound":0.0038355849305460473},"point_estimate":-0.0007042573274336217,"standard_error":0.00173650022972207},"median":{"confidence_interval":{"confidence_level":0.95,"lower_bound":-0.0025996898997860886,"upper_bound":-0.0015212324403564015},"point_estimate":-0.002067577138270993,"standard_error":0.00028090917360612105}}