{"mean":{"confidence_interval":{"confidence_level":0.95,"lower_bound":0.00351817372826862,"upper_bound":0.007487131283918057},"point_estimate":0.00512177561101379,"standard_error":0.0010182720649062789},"median":{"confidence_interval":{"confidence_level":0.95,"lower_bound":0.004365679260621924,"upper_bound":0.005173986031233202},"point_estimate":0.0047743000774005395,"standard_error":0.0002149425637239496}}