{"mean":{"confidence_interval":{"confidence_level":0.95,"lower_bound":-0.03375335032874724,"upper_bound":-0.022557081207125435},"point_estimate":-0.028457631273844153,"standard_error":0.0028682516738673326},"median":{"confidence_interval":{"confidence_level":0.95,"lower_bound":-0.03574288874624376,"upper_bound":-0.020420902058919443},"point_estimate":-0.03047393560215428,"standard_error":0.003891813895059691}}