{"mean":{"confidence_interval":{"confidence_level":0.95,"lower_bound":-0.037403093976007405,"upper_bound":-0.01952596523585892},"point_estimate":-0.029556764378190215,"standard_error":0.004594076083657454},"median":{"confidence_interval":{"confidence_level":0.95,"lower_bound":-0.03430157815098711,"upper_bound":-0.028718993417058192},"point_estimate":-0.031236659691437407,"standard_error":0.0019240202727667088}}