{"mean":{"confidence_interval":{"confidence_level":0.95,"lower_bound":-0.04853499895486719,"upper_bound":-0.01573346914577266},"point_estimate":-0.03441525433116244,"standard_error":0.008293543638995229},"median":{"confidence_interval":{"confidence_level":0.95,"lower_bound":-0.04524307278549,"upper_bound":-0.02979151142301839},"point_estimate":-0.03693969613326076,"standard_error":0.00477256668813634}}