{"mean":{"confidence_interval":{"confidence_level":0.95,"lower_bound":0.007624536492651679,"upper_bound":0.031407227848122235},"point_estimate":0.01911727344197134,"standard_error":0.006107804540533709},"median":{"confidence_interval":{"confidence_level":0.95,"lower_bound":-0.00019565909257091008,"upper_bound":0.03200635542854724},"point_estimate":0.013921528330503197,"standard_error":0.008698698187209126}}