{"mean":{"confidence_interval":{"confidence_level":0.95,"lower_bound":127018041.68,"upper_bound":134038598.2},"point_estimate":130646979.8,"standard_error":1801949.470732001},"median":{"confidence_interval":{"confidence_level":0.95,"lower_bound":124135090.0,"upper_bound":135508116.0},"point_estimate":133716310.0,"standard_error":3344293.057273456},"median_abs_dev":{"confidence_interval":{"confidence_level":0.95,"lower_bound":581046.4969843626,"upper_bound":9175001.737511158},"point_estimate":3934142.7819550037,"standard_error":2557099.536013746},"slope":null,"std_dev":{"confidence_interval":{"confidence_level":0.95,"lower_bound":3152953.79024141,"upper_bound":6997465.891514479},"point_estimate":6018136.712395749,"standard_error":918359.546319057}}