{"mean":{"confidence_interval":{"confidence_level":0.95,"lower_bound":95670162.555,"upper_bound":108306912.61749999},"point_estimate":102100978.9,"standard_error":3221213.442525686},"median":{"confidence_interval":{"confidence_level":0.95,"lower_bound":97473015.0,"upper_bound":109576736.0},"point_estimate":100205816.5,"standard_error":3194060.962198679},"median_abs_dev":{"confidence_interval":{"confidence_level":0.95,"lower_bound":1064752.1513968706,"upper_bound":20825874.266266823},"point_estimate":4981856.153154373,"standard_error":5330304.598461372},"slope":null,"std_dev":{"confidence_interval":{"confidence_level":0.95,"lower_bound":5249780.687178506,"upper_bound":14377236.22222109},"point_estimate":10736901.70057199,"standard_error":2391891.0819713376}}