{"mean":{"confidence_interval":{"confidence_level":0.95,"lower_bound":797274.3407991434,"upper_bound":799290.5266520634},"point_estimate":798220.4192271781,"standard_error":515.5134212415489},"median":{"confidence_interval":{"confidence_level":0.95,"lower_bound":795639.5645161291,"upper_bound":799704.6394927537},"point_estimate":798715.1425327035,"standard_error":1039.5756395106362},"median_abs_dev":{"confidence_interval":{"confidence_level":0.95,"lower_bound":3735.3915924482444,"upper_bound":6054.337916732823},"point_estimate":5301.054263414583,"standard_error":579.5027671442851},"slope":{"confidence_interval":{"confidence_level":0.95,"lower_bound":796246.7225796261,"upper_bound":798358.0117106393},"point_estimate":797278.3364844096,"standard_error":540.2436447595453},"std_dev":{"confidence_interval":{"confidence_level":0.95,"lower_bound":3689.7157107965386,"upper_bound":7060.527598531057},"point_estimate":5183.597064445862,"standard_error":1011.3990385817857}}