{"mean":{"confidence_interval":{"confidence_level":0.95,"lower_bound":288834199.5505,"upper_bound":290100756.41425},"point_estimate":289497828.0,"standard_error":320996.4091777863},"median":{"confidence_interval":{"confidence_level":0.95,"lower_bound":288910321.0,"upper_bound":289328363.0},"point_estimate":289082315.5,"standard_error":105191.91318623142},"median_abs_dev":{"confidence_interval":{"confidence_level":0.95,"lower_bound":773155.1298737526,"upper_bound":1413365.5201077461},"point_estimate":1253399.654647708,"standard_error":155394.98586876836},"slope":null,"std_dev":{"confidence_interval":{"confidence_level":0.95,"lower_bound":1811491.60165027,"upper_bound":4637382.141174707},"point_estimate":3219427.3644452817,"standard_error":759272.4353390615}}