{"mean":{"confidence_interval":{"confidence_level":0.95,"lower_bound":292741109.09575003,"upper_bound":293824104.9175},"point_estimate":293263935.78,"standard_error":276232.4446057242},"median":{"confidence_interval":{"confidence_level":0.95,"lower_bound":292586633.0,"upper_bound":292979484.5},"point_estimate":292853198.5,"standard_error":100482.10646735177},"median_abs_dev":{"confidence_interval":{"confidence_level":0.95,"lower_bound":865361.7287367582,"upper_bound":1620288.2919341326},"point_estimate":1215325.004723668,"standard_error":183875.5635829978},"slope":null,"std_dev":{"confidence_interval":{"confidence_level":0.95,"lower_bound":1642346.3299705451,"upper_bound":3747433.9123145957},"point_estimate":2761227.440728897,"standard_error":538120.8899105423}}