{"mean":{"confidence_interval":{"confidence_level":0.95,"lower_bound":274229316.99899995,"upper_bound":275259504.51025003},"point_estimate":274717289.23,"standard_error":262603.31426992046},"median":{"confidence_interval":{"confidence_level":0.95,"lower_bound":273655228.0,"upper_bound":274260919.5},"point_estimate":274014483.5,"standard_error":141087.0080204586},"median_abs_dev":{"confidence_interval":{"confidence_level":0.95,"lower_bound":955974.5326280594,"upper_bound":1730956.1515393846},"point_estimate":1323938.054895401,"standard_error":192187.8001871492},"slope":null,"std_dev":{"confidence_interval":{"confidence_level":0.95,"lower_bound":1962846.683088867,"upper_bound":3170778.9877866358},"point_estimate":2629498.2192033785,"standard_error":307155.4673745917}}