{"mean":{"confidence_interval":{"confidence_level":0.95,"lower_bound":262717466.76825,"upper_bound":263840658.904},"point_estimate":263286751.93,"standard_error":284803.2088102403},"median":{"confidence_interval":{"confidence_level":0.95,"lower_bound":263027429.0,"upper_bound":263522570.0},"point_estimate":263239063.0,"standard_error":137033.00514608895},"median_abs_dev":{"confidence_interval":{"confidence_level":0.95,"lower_bound":925567.8897678852,"upper_bound":1549091.6172981262},"point_estimate":1250549.3561983109,"standard_error":158775.82401517752},"slope":null,"std_dev":{"confidence_interval":{"confidence_level":0.95,"lower_bound":1424309.8131808802,"upper_bound":4113703.338757873},"point_estimate":2869147.5149526866,"standard_error":697756.7180558126}}