{"mean":{"confidence_interval":{"confidence_level":0.95,"lower_bound":309622.98801044363,"upper_bound":310329.9562033991},"point_estimate":309918.913255249,"standard_error":182.662145881864},"median":{"confidence_interval":{"confidence_level":0.95,"lower_bound":309544.24590163934,"upper_bound":309897.61},"point_estimate":309759.3486298799,"standard_error":103.26379946352952},"median_abs_dev":{"confidence_interval":{"confidence_level":0.95,"lower_bound":482.15809704171045,"upper_bound":831.0726320257874},"point_estimate":640.1163519468931,"standard_error":90.34125534546027},"slope":{"confidence_interval":{"confidence_level":0.95,"lower_bound":309586.9694475698,"upper_bound":310344.12780233304},"point_estimate":309905.6908393675,"standard_error":194.6127659194819},"std_dev":{"confidence_interval":{"confidence_level":0.95,"lower_bound":747.8216797753222,"upper_bound":2904.223758835572},"point_estimate":1832.6871867474622,"standard_error":678.3836272705321}}