{"mean":{"confidence_interval":{"confidence_level":0.95,"lower_bound":304744.3540856648,"upper_bound":305271.0686637806},"point_estimate":305007.53867263574,"standard_error":134.14376367830093},"median":{"confidence_interval":{"confidence_level":0.95,"lower_bound":304575.39743589744,"upper_bound":305309.4357142857},"point_estimate":304896.73214285716,"standard_error":208.3269993866927},"median_abs_dev":{"confidence_interval":{"confidence_level":0.95,"lower_bound":992.5641789694064,"upper_bound":1618.6836975694168},"point_estimate":1311.4567517170274,"standard_error":158.31597655945137},"slope":{"confidence_interval":{"confidence_level":0.95,"lower_bound":304248.0778745517,"upper_bound":304933.81812111725},"point_estimate":304577.62218117336,"standard_error":174.3118788201149},"std_dev":{"confidence_interval":{"confidence_level":0.95,"lower_bound":1152.4606101453605,"upper_bound":1535.022028287804},"point_estimate":1350.7614954951264,"standard_error":97.90503715852434}}