{"mean":{"confidence_interval":{"confidence_level":0.95,"lower_bound":311492.2992113945,"upper_bound":313264.22712445876},"point_estimate":312313.84189805464,"standard_error":454.34504891157985},"median":{"confidence_interval":{"confidence_level":0.95,"lower_bound":309893.2861111111,"upper_bound":313313.28273809527},"point_estimate":311073.8690751274,"standard_error":1137.4204991842182},"median_abs_dev":{"confidence_interval":{"confidence_level":0.95,"lower_bound":2375.5397058338776,"upper_bound":4625.970974324186},"point_estimate":3936.130356694157,"standard_error":591.2669683805661},"slope":{"confidence_interval":{"confidence_level":0.95,"lower_bound":309775.57982784585,"upper_bound":310841.97174156795},"point_estimate":310265.169255948,"standard_error":272.04261253434385},"std_dev":{"confidence_interval":{"confidence_level":0.95,"lower_bound":2900.568777044689,"upper_bound":6361.636624649532},"point_estimate":4549.989137352085,"standard_error":944.9986518957211}}