{"mean":{"confidence_interval":{"confidence_level":0.95,"lower_bound":310244.778528139,"upper_bound":311032.72922731796},"point_estimate":310630.6273169838,"standard_error":201.4396778871928},"median":{"confidence_interval":{"confidence_level":0.95,"lower_bound":309939.75,"upper_bound":310944.5515873016},"point_estimate":310628.1756051257,"standard_error":327.2997679254684},"median_abs_dev":{"confidence_interval":{"confidence_level":0.95,"lower_bound":1590.9142876979554,"upper_bound":2452.6528083154317},"point_estimate":2030.4423927565763,"standard_error":219.3520923835718},"slope":{"confidence_interval":{"confidence_level":0.95,"lower_bound":310841.3139222483,"upper_bound":311715.8448386538},"point_estimate":311283.97984409635,"standard_error":224.32768736795887},"std_dev":{"confidence_interval":{"confidence_level":0.95,"lower_bound":1714.5898687032557,"upper_bound":2309.3090237894826},"point_estimate":2028.395938662311,"standard_error":151.3865075418464}}