{"mean":{"confidence_interval":{"confidence_level":0.95,"lower_bound":358511865.0495,"upper_bound":369207465.46175},"point_estimate":363689091.86,"standard_error":2732328.5163559397},"median":{"confidence_interval":{"confidence_level":0.95,"lower_bound":350344565.0,"upper_bound":365232634.0},"point_estimate":356472061.0,"standard_error":3791912.679031559},"median_abs_dev":{"confidence_interval":{"confidence_level":0.95,"lower_bound":18581734.592208266,"upper_bound":31346609.019586444},"point_estimate":23371568.103271723,"standard_error":3089035.7153109894},"slope":null,"std_dev":{"confidence_interval":{"confidence_level":0.95,"lower_bound":22911241.847231995,"upper_bound":31356819.66604383},"point_estimate":27430177.218978304,"standard_error":2162099.6607963163}}