{"mean":{"confidence_interval":{"confidence_level":0.95,"lower_bound":266005386.86375,"upper_bound":272658126.02524996},"point_estimate":269280334.61,"standard_error":1698789.8904947496},"median":{"confidence_interval":{"confidence_level":0.95,"lower_bound":261079552.0,"upper_bound":270656746.0},"point_estimate":266823119.5,"standard_error":2641875.8221931476},"median_abs_dev":{"confidence_interval":{"confidence_level":0.95,"lower_bound":13423648.4518826,"upper_bound":22620408.826607466},"point_estimate":16827904.81414497,"standard_error":2367112.10220117},"slope":null,"std_dev":{"confidence_interval":{"confidence_level":0.95,"lower_bound":14678706.115957096,"upper_bound":19241389.77236727},"point_estimate":17081570.89408685,"standard_error":1169002.4424276617}}