{"mean":{"confidence_interval":{"confidence_level":0.95,"lower_bound":357142796.63175,"upper_bound":369645275.83124995},"point_estimate":363203263.01,"standard_error":3197951.6359474906},"median":{"confidence_interval":{"confidence_level":0.95,"lower_bound":346717122.0,"upper_bound":361230546.0},"point_estimate":353459572.5,"standard_error":3398147.9947606237},"median_abs_dev":{"confidence_interval":{"confidence_level":0.95,"lower_bound":18127726.156568527,"upper_bound":34918979.61676419},"point_estimate":27281454.06705737,"standard_error":4185716.2505021794},"slope":null,"std_dev":{"confidence_interval":{"confidence_level":0.95,"lower_bound":26564362.42126633,"upper_bound":36984946.336602814},"point_estimate":32118781.630842444,"standard_error":2665782.254605156}}