{"mean":{"confidence_interval":{"confidence_level":0.95,"lower_bound":349487909.5345,"upper_bound":358427341.76225},"point_estimate":353843140.16,"standard_error":2283839.5854744515},"median":{"confidence_interval":{"confidence_level":0.95,"lower_bound":342797269.5,"upper_bound":353569849.0},"point_estimate":346887069.5,"standard_error":2587930.322766387},"median_abs_dev":{"confidence_interval":{"confidence_level":0.95,"lower_bound":14142034.114828706,"upper_bound":27176216.155725718},"point_estimate":19257089.273518324,"standard_error":3117800.6463561743},"slope":null,"std_dev":{"confidence_interval":{"confidence_level":0.95,"lower_bound":19198954.632384364,"upper_bound":26779354.59423998},"point_estimate":23004552.691140044,"standard_error":1951884.2238999323}}