{"mean":{"confidence_interval":{"confidence_level":0.95,"lower_bound":351496739.11474997,"upper_bound":362071299.56475},"point_estimate":356650327.58,"standard_error":2699614.031171761},"median":{"confidence_interval":{"confidence_level":0.95,"lower_bound":344385034.0,"upper_bound":355679422.5},"point_estimate":349572326.5,"standard_error":3097875.2922553485},"median_abs_dev":{"confidence_interval":{"confidence_level":0.95,"lower_bound":16627677.463799715,"upper_bound":30688065.539377928},"point_estimate":23219746.900767088,"standard_error":3659084.0617869035},"slope":null,"std_dev":{"confidence_interval":{"confidence_level":0.95,"lower_bound":22557746.41596241,"upper_bound":31256526.739212915},"point_estimate":27204830.06098405,"standard_error":2227616.768405023}}