{"mean":{"confidence_interval":{"confidence_level":0.95,"lower_bound":356697252.45825,"upper_bound":364991259.7065},"point_estimate":360824239.41,"standard_error":2119899.788964694},"median":{"confidence_interval":{"confidence_level":0.95,"lower_bound":349592555.0,"upper_bound":366553825.0},"point_estimate":357941700.0,"standard_error":4431259.8545135185},"median_abs_dev":{"confidence_interval":{"confidence_level":0.95,"lower_bound":17963842.520678043,"upper_bound":29498580.769595504},"point_estimate":22442674.741762877,"standard_error":2932844.0735798622},"slope":null,"std_dev":{"confidence_interval":{"confidence_level":0.95,"lower_bound":18831240.14141125,"upper_bound":23448284.311785985},"point_estimate":21324199.53387126,"standard_error":1175141.3209406615}}