{"mean":{"confidence_interval":{"confidence_level":0.95,"lower_bound":759818.8630423611,"upper_bound":761715.24725},"point_estimate":760683.5968015873,"standard_error":486.6133818784452},"median":{"confidence_interval":{"confidence_level":0.95,"lower_bound":759499.4383333334,"upper_bound":761852.0875},"point_estimate":760154.8813888889,"standard_error":509.95177247606705},"median_abs_dev":{"confidence_interval":{"confidence_level":0.95,"lower_bound":156.97850887976787,"upper_bound":2677.9404662070497},"point_estimate":1208.9144601207695,"standard_error":610.0423018997654},"slope":{"confidence_interval":{"confidence_level":0.95,"lower_bound":759547.5964344831,"upper_bound":760735.891551646},"point_estimate":760102.5549134199,"standard_error":300.8198306196664},"std_dev":{"confidence_interval":{"confidence_level":0.95,"lower_bound":608.6167941576222,"upper_bound":2133.787626594247},"point_estimate":1621.1193924752179,"standard_error":401.3254353778306}}