{"mean":{"confidence_interval":{"confidence_level":0.95,"lower_bound":814808.7517580783,"upper_bound":815925.8848799338},"point_estimate":815356.1994391298,"standard_error":286.6909666704067},"median":{"confidence_interval":{"confidence_level":0.95,"lower_bound":814501.9401041666,"upper_bound":816179.025},"point_estimate":815225.5985969389,"standard_error":511.4125268436884},"median_abs_dev":{"confidence_interval":{"confidence_level":0.95,"lower_bound":230.79112012134746,"upper_bound":1586.759350892007},"point_estimate":1168.5430495667467,"standard_error":353.7123078564566},"slope":{"confidence_interval":{"confidence_level":0.95,"lower_bound":814813.3972775176,"upper_bound":816056.311195809},"point_estimate":815564.381122449,"standard_error":317.289995514847},"std_dev":{"confidence_interval":{"confidence_level":0.95,"lower_bound":602.0941991565917,"upper_bound":1149.8434051539045},"point_estimate":957.6112453460024,"standard_error":140.29745222980043}}