{"mean":{"confidence_interval":{"confidence_level":0.95,"lower_bound":3111454040.1,"upper_bound":3184972338.63},"point_estimate":3143926099.5,"standard_error":19018693.27605161},"median":{"confidence_interval":{"confidence_level":0.95,"lower_bound":3101027827.5,"upper_bound":3165626786.0},"point_estimate":3128874656.0,"standard_error":16236482.202890169},"median_abs_dev":{"confidence_interval":{"confidence_level":0.95,"lower_bound":8489987.917372584,"upper_bound":81792170.9755987},"point_estimate":40756485.72752774,"standard_error":19299892.051183544},"slope":null,"std_dev":{"confidence_interval":{"confidence_level":0.95,"lower_bound":23168856.637949374,"upper_bound":90293089.7368299},"point_estimate":63416858.2796482,"standard_error":19805806.142541904}}