{"mean":{"confidence_interval":{"confidence_level":0.95,"lower_bound":2512588617.7925,"upper_bound":2525653967.4},"point_estimate":2519301815.6,"standard_error":3354894.473929707},"median":{"confidence_interval":{"confidence_level":0.95,"lower_bound":2510888865.5,"upper_bound":2527188827.5},"point_estimate":2520759582.0,"standard_error":5294453.769510256},"median_abs_dev":{"confidence_interval":{"confidence_level":0.95,"lower_bound":299001.1257916689,"upper_bound":18868284.843420982},"point_estimate":9825724.50285852,"standard_error":5138490.798054624},"slope":null,"std_dev":{"confidence_interval":{"confidence_level":0.95,"lower_bound":6253607.451269438,"upper_bound":14123554.646032164},"point_estimate":11146815.66354644,"standard_error":2021886.9739014194}}