{"mean":{"confidence_interval":{"confidence_level":0.95,"lower_bound":2541014294.1,"upper_bound":2578235108.7},"point_estimate":2555987761.6,"standard_error":9951381.68306372},"median":{"confidence_interval":{"confidence_level":0.95,"lower_bound":2538985721.5,"upper_bound":2557181495.0},"point_estimate":2549761494.0,"standard_error":5603503.560933979},"median_abs_dev":{"confidence_interval":{"confidence_level":0.95,"lower_bound":3184863.442057371,"upper_bound":25847332.147318125},"point_estimate":12111778.760772943,"standard_error":6053369.780891589},"slope":null,"std_dev":{"confidence_interval":{"confidence_level":0.95,"lower_bound":7086760.605117553,"upper_bound":50204754.36167565},"point_estimate":33205615.34910687,"standard_error":14012600.479480032}}