{"mean":{"confidence_interval":{"confidence_level":0.95,"lower_bound":2665760878.8624997,"upper_bound":2729324302.2125},"point_estimate":2692908651.4,"standard_error":16508432.792788794},"median":{"confidence_interval":{"confidence_level":0.95,"lower_bound":2659130484.0,"upper_bound":2703237231.0},"point_estimate":2682975741.5,"standard_error":9891578.61934542},"median_abs_dev":{"confidence_interval":{"confidence_level":0.95,"lower_bound":5597356.7909270525,"upper_bound":60558386.75467372},"point_estimate":19037666.701313853,"standard_error":15323553.27824329},"slope":null,"std_dev":{"confidence_interval":{"confidence_level":0.95,"lower_bound":15032152.709566722,"upper_bound":80923498.96446458},"point_estimate":55090906.32216637,"standard_error":19961238.313619543}}