{"mean":{"confidence_interval":{"confidence_level":0.95,"lower_bound":2741452607.4500003,"upper_bound":2771496240.2},"point_estimate":2756458324.9,"standard_error":7698757.923192141},"median":{"confidence_interval":{"confidence_level":0.95,"lower_bound":2733244481.0,"upper_bound":2779075213.0},"point_estimate":2755660700.0,"standard_error":13465066.090426644},"median_abs_dev":{"confidence_interval":{"confidence_level":0.95,"lower_bound":5758797.843360901,"upper_bound":42435191.423624754},"point_estimate":28446914.04556632,"standard_error":9313894.177573072},"slope":null,"std_dev":{"confidence_interval":{"confidence_level":0.95,"lower_bound":16374828.535293514,"upper_bound":30772368.286760096},"point_estimate":25656456.80123101,"standard_error":3686215.3061505007}}