{"mean":{"confidence_interval":{"confidence_level":0.95,"lower_bound":19507.276972953146,"upper_bound":19571.818118236995},"point_estimate":19533.406462624203,"standard_error":17.311540492425365},"median":{"confidence_interval":{"confidence_level":0.95,"lower_bound":19503.435938962066,"upper_bound":19540.076981213562},"point_estimate":19519.857538568584,"standard_error":10.086400868998215},"median_abs_dev":{"confidence_interval":{"confidence_level":0.95,"lower_bound":4.966948497441026,"upper_bound":48.49863966514222},"point_estimate":21.863188895662958,"standard_error":11.403504225313547},"slope":{"confidence_interval":{"confidence_level":0.95,"lower_bound":19507.71765428401,"upper_bound":19525.054525795847},"point_estimate":19516.064305765492,"standard_error":4.42167880275279},"std_dev":{"confidence_interval":{"confidence_level":0.95,"lower_bound":12.550358808758789,"upper_bound":86.82366920687882},"point_estimate":57.69914301750042,"standard_error":23.930384630213233}}