{"mean":{"confidence_interval":{"confidence_level":0.95,"lower_bound":20066.93945337501,"upper_bound":20117.92598099774},"point_estimate":20087.845316414874,"standard_error":13.493062983380597},"median":{"confidence_interval":{"confidence_level":0.95,"lower_bound":20064.366302001938,"upper_bound":20090.16781089529},"point_estimate":20082.869463049785,"standard_error":8.130149650155518},"median_abs_dev":{"confidence_interval":{"confidence_level":0.95,"lower_bound":3.298333478692677,"upper_bound":38.48087293817067},"point_estimate":19.420961800775583,"standard_error":9.624898072597206},"slope":{"confidence_interval":{"confidence_level":0.95,"lower_bound":20066.11350908364,"upper_bound":20085.06595752903},"point_estimate":20075.3343098964,"standard_error":4.898177988248501},"std_dev":{"confidence_interval":{"confidence_level":0.95,"lower_bound":10.344021149341172,"upper_bound":67.4317474047783},"point_estimate":44.86370921459595,"standard_error":18.274557053488614}}