{"mean":{"confidence_interval":{"confidence_level":0.95,"lower_bound":19773.277003955343,"upper_bound":19799.90925071258},"point_estimate":19785.82988233796,"standard_error":6.819073387970868},"median":{"confidence_interval":{"confidence_level":0.95,"lower_bound":19768.892340779297,"upper_bound":19796.01894021543},"point_estimate":19783.77252222945,"standard_error":6.79031805772134},"median_abs_dev":{"confidence_interval":{"confidence_level":0.95,"lower_bound":3.466205772338319,"upper_bound":37.595632362257604},"point_estimate":17.179202883034602,"standard_error":8.542045015564149},"slope":{"confidence_interval":{"confidence_level":0.95,"lower_bound":19779.810753107366,"upper_bound":19815.380927081733},"point_estimate":19795.775432548366,"standard_error":9.65231480579148},"std_dev":{"confidence_interval":{"confidence_level":0.95,"lower_bound":9.925852629217252,"upper_bound":31.08728356992707},"point_estimate":22.746533091024588,"standard_error":5.807836906309509}}