{"mean":{"confidence_interval":{"confidence_level":0.95,"lower_bound":351500.4127733037,"upper_bound":352881.94638392574},"point_estimate":352173.2128260644,"standard_error":354.07375053070473},"median":{"confidence_interval":{"confidence_level":0.95,"lower_bound":350307.5070422535,"upper_bound":353255.31481481483},"point_estimate":351453.39037037035,"standard_error":619.0384323147708},"median_abs_dev":{"confidence_interval":{"confidence_level":0.95,"lower_bound":2665.8131788685314,"upper_bound":4260.347118808103},"point_estimate":3656.3114111298446,"standard_error":361.3264778374385},"slope":{"confidence_interval":{"confidence_level":0.95,"lower_bound":349315.3236928149,"upper_bound":350058.1154155539},"point_estimate":349651.4057051377,"standard_error":189.0882966650774},"std_dev":{"confidence_interval":{"confidence_level":0.95,"lower_bound":2784.584091701878,"upper_bound":4462.843184074668},"point_estimate":3567.3781863343734,"standard_error":449.3121366448812}}