{"mean":{"confidence_interval":{"confidence_level":0.95,"lower_bound":-0.2928002816698101,"upper_bound":-0.26498600822070423},"point_estimate":-0.27872167914688006,"standard_error":0.007109413921675376},"median":{"confidence_interval":{"confidence_level":0.95,"lower_bound":-0.29769119514005826,"upper_bound":-0.2531123679537085},"point_estimate":-0.27476946643581934,"standard_error":0.010998421631174284}}