{"mean":{"confidence_interval":{"confidence_level":0.95,"lower_bound":-0.046555687581445376,"upper_bound":-0.02777644244752078},"point_estimate":-0.036849770574522545,"standard_error":0.004802571343128478},"median":{"confidence_interval":{"confidence_level":0.95,"lower_bound":-0.022210121109726533,"upper_bound":-0.0023731448555014837},"point_estimate":-0.009752964897938532,"standard_error":0.005290696166886833}}