{"mean":{"confidence_interval":{"confidence_level":0.95,"lower_bound":-0.2716975573450799,"upper_bound":-0.24261439850352287},"point_estimate":-0.25749381882825984,"standard_error":0.007445583299194566},"median":{"confidence_interval":{"confidence_level":0.95,"lower_bound":-0.27806718672811837,"upper_bound":-0.22457008947898083},"point_estimate":-0.25824642993916147,"standard_error":0.013883645085201938}}