{"mean":{"confidence_interval":{"confidence_level":0.95,"lower_bound":0.13532716893974772,"upper_bound":0.20238874698404175},"point_estimate":0.16810666140928054,"standard_error":0.017329567194312983},"median":{"confidence_interval":{"confidence_level":0.95,"lower_bound":0.10675166471720687,"upper_bound":0.19852327218865362},"point_estimate":0.14560696783302163,"standard_error":0.024683875841338902}}