{"mean":{"confidence_interval":{"confidence_level":0.95,"lower_bound":-0.02693444810588354,"upper_bound":0.016596938573682062},"point_estimate":-0.005268211446706417,"standard_error":0.01108184669073778},"median":{"confidence_interval":{"confidence_level":0.95,"lower_bound":-0.02605175838739621,"upper_bound":0.04634925950914348},"point_estimate":0.004674879277353439,"standard_error":0.018696525385155947}}