{"mean":{"confidence_interval":{"confidence_level":0.95,"lower_bound":0.002480860022541637,"upper_bound":0.017786765617403912},"point_estimate":0.009625921390065129,"standard_error":0.0038959934150880633},"median":{"confidence_interval":{"confidence_level":0.95,"lower_bound":-0.008599590207995278,"upper_bound":0.0005094786441079968},"point_estimate":-0.0045341247017018915,"standard_error":0.0023819842608616714}}