{"mean":{"confidence_interval":{"confidence_level":0.95,"lower_bound":26072295.35020833,"upper_bound":26969022.88678571},"point_estimate":26483258.26997024,"standard_error":230005.80534361617},"median":{"confidence_interval":{"confidence_level":0.95,"lower_bound":25916547.5625,"upper_bound":27013053.09375},"point_estimate":26217078.1,"standard_error":299775.9723507484},"median_abs_dev":{"confidence_interval":{"confidence_level":0.95,"lower_bound":88426.33958011866,"upper_bound":1247658.9534196246},"point_estimate":502094.5828085415,"standard_error":308261.23572137486},"slope":{"confidence_interval":{"confidence_level":0.95,"lower_bound":26243267.535019815,"upper_bound":27292690.94743022},"point_estimate":26699473.20909091,"standard_error":267481.4600855064},"std_dev":{"confidence_interval":{"confidence_level":0.95,"lower_bound":280803.1784079947,"upper_bound":1015044.8525221732},"point_estimate":766067.2478117883,"standard_error":187447.45885850745}}