{"mean":{"confidence_interval":{"confidence_level":0.95,"lower_bound":26521446.526649304,"upper_bound":27108093.434107136},"point_estimate":26875004.944623016,"standard_error":158193.1484010429},"median":{"confidence_interval":{"confidence_level":0.95,"lower_bound":26894018.75,"upper_bound":27137538.57936508},"point_estimate":26969560.675,"standard_error":69308.38996324317},"median_abs_dev":{"confidence_interval":{"confidence_level":0.95,"lower_bound":33172.24778607488,"upper_bound":400926.52636545984},"point_estimate":124749.00111526361,"standard_error":100997.73096743715},"slope":{"confidence_interval":{"confidence_level":0.95,"lower_bound":26937171.902578797,"upper_bound":27113269.844444446},"point_estimate":27014298.411688313,"standard_error":45027.061188066495},"std_dev":{"confidence_interval":{"confidence_level":0.95,"lower_bound":79641.28973002915,"upper_bound":798603.7991332159},"point_estimate":525316.4439924737,"standard_error":230032.44255444294}}