{"mean":{"confidence_interval":{"confidence_level":0.95,"lower_bound":19615.459474120635,"upper_bound":19626.32368992611},"point_estimate":19620.82151898928,"standard_error":2.7768897144064435},"median":{"confidence_interval":{"confidence_level":0.95,"lower_bound":19614.892211118276,"upper_bound":19627.23099075865},"point_estimate":19620.177422656147,"standard_error":2.9836139972231024},"median_abs_dev":{"confidence_interval":{"confidence_level":0.95,"lower_bound":2.233299637978253,"upper_bound":15.208631094701502},"point_estimate":6.595042060006363,"standard_error":3.423724857797138},"slope":{"confidence_interval":{"confidence_level":0.95,"lower_bound":19618.675668009615,"upper_bound":19624.14104118668},"point_estimate":19621.742742707538,"standard_error":1.399292589517526},"std_dev":{"confidence_interval":{"confidence_level":0.95,"lower_bound":4.415217119082936,"upper_bound":12.210354183817563},"point_estimate":9.228879933823121,"standard_error":1.9755084393773064}}