{"mean":{"confidence_interval":{"confidence_level":0.95,"lower_bound":18651.906489962654,"upper_bound":19023.71878330221},"point_estimate":18786.65900848117,"standard_error":108.94864025771321},"median":{"confidence_interval":{"confidence_level":0.95,"lower_bound":18643.17559912854,"upper_bound":18732.874139433552},"point_estimate":18662.767312091502,"standard_error":34.51286913178567},"median_abs_dev":{"confidence_interval":{"confidence_level":0.95,"lower_bound":1.5068375761881336,"upper_bound":105.27887249632758},"point_estimate":32.33439509098132,"standard_error":39.97456220824171},"slope":{"confidence_interval":{"confidence_level":0.95,"lower_bound":18652.525458330525,"upper_bound":18708.232347464127},"point_estimate":18672.001479783834,"standard_error":14.288771761093933},"std_dev":{"confidence_interval":{"confidence_level":0.95,"lower_bound":13.001324429862013,"upper_bound":557.5575025637829},"point_estimate":362.81717363269354,"standard_error":187.65495585726768}}