{"mean":{"confidence_interval":{"confidence_level":0.95,"lower_bound":7062290.6637932705,"upper_bound":7108036.115472832},"point_estimate":7083390.554966423,"standard_error":11778.26519719821},"median":{"confidence_interval":{"confidence_level":0.95,"lower_bound":7056544.846153846,"upper_bound":7111319.39010989},"point_estimate":7070750.0625,"standard_error":13416.435358326438},"median_abs_dev":{"confidence_interval":{"confidence_level":0.95,"lower_bound":3936.45815960149,"upper_bound":62405.638008231996},"point_estimate":22567.671902869468,"standard_error":14183.874532698841},"slope":{"confidence_interval":{"confidence_level":0.95,"lower_bound":7060129.68529106,"upper_bound":7119232.444477739},"point_estimate":7082611.560439561,"standard_error":15053.99853303503},"std_dev":{"confidence_interval":{"confidence_level":0.95,"lower_bound":12912.239441631884,"upper_bound":49204.64185539759},"point_estimate":39265.419435087395,"standard_error":9137.30257661014}}