{"mean":{"confidence_interval":{"confidence_level":0.95,"lower_bound":7092925.715001603,"upper_bound":7131555.946184372},"point_estimate":7108054.565607448,"standard_error":10511.915555477788},"median":{"confidence_interval":{"confidence_level":0.95,"lower_bound":7091738.996947497,"upper_bound":7105499.533653846},"point_estimate":7101796.391025641,"standard_error":3909.671416084261},"median_abs_dev":{"confidence_interval":{"confidence_level":0.95,"lower_bound":1388.4168599655623,"upper_bound":22808.75890564046},"point_estimate":7464.518633504039,"standard_error":5906.908926479448},"slope":{"confidence_interval":{"confidence_level":0.95,"lower_bound":7086052.039416566,"upper_bound":7109468.79807185},"point_estimate":7095270.085514486,"standard_error":6037.968935545751},"std_dev":{"confidence_interval":{"confidence_level":0.95,"lower_bound":4890.985719752225,"upper_bound":53507.95366426201},"point_estimate":35056.94453345424,"standard_error":15888.924375717053}}