{"mean":{"confidence_interval":{"confidence_level":0.95,"lower_bound":7176381.070192307,"upper_bound":7378694.424282967},"point_estimate":7269912.679413919,"standard_error":51964.302314447974},"median":{"confidence_interval":{"confidence_level":0.95,"lower_bound":7149159.48076923,"upper_bound":7419266.467582418},"point_estimate":7187632.955128205,"standard_error":66102.09814798804},"median_abs_dev":{"confidence_interval":{"confidence_level":0.95,"lower_bound":10208.071468770504,"upper_bound":277811.0873909443},"point_estimate":131100.36626481067,"standard_error":72584.04226242496},"slope":{"confidence_interval":{"confidence_level":0.95,"lower_bound":7205011.1464237515,"upper_bound":7411130.014797903},"point_estimate":7307821.501098901,"standard_error":52016.45860297791},"std_dev":{"confidence_interval":{"confidence_level":0.95,"lower_bound":71604.52051561869,"upper_bound":221113.44737970756},"point_estimate":174473.78113226607,"standard_error":38355.65030433591}}