{"mean":{"confidence_interval":{"confidence_level":0.95,"lower_bound":10538512.356747245,"upper_bound":10789207.800160052},"point_estimate":10661710.58563051,"standard_error":64179.250161558295},"median":{"confidence_interval":{"confidence_level":0.95,"lower_bound":10439671.125,"upper_bound":10811419.822222222},"point_estimate":10700314.131393299,"standard_error":107821.39929453105},"median_abs_dev":{"confidence_interval":{"confidence_level":0.95,"lower_bound":23279.13239041656,"upper_bound":411278.8189887114},"point_estimate":266759.7737007335,"standard_error":101690.31801134087},"slope":{"confidence_interval":{"confidence_level":0.95,"lower_bound":10520310.361645479,"upper_bound":10752228.354283933},"point_estimate":10619140.882251082,"standard_error":59709.76072754245},"std_dev":{"confidence_interval":{"confidence_level":0.95,"lower_bound":132045.82436381117,"upper_bound":266602.0464035923},"point_estimate":213575.22000487128,"standard_error":36256.54212545234}}