{"mean":{"confidence_interval":{"confidence_level":0.95,"lower_bound":310794337.4,"upper_bound":311933676.65},"point_estimate":311319146.4,"standard_error":291693.40147791227},"median":{"confidence_interval":{"confidence_level":0.95,"lower_bound":310750348.5,"upper_bound":311630397.0},"point_estimate":311303473.0,"standard_error":215590.94297158805},"median_abs_dev":{"confidence_interval":{"confidence_level":0.95,"lower_bound":77350.94712674618,"upper_bound":1454920.202820003},"point_estimate":593653.4152105451,"standard_error":359329.0562521672},"slope":null,"std_dev":{"confidence_interval":{"confidence_level":0.95,"lower_bound":358678.7695969061,"upper_bound":1369781.8406010538},"point_estimate":972262.5573298319,"standard_error":277517.90399476973}}