{"mean":{"confidence_interval":{"confidence_level":0.95,"lower_bound":277916067.8575,"upper_bound":291079629.56374997},"point_estimate":284458633.95,"standard_error":3378257.179023116},"median":{"confidence_interval":{"confidence_level":0.95,"lower_bound":274101205.5,"upper_bound":296921117.5},"point_estimate":282119930.0,"standard_error":5833594.467286214},"median_abs_dev":{"confidence_interval":{"confidence_level":0.95,"lower_bound":2678393.947649002,"upper_bound":18366528.534328938},"point_estimate":13698827.531947196,"standard_error":4311132.381350842},"slope":null,"std_dev":{"confidence_interval":{"confidence_level":0.95,"lower_bound":7169437.873657204,"upper_bound":13235874.059427567},"point_estimate":11300005.373497024,"standard_error":1546089.072934997}}