{"mean":{"confidence_interval":{"confidence_level":0.95,"lower_bound":20189.11922592581,"upper_bound":20210.941682263547},"point_estimate":20200.339045598746,"standard_error":5.604100203516425},"median":{"confidence_interval":{"confidence_level":0.95,"lower_bound":20183.01479669977,"upper_bound":20217.924156768087},"point_estimate":20205.012385134134,"standard_error":10.25917813208823},"median_abs_dev":{"confidence_interval":{"confidence_level":0.95,"lower_bound":1.40008838332695,"upper_bound":30.789379370378885},"point_estimate":20.843975100153575,"standard_error":8.17398494534606},"slope":{"confidence_interval":{"confidence_level":0.95,"lower_bound":20180.603560087395,"upper_bound":20211.88219045431},"point_estimate":20191.46570192813,"standard_error":7.485386930557169},"std_dev":{"confidence_interval":{"confidence_level":0.95,"lower_bound":11.343463325386539,"upper_bound":22.450923002390315},"point_estimate":18.691284638994745,"standard_error":2.8777429567260286}}