{"mean":{"confidence_interval":{"confidence_level":0.95,"lower_bound":19962.849025918476,"upper_bound":20009.17923803588},"point_estimate":19980.943699729043,"standard_error":12.76684431427286},"median":{"confidence_interval":{"confidence_level":0.95,"lower_bound":19959.891797428754,"upper_bound":19982.98248460185},"point_estimate":19966.2569213123,"standard_error":7.566310606341184},"median_abs_dev":{"confidence_interval":{"confidence_level":0.95,"lower_bound":2.092209324203721,"upper_bound":28.848092978461146},"point_estimate":14.787434526297298,"standard_error":7.392791572186854},"slope":{"confidence_interval":{"confidence_level":0.95,"lower_bound":19960.834648563872,"upper_bound":19977.91338344196},"point_estimate":19967.6112780752,"standard_error":4.463207813645749},"std_dev":{"confidence_interval":{"confidence_level":0.95,"lower_bound":8.08004642772549,"upper_bound":64.68385341540984},"point_estimate":42.41939999943798,"standard_error":19.137032053685928}}