{"mean":{"confidence_interval":{"confidence_level":0.95,"lower_bound":16173.694861671798,"upper_bound":16217.951987058646},"point_estimate":16193.343225385426,"standard_error":11.319062631040715},"median":{"confidence_interval":{"confidence_level":0.95,"lower_bound":16171.076232794734,"upper_bound":16220.433283462997},"point_estimate":16174.951728007181,"standard_error":11.560052853224457},"median_abs_dev":{"confidence_interval":{"confidence_level":0.95,"lower_bound":0.7719235284861582,"upper_bound":50.57480659762862},"point_estimate":11.451665191665276,"standard_error":11.913818678353973},"slope":{"confidence_interval":{"confidence_level":0.95,"lower_bound":16174.964042097381,"upper_bound":16247.164182826627},"point_estimate":16218.50092051575,"standard_error":18.680709615124854},"std_dev":{"confidence_interval":{"confidence_level":0.95,"lower_bound":7.359825741280306,"upper_bound":47.22456451908478},"point_estimate":37.50670333769689,"standard_error":10.365086877274297}}