{"mean":{"confidence_interval":{"confidence_level":0.95,"lower_bound":16469331078.050001,"upper_bound":16815084445.3},"point_estimate":16636006874.8,"standard_error":88900630.03387988},"median":{"confidence_interval":{"confidence_level":0.95,"lower_bound":16440740995.0,"upper_bound":16907951479.0},"point_estimate":16512549039.5,"standard_error":136615738.9344259},"median_abs_dev":{"confidence_interval":{"confidence_level":0.95,"lower_bound":41322808.5241735,"upper_bound":455257106.5417707},"point_estimate":239594660.65384448,"standard_error":134250010.73259956},"slope":null,"std_dev":{"confidence_interval":{"confidence_level":0.95,"lower_bound":160834869.36313394,"upper_bound":362166367.7588723},"point_estimate":295934082.6350868,"standard_error":49899991.929927394}}