{"mean":{"confidence_interval":{"confidence_level":0.95,"lower_bound":15163215893.3,"upper_bound":15249147682.695002},"point_estimate":15205372177.4,"standard_error":21996507.841416746},"median":{"confidence_interval":{"confidence_level":0.95,"lower_bound":15143533954.5,"upper_bound":15269868662.5},"point_estimate":15188727512.5,"standard_error":37518215.13884234},"median_abs_dev":{"confidence_interval":{"confidence_level":0.95,"lower_bound":18467344.591239095,"upper_bound":117787108.9756608},"point_estimate":93179500.23953319,"standard_error":27172501.861295786},"slope":null,"std_dev":{"confidence_interval":{"confidence_level":0.95,"lower_bound":45511791.79967628,"upper_bound":89283046.80231668},"point_estimate":73576656.02465984,"standard_error":11225669.001933368}}