{"mean":{"confidence_interval":{"confidence_level":0.95,"lower_bound":15050539758.62,"upper_bound":15177538263.4},"point_estimate":15105378281.6,"standard_error":32983352.337564707},"median":{"confidence_interval":{"confidence_level":0.95,"lower_bound":15030753150.0,"upper_bound":15130687060.0},"point_estimate":15093590535.5,"standard_error":25926747.96760136},"median_abs_dev":{"confidence_interval":{"confidence_level":0.95,"lower_bound":14583872.628584504,"upper_bound":131789835.03176272},"point_estimate":57539946.64226174,"standard_error":29292497.74747103},"slope":null,"std_dev":{"confidence_interval":{"confidence_level":0.95,"lower_bound":36728469.70544959,"upper_bound":161066742.41585085},"point_estimate":110169661.75104696,"standard_error":38553613.47847348}}