{"mean":{"confidence_interval":{"confidence_level":0.95,"lower_bound":15123968359.7125,"upper_bound":15193670007.6275},"point_estimate":15158245110.9,"standard_error":17663597.320095554},"median":{"confidence_interval":{"confidence_level":0.95,"lower_bound":15129190614.0,"upper_bound":15181689542.0},"point_estimate":15155510106.0,"standard_error":12729565.745787185},"median_abs_dev":{"confidence_interval":{"confidence_level":0.95,"lower_bound":6073074.937981367,"upper_bound":97800928.92608643},"point_estimate":28740553.34855318,"standard_error":21251199.257580917},"slope":null,"std_dev":{"confidence_interval":{"confidence_level":0.95,"lower_bound":19061327.39448533,"upper_bound":82282147.5489081},"point_estimate":58961944.252565295,"standard_error":16151482.538521392}}