{"mean":{"confidence_interval":{"confidence_level":0.95,"lower_bound":12430731367.84,"upper_bound":12712492530.8},"point_estimate":12577600663.3,"standard_error":72275174.80547634},"median":{"confidence_interval":{"confidence_level":0.95,"lower_bound":12379536825.0,"upper_bound":12769223215.5},"point_estimate":12640279170.0,"standard_error":100753875.32137473},"median_abs_dev":{"confidence_interval":{"confidence_level":0.95,"lower_bound":41895389.375308156,"upper_bound":390782895.26911676},"point_estimate":194183866.62014723,"standard_error":95900784.94246039},"slope":null,"std_dev":{"confidence_interval":{"confidence_level":0.95,"lower_bound":119697956.44264518,"upper_bound":295003498.3942668},"point_estimate":241511294.52915934,"standard_error":42601647.66170648}}