{"mean":{"confidence_interval":{"confidence_level":0.95,"lower_bound":0.3849012956093437,"upper_bound":0.4033365780272592},"point_estimate":0.3939620589084687,"standard_error":0.004684830986154518},"median":{"confidence_interval":{"confidence_level":0.95,"lower_bound":0.38571003576124174,"upper_bound":0.4006891684471324},"point_estimate":0.39526873079714053,"standard_error":0.003949574993003952}}