{"mean":{"confidence_interval":{"confidence_level":0.95,"lower_bound":0.003687957430646361,"upper_bound":0.018734096703107484},"point_estimate":0.0111017565280902,"standard_error":0.0038333635886147687},"median":{"confidence_interval":{"confidence_level":0.95,"lower_bound":0.003065716322165013,"upper_bound":0.014245168681345484},"point_estimate":0.008253453857598236,"standard_error":0.0028922197551777963}}