{"mean":{"confidence_interval":{"confidence_level":0.95,"lower_bound":-0.06631377538597034,"upper_bound":-0.051995566965149766},"point_estimate":-0.059191659940057484,"standard_error":0.0036611007852349266},"median":{"confidence_interval":{"confidence_level":0.95,"lower_bound":-0.07078761482156648,"upper_bound":-0.06417802493743385},"point_estimate":-0.06771471571071541,"standard_error":0.0016664036701610693}}