{"mean":{"confidence_interval":{"confidence_level":0.95,"lower_bound":0.020875112717209487,"upper_bound":0.03244559069973912},"point_estimate":0.02639043206757341,"standard_error":0.0029543242177530486},"median":{"confidence_interval":{"confidence_level":0.95,"lower_bound":0.014937676373006538,"upper_bound":0.021942146200758295},"point_estimate":0.019205937266887352,"standard_error":0.0018983428441041652}}