{"mean":{"confidence_interval":{"confidence_level":0.95,"lower_bound":-0.053345104345805576,"upper_bound":-0.04339939303811128},"point_estimate":-0.0483958877403895,"standard_error":0.002546767463707661},"median":{"confidence_interval":{"confidence_level":0.95,"lower_bound":-0.055303869597990614,"upper_bound":-0.04115069099292312},"point_estimate":-0.04611587002232087,"standard_error":0.003688300763219159}}