{"mean":{"confidence_interval":{"confidence_level":0.95,"lower_bound":32996225.05,"upper_bound":33667651.411},"point_estimate":33330596.14,"standard_error":171461.21645772993},"median":{"confidence_interval":{"confidence_level":0.95,"lower_bound":32762435.0,"upper_bound":33735421.5},"point_estimate":33329647.0,"standard_error":227968.6708954158},"median_abs_dev":{"confidence_interval":{"confidence_level":0.95,"lower_bound":1467920.0100392103,"upper_bound":2307627.570131421},"point_estimate":1876969.342777133,"standard_error":213241.63648867255},"slope":null,"std_dev":{"confidence_interval":{"confidence_level":0.95,"lower_bound":1529523.655353537,"upper_bound":1907736.557225767},"point_estimate":1731749.088748101,"standard_error":96378.75984349183}}