{"mean":{"confidence_interval":{"confidence_level":0.95,"lower_bound":32267784.043500002,"upper_bound":32714878.35475},"point_estimate":32492957.69,"standard_error":114146.79168924066},"median":{"confidence_interval":{"confidence_level":0.95,"lower_bound":32375711.0,"upper_bound":32965524.0},"point_estimate":32738535.5,"standard_error":153083.55411854995},"median_abs_dev":{"confidence_interval":{"confidence_level":0.95,"lower_bound":886442.0764625072,"upper_bound":1463170.501023531},"point_estimate":1192672.359725833,"standard_error":146543.97380733976},"slope":null,"std_dev":{"confidence_interval":{"confidence_level":0.95,"lower_bound":1005640.8863395373,"upper_bound":1272225.846211846},"point_estimate":1146895.3274540503,"standard_error":67993.44683452415}}