{"mean":{"confidence_interval":{"confidence_level":0.95,"lower_bound":53640268.91500001,"upper_bound":53990525.02175},"point_estimate":53808198.02,"standard_error":89584.1992390429},"median":{"confidence_interval":{"confidence_level":0.95,"lower_bound":53515085.0,"upper_bound":53801947.0},"point_estimate":53644387.0,"standard_error":73756.27920591981},"median_abs_dev":{"confidence_interval":{"confidence_level":0.95,"lower_bound":467600.1708984375,"upper_bound":794436.3698959351},"point_estimate":637872.3300755024,"standard_error":82151.75846599675},"slope":null,"std_dev":{"confidence_interval":{"confidence_level":0.95,"lower_bound":674456.5716817532,"upper_bound":1118301.4140058113},"point_estimate":902725.7763959755,"standard_error":113611.9661831746}}