{"mean":{"confidence_interval":{"confidence_level":0.95,"lower_bound":32070325.044,"upper_bound":32533587.45375},"point_estimate":32297672.55,"standard_error":118083.20198600272},"median":{"confidence_interval":{"confidence_level":0.95,"lower_bound":31889779.5,"upper_bound":32327053.5},"point_estimate":32092362.0,"standard_error":115676.45623786413},"median_abs_dev":{"confidence_interval":{"confidence_level":0.95,"lower_bound":741321.4845389128,"upper_bound":1328673.0344313376},"point_estimate":1097027.6115238667,"standard_error":149449.22548324816},"slope":null,"std_dev":{"confidence_interval":{"confidence_level":0.95,"lower_bound":1006675.5865008422,"upper_bound":1342547.8399859294},"point_estimate":1186013.3480473442,"standard_error":85758.76097247729}}