{"mean":{"confidence_interval":{"confidence_level":0.95,"lower_bound":895686068.6875,"upper_bound":899186904.4375},"point_estimate":897271778.0,"standard_error":904621.5224832969},"median":{"confidence_interval":{"confidence_level":0.95,"lower_bound":895294329.5,"upper_bound":899082971.0},"point_estimate":896384873.5,"standard_error":752095.6974447988},"median_abs_dev":{"confidence_interval":{"confidence_level":0.95,"lower_bound":221203.17477285862,"upper_bound":4272759.720343351},"point_estimate":1360304.0083497763,"standard_error":1089037.2156644198},"slope":null,"std_dev":{"confidence_interval":{"confidence_level":0.95,"lower_bound":890887.2711011447,"upper_bound":3971968.924249849},"point_estimate":3022866.083712792,"standard_error":813703.4695055418}}