{"mean":{"confidence_interval":{"confidence_level":0.95,"lower_bound":271947671.05,"upper_bound":272335602.05},"point_estimate":272134846.6,"standard_error":99495.52960953336},"median":{"confidence_interval":{"confidence_level":0.95,"lower_bound":271865549.25,"upper_bound":272425748.5},"point_estimate":272070772.75,"standard_error":143628.60271836774},"median_abs_dev":{"confidence_interval":{"confidence_level":0.95,"lower_bound":81701.26609951258,"upper_bound":563094.064553082},"point_estimate":336672.8791728616,"standard_error":123246.82537628467},"slope":null,"std_dev":{"confidence_interval":{"confidence_level":0.95,"lower_bound":181615.6964398912,"upper_bound":409000.4932453976},"point_estimate":330420.9878514244,"standard_error":57209.46925991857}}