{"mean":{"confidence_interval":{"confidence_level":0.95,"lower_bound":909660528.5,"upper_bound":916335130.0},"point_estimate":912815324.7,"standard_error":1707919.767252662},"median":{"confidence_interval":{"confidence_level":0.95,"lower_bound":908339059.0,"upper_bound":916522881.0},"point_estimate":912538382.5,"standard_error":2203285.554409528},"median_abs_dev":{"confidence_interval":{"confidence_level":0.95,"lower_bound":616684.4938516617,"upper_bound":9584100.737348199},"point_estimate":6066667.140895128,"standard_error":2153752.1123245424},"slope":null,"std_dev":{"confidence_interval":{"confidence_level":0.95,"lower_bound":2891097.1746837283,"upper_bound":7467829.56446927},"point_estimate":5678908.822831726,"standard_error":1219749.3374618874}}