{"mean":{"confidence_interval":{"confidence_level":0.95,"lower_bound":526791421.58750004,"upper_bound":531489655.4},"point_estimate":529274875.3,"standard_error":1207632.456229505},"median":{"confidence_interval":{"confidence_level":0.95,"lower_bound":526330106.0,"upper_bound":532409143.0},"point_estimate":530180109.0,"standard_error":1561965.4651193307},"median_abs_dev":{"confidence_interval":{"confidence_level":0.95,"lower_bound":842630.5059403181,"upper_bound":6507678.363865614},"point_estimate":3663014.5356684923,"standard_error":1524723.8168263985},"slope":null,"std_dev":{"confidence_interval":{"confidence_level":0.95,"lower_bound":1788676.3148870266,"upper_bound":5012284.425988785},"point_estimate":4022016.408057007,"standard_error":788004.4570276808}}