{"mean":{"confidence_interval":{"confidence_level":0.95,"lower_bound":873970179.4975001,"upper_bound":876550344.0},"point_estimate":875325798.2,"standard_error":662882.3853703104},"median":{"confidence_interval":{"confidence_level":0.95,"lower_bound":872746034.0,"upper_bound":877190669.0},"point_estimate":875862833.5,"standard_error":962440.5833040623},"median_abs_dev":{"confidence_interval":{"confidence_level":0.95,"lower_bound":168862.20660209656,"upper_bound":3265466.4722263813},"point_estimate":2127797.0889240503,"standard_error":868091.2397854802},"slope":null,"std_dev":{"confidence_interval":{"confidence_level":0.95,"lower_bound":939454.5937654469,"upper_bound":2634436.023393835},"point_estimate":2204724.794341099,"standard_error":376549.00702913693}}