{"mean":{"confidence_interval":{"confidence_level":0.95,"lower_bound":-0.1617815499348397,"upper_bound":-0.13228783887929896},"point_estimate":-0.14753165768814858,"standard_error":0.007554836893586165},"median":{"confidence_interval":{"confidence_level":0.95,"lower_bound":-0.16648613418582736,"upper_bound":-0.12621509622092053},"point_estimate":-0.15125249636438365,"standard_error":0.009215661581105638}}