{"mean":{"confidence_interval":{"confidence_level":0.95,"lower_bound":-0.05734917977461102,"upper_bound":-0.04867996101897206},"point_estimate":-0.053162320508921446,"standard_error":0.002211001285132701},"median":{"confidence_interval":{"confidence_level":0.95,"lower_bound":-0.05797333543184435,"upper_bound":-0.0480608873654681},"point_estimate":-0.05339300276721459,"standard_error":0.0026452247981992136}}