{"mean":{"confidence_interval":{"confidence_level":0.95,"lower_bound":0.1405810119403709,"upper_bound":0.14663455006865223},"point_estimate":0.14360246224246187,"standard_error":0.0015387711134215373},"median":{"confidence_interval":{"confidence_level":0.95,"lower_bound":0.14115420761890496,"upper_bound":0.14633847467723804},"point_estimate":0.14365635730981174,"standard_error":0.0013841303558640929}}