{"mean":{"confidence_interval":{"confidence_level":0.95,"lower_bound":-0.11649527229813211,"upper_bound":-0.0854587927855535},"point_estimate":-0.10136983119604581,"standard_error":0.007934394649170262},"median":{"confidence_interval":{"confidence_level":0.95,"lower_bound":-0.12156120069657805,"upper_bound":-0.07909141800060004},"point_estimate":-0.10533504558407636,"standard_error":0.009720068673120388}}