{"mean":{"confidence_interval":{"confidence_level":0.95,"lower_bound":-0.18068452597059725,"upper_bound":-0.16100112449759485},"point_estimate":-0.17024691372382605,"standard_error":0.004948735897922451},"median":{"confidence_interval":{"confidence_level":0.95,"lower_bound":-0.18836222608582276,"upper_bound":-0.15964661157350568},"point_estimate":-0.16596148321027027,"standard_error":0.006645550150584364}}