{"mean":{"confidence_interval":{"confidence_level":0.95,"lower_bound":-0.04499513908108611,"upper_bound":-0.03931933346443395},"point_estimate":-0.04231681689887412,"standard_error":0.0014341402472931675},"median":{"confidence_interval":{"confidence_level":0.95,"lower_bound":-0.045752808994747096,"upper_bound":-0.04086112214104831},"point_estimate":-0.04411102933614075,"standard_error":0.0012504128999271513}}