{"mean":{"confidence_interval":{"confidence_level":0.95,"lower_bound":34408.169009606885,"upper_bound":34471.18316192351},"point_estimate":34436.46805667146,"standard_error":16.262418343597915},"median":{"confidence_interval":{"confidence_level":0.95,"lower_bound":34384.56442831216,"upper_bound":34410.85891111931},"point_estimate":34395.00528580004,"standard_error":6.881298288518127},"median_abs_dev":{"confidence_interval":{"confidence_level":0.95,"lower_bound":33.41036131181433,"upper_bound":59.4011739600977},"point_estimate":45.53503927888931,"standard_error":6.872733616706004},"slope":{"confidence_interval":{"confidence_level":0.95,"lower_bound":34410.4020257743,"upper_bound":34508.45618523014},"point_estimate":34453.27993263454,"standard_error":25.1381318477682},"std_dev":{"confidence_interval":{"confidence_level":0.95,"lower_bound":81.00303508306799,"upper_bound":232.419593779024},"point_estimate":163.88191286723372,"standard_error":39.89461824108215}}