{"mean":{"confidence_interval":{"confidence_level":0.95,"lower_bound":33300.48097703131,"upper_bound":33966.08860209814},"point_estimate":33631.169914582555,"standard_error":170.2939766075},"median":{"confidence_interval":{"confidence_level":0.95,"lower_bound":31984.5758213141,"upper_bound":35314.0252016129},"point_estimate":32698.664402173912,"standard_error":1493.3524133266355},"median_abs_dev":{"confidence_interval":{"confidence_level":0.95,"lower_bound":135.4051276189714,"upper_bound":2482.7369301413623},"point_estimate":1260.582641020169,"standard_error":593.4077446179441},"slope":{"confidence_interval":{"confidence_level":0.95,"lower_bound":33446.953324082235,"upper_bound":34329.07641825303},"point_estimate":33898.17496444141,"standard_error":225.39711570478713},"std_dev":{"confidence_interval":{"confidence_level":0.95,"lower_bound":1664.915951274886,"upper_bound":1726.8356060918948},"point_estimate":1712.73435595006,"standard_error":15.912544264047018}}