{"mean":{"confidence_interval":{"confidence_level":0.95,"lower_bound":34137.16155982114,"upper_bound":34336.09842677143},"point_estimate":34237.07063713677,"standard_error":50.72581040393345},"median":{"confidence_interval":{"confidence_level":0.95,"lower_bound":34270.875247904805,"upper_bound":34481.28148396963},"point_estimate":34392.73454071284,"standard_error":69.75294065290568},"median_abs_dev":{"confidence_interval":{"confidence_level":0.95,"lower_bound":228.1810826731151,"upper_bound":950.9469947467528},"point_estimate":447.15809689322407,"standard_error":237.76600886663056},"slope":{"confidence_interval":{"confidence_level":0.95,"lower_bound":34179.39458795609,"upper_bound":34410.88653093892},"point_estimate":34297.91759838568,"standard_error":59.07614323683782},"std_dev":{"confidence_interval":{"confidence_level":0.95,"lower_bound":461.9253544350819,"upper_bound":549.5327909543153},"point_estimate":510.83023950412354,"standard_error":22.321659295347157}}