{"mean":{"confidence_interval":{"confidence_level":0.95,"lower_bound":90039665.19950001,"upper_bound":91003926.03725},"point_estimate":90511959.58,"standard_error":246434.63789423465},"median":{"confidence_interval":{"confidence_level":0.95,"lower_bound":89818947.0,"upper_bound":90749705.0},"point_estimate":90270020.0,"standard_error":265513.7333304092},"median_abs_dev":{"confidence_interval":{"confidence_level":0.95,"lower_bound":1637260.3551328182,"upper_bound":2882546.3146320726},"point_estimate":2165911.0277473927,"standard_error":312207.69102420984},"slope":null,"std_dev":{"confidence_interval":{"confidence_level":0.95,"lower_bound":2055917.2388183812,"upper_bound":2893381.2647922607},"point_estimate":2481776.3581717242,"standard_error":214638.9245388837}}