{"mean":{"confidence_interval":{"confidence_level":0.95,"lower_bound":85485388.3935,"upper_bound":86025422.7395},"point_estimate":85695897.59,"standard_error":143458.33711459834},"median":{"confidence_interval":{"confidence_level":0.95,"lower_bound":85446328.0,"upper_bound":85583392.0},"point_estimate":85517680.5,"standard_error":38044.98890983223},"median_abs_dev":{"confidence_interval":{"confidence_level":0.95,"lower_bound":256207.3601514101,"upper_bound":434483.33528637886},"point_estimate":338671.0532873869,"standard_error":46946.07534318944},"slope":null,"std_dev":{"confidence_interval":{"confidence_level":0.95,"lower_bound":340815.46247316524,"upper_bound":2386941.76317178},"point_estimate":1446482.1827773002,"standard_error":644697.3373554738}}