{"mean":{"confidence_interval":{"confidence_level":0.95,"lower_bound":100299306.1855,"upper_bound":100993140.8035},"point_estimate":100594181.54,"standard_error":179902.08547649626},"median":{"confidence_interval":{"confidence_level":0.95,"lower_bound":100182469.0,"upper_bound":100279060.0},"point_estimate":100222155.5,"standard_error":25529.99122811827},"median_abs_dev":{"confidence_interval":{"confidence_level":0.95,"lower_bound":220887.38097846508,"upper_bound":387750.30151605606},"point_estimate":304994.5361852646,"standard_error":38572.87428955537},"slope":null,"std_dev":{"confidence_interval":{"confidence_level":0.95,"lower_bound":518181.9326685779,"upper_bound":2825754.432191258},"point_estimate":1815219.3235608188,"standard_error":611698.6267139298}}