{"mean":{"confidence_interval":{"confidence_level":0.95,"lower_bound":84156440.34225,"upper_bound":84381174.921},"point_estimate":84265415.74,"standard_error":57346.708326115295},"median":{"confidence_interval":{"confidence_level":0.95,"lower_bound":84065022.0,"upper_bound":84317773.0},"point_estimate":84177376.0,"standard_error":63603.58947522541},"median_abs_dev":{"confidence_interval":{"confidence_level":0.95,"lower_bound":383387.7510935068,"upper_bound":646301.1703808602},"point_estimate":515064.12645578384,"standard_error":68557.17880204356},"slope":null,"std_dev":{"confidence_interval":{"confidence_level":0.95,"lower_bound":465409.15995816165,"upper_bound":682257.7693414774},"point_estimate":576622.4647987084,"standard_error":55625.5192451324}}