{"mean":{"confidence_interval":{"confidence_level":0.95,"lower_bound":86961462.2905,"upper_bound":87530553.95525},"point_estimate":87241161.23,"standard_error":144923.0905692667},"median":{"confidence_interval":{"confidence_level":0.95,"lower_bound":86458601.0,"upper_bound":87352058.0},"point_estimate":86667488.5,"standard_error":262863.2089232571},"median_abs_dev":{"confidence_interval":{"confidence_level":0.95,"lower_bound":1077349.0620732307,"upper_bound":1866076.4027830204},"point_estimate":1354144.5467591286,"standard_error":212425.96191328796},"slope":null,"std_dev":{"confidence_interval":{"confidence_level":0.95,"lower_bound":1279485.6862984658,"upper_bound":1610749.8910040427},"point_estimate":1459829.158689979,"standard_error":84339.8805543255}}