{"mean":{"confidence_interval":{"confidence_level":0.95,"lower_bound":15240658.8095625,"upper_bound":15271143.9525},"point_estimate":15255259.26,"standard_error":7805.796988208865},"median":{"confidence_interval":{"confidence_level":0.95,"lower_bound":15219623.75,"upper_bound":15248951.25},"point_estimate":15231884.125,"standard_error":8561.392590760652},"median_abs_dev":{"confidence_interval":{"confidence_level":0.95,"lower_bound":36742.16319769621,"upper_bound":66378.59537154436},"point_estimate":51542.77340993285,"standard_error":7536.868368905981},"slope":null,"std_dev":{"confidence_interval":{"confidence_level":0.95,"lower_bound":60436.518906170146,"upper_bound":95580.67558626026},"point_estimate":78889.7851027814,"standard_error":9023.739570796552}}