{"mean":{"confidence_interval":{"confidence_level":0.95,"lower_bound":15967030.916,"upper_bound":15980192.3060625},"point_estimate":15973406.91,"standard_error":3356.078857489436},"median":{"confidence_interval":{"confidence_level":0.95,"lower_bound":15959745.25,"upper_bound":15978217.75},"point_estimate":15969929.0,"standard_error":5520.026868619472},"median_abs_dev":{"confidence_interval":{"confidence_level":0.95,"lower_bound":23283.560783509176,"upper_bound":35408.74984636903},"point_estimate":28285.22762283683,"standard_error":3126.589423883436},"slope":null,"std_dev":{"confidence_interval":{"confidence_level":0.95,"lower_bound":26065.837417322906,"upper_bound":40984.499447861446},"point_estimate":33742.60488078548,"standard_error":3824.7925314872577}}