{"mean":{"confidence_interval":{"confidence_level":0.95,"lower_bound":20093884.743916657,"upper_bound":20151513.540333338},"point_estimate":20118847.51333333,"standard_error":14854.642723661505},"median":{"confidence_interval":{"confidence_level":0.95,"lower_bound":20088764.833333336,"upper_bound":20111220.333333332},"point_estimate":20098292.833333332,"standard_error":5589.0024505728425},"median_abs_dev":{"confidence_interval":{"confidence_level":0.95,"lower_bound":52860.12526154702,"upper_bound":86310.79296767803},"point_estimate":68175.87718963623,"standard_error":8449.35456301603},"slope":null,"std_dev":{"confidence_interval":{"confidence_level":0.95,"lower_bound":73940.67235152422,"upper_bound":225958.69185795076},"point_estimate":148594.63673694336,"standard_error":45870.87215864954}}