{"mean":{"confidence_interval":{"confidence_level":0.95,"lower_bound":11231703.956350006,"upper_bound":11279144.880200002},"point_estimate":11255248.978000004,"standard_error":12100.89235079656},"median":{"confidence_interval":{"confidence_level":0.95,"lower_bound":11216626.5,"upper_bound":11280012.4},"point_estimate":11239916.2,"standard_error":14762.091961238664},"median_abs_dev":{"confidence_interval":{"confidence_level":0.95,"lower_bound":94451.1069631582,"upper_bound":146287.99114286955},"point_estimate":120044.04422879164,"standard_error":13554.043572872852},"slope":null,"std_dev":{"confidence_interval":{"confidence_level":0.95,"lower_bound":103835.92835724515,"upper_bound":137702.68454930006},"point_estimate":121537.93384074408,"standard_error":8671.78584572641}}