{"mean":{"confidence_interval":{"confidence_level":0.95,"lower_bound":15421393.67375,"upper_bound":15514745.8845},"point_estimate":15466530.785,"standard_error":23856.999281085762},"median":{"confidence_interval":{"confidence_level":0.95,"lower_bound":15394545.875,"upper_bound":15503819.5},"point_estimate":15443041.25,"standard_error":26414.32059217791},"median_abs_dev":{"confidence_interval":{"confidence_level":0.95,"lower_bound":178333.4258839488,"upper_bound":286115.66409543157},"point_estimate":236645.7507736981,"standard_error":27872.330636674582},"slope":null,"std_dev":{"confidence_interval":{"confidence_level":0.95,"lower_bound":186111.9548942975,"upper_bound":291331.7584668861},"point_estimate":238643.55730349114,"standard_error":27255.330429688176}}