{"mean":{"confidence_interval":{"confidence_level":0.95,"lower_bound":0.007002440432548463,"upper_bound":0.009353250381446524},"point_estimate":0.007898756241468519,"standard_error":0.0006342679066196246},"median":{"confidence_interval":{"confidence_level":0.95,"lower_bound":0.00669536970735507,"upper_bound":0.008119287927341956},"point_estimate":0.007250526556129788,"standard_error":0.0004457814520460819}}