{"mean":{"confidence_interval":{"confidence_level":0.95,"lower_bound":0.32101034581706867,"upper_bound":0.32180891602232253},"point_estimate":0.3213859710669056,"standard_error":0.00020385534614681018},"median":{"confidence_interval":{"confidence_level":0.95,"lower_bound":0.32079634482351116,"upper_bound":0.3217443383077607},"point_estimate":0.3210781901848552,"standard_error":0.00025158762613665246}}