{"mean":{"confidence_interval":{"confidence_level":0.95,"lower_bound":-0.01770226258499421,"upper_bound":-0.014968667230330628},"point_estimate":-0.01649825273701966,"standard_error":0.0006925361793421284},"median":{"confidence_interval":{"confidence_level":0.95,"lower_bound":-0.017858428663743542,"upper_bound":-0.015244957388788283},"point_estimate":-0.016994391303947087,"standard_error":0.000684853525171742}}