{"mean":{"confidence_interval":{"confidence_level":0.95,"lower_bound":-0.06098181923413861,"upper_bound":-0.04189702145632175},"point_estimate":-0.05403636380000865,"standard_error":0.005387305577407178},"median":{"confidence_interval":{"confidence_level":0.95,"lower_bound":-0.061226759175124434,"upper_bound":-0.05563262374266642},"point_estimate":-0.06010093288627805,"standard_error":0.0013155753350653167}}