{"mean":{"confidence_interval":{"confidence_level":0.95,"lower_bound":-0.008336739823872046,"upper_bound":-0.0066822823338386576},"point_estimate":-0.007409618685339958,"standard_error":0.0004258527757417027},"median":{"confidence_interval":{"confidence_level":0.95,"lower_bound":-0.007727988775830474,"upper_bound":-0.006572354707678807},"point_estimate":-0.007198284127668764,"standard_error":0.00032672639239726366}}