{"mean":{"confidence_interval":{"confidence_level":0.95,"lower_bound":0.011870626393624018,"upper_bound":0.016774980963933015},"point_estimate":0.014498758036717518,"standard_error":0.0012185391569427145},"median":{"confidence_interval":{"confidence_level":0.95,"lower_bound":0.013846891380299375,"upper_bound":0.016034999030577257},"point_estimate":0.015211206025133706,"standard_error":0.0005673983618010986}}