{"mean":{"confidence_interval":{"confidence_level":0.95,"lower_bound":-0.1931821009440685,"upper_bound":-0.19157093273635628},"point_estimate":-0.19234627766743062,"standard_error":0.0004115748936356183},"median":{"confidence_interval":{"confidence_level":0.95,"lower_bound":-0.1933520301647499,"upper_bound":-0.19159132656332067},"point_estimate":-0.19242970778743307,"standard_error":0.0003711381773653239}}