{"mean":{"confidence_interval":{"confidence_level":0.95,"lower_bound":250790861.0,"upper_bound":270977754.33750004},"point_estimate":262732123.4,"standard_error":5385686.69201488},"median":{"confidence_interval":{"confidence_level":0.95,"lower_bound":256743554.0,"upper_bound":272385901.0},"point_estimate":269315473.5,"standard_error":3733203.7418585136},"median_abs_dev":{"confidence_interval":{"confidence_level":0.95,"lower_bound":666543.5896664858,"upper_bound":18639127.519789338},"point_estimate":5302205.23596704,"standard_error":4428905.872622004},"slope":null,"std_dev":{"confidence_interval":{"confidence_level":0.95,"lower_bound":3099962.9234904274,"upper_bound":26687727.52911307},"point_estimate":17919256.38306127,"standard_error":7109745.730861249}}