{"mean":{"confidence_interval":{"confidence_level":0.95,"lower_bound":249858070.9,"upper_bound":264822579.365},"point_estimate":257384868.3,"standard_error":3833976.767514032},"median":{"confidence_interval":{"confidence_level":0.95,"lower_bound":245198027.5,"upper_bound":269511040.0},"point_estimate":257492710.5,"standard_error":7270181.409328017},"median_abs_dev":{"confidence_interval":{"confidence_level":0.95,"lower_bound":1039422.6721465588,"upper_bound":20886915.872383118},"point_estimate":17352036.52203977,"standard_error":5240209.962536466},"slope":null,"std_dev":{"confidence_interval":{"confidence_level":0.95,"lower_bound":8345621.906211514,"upper_bound":14896358.578692729},"point_estimate":12789794.92160424,"standard_error":1676096.3601711022}}