{"mean":{"confidence_interval":{"confidence_level":0.95,"lower_bound":255956086.2,"upper_bound":262196624.1},"point_estimate":259265533.6,"standard_error":1597299.0740943567},"median":{"confidence_interval":{"confidence_level":0.95,"lower_bound":255665374.0,"upper_bound":262960287.0},"point_estimate":260032525.5,"standard_error":1468966.174267085},"median_abs_dev":{"confidence_interval":{"confidence_level":0.95,"lower_bound":490772.467187047,"upper_bound":9438686.590629816},"point_estimate":3220087.052232027,"standard_error":2409286.936612342},"slope":null,"std_dev":{"confidence_interval":{"confidence_level":0.95,"lower_bound":2267144.9139126684,"upper_bound":6885027.296255528},"point_estimate":5326260.776134546,"standard_error":1189492.3794071125}}