{"mean":{"confidence_interval":{"confidence_level":0.95,"lower_bound":275647359.8,"upper_bound":288414138.0},"point_estimate":282086631.9,"standard_error":3253699.105531076},"median":{"confidence_interval":{"confidence_level":0.95,"lower_bound":276973290.0,"upper_bound":290446696.0},"point_estimate":280938249.0,"standard_error":3174232.509957849},"median_abs_dev":{"confidence_interval":{"confidence_level":0.95,"lower_bound":1164273.8985300064,"upper_bound":18638962.209892273},"point_estimate":6157095.361089706,"standard_error":4668935.363761553},"slope":null,"std_dev":{"confidence_interval":{"confidence_level":0.95,"lower_bound":4217606.948026749,"upper_bound":14533311.847607967},"point_estimate":10795761.573386159,"standard_error":2479727.641205359}}