{"mean":{"confidence_interval":{"confidence_level":0.95,"lower_bound":277143753.7,"upper_bound":286537885.7},"point_estimate":281463292.1,"standard_error":2419606.994456783},"median":{"confidence_interval":{"confidence_level":0.95,"lower_bound":274250523.0,"upper_bound":286103005.0},"point_estimate":279397022.5,"standard_error":2981194.006576272},"median_abs_dev":{"confidence_interval":{"confidence_level":0.95,"lower_bound":667555.4641485214,"upper_bound":12795894.866627455},"point_estimate":7816810.434123874,"standard_error":3005352.5295284777},"slope":null,"std_dev":{"confidence_interval":{"confidence_level":0.95,"lower_bound":3487498.804567386,"upper_bound":10626758.482076367},"point_estimate":8044633.823642241,"standard_error":1901646.7168275828}}