{"mean":{"confidence_interval":{"confidence_level":0.95,"lower_bound":327185544.0,"upper_bound":341888281.4825},"point_estimate":334274254.6,"standard_error":3788250.0652043945},"median":{"confidence_interval":{"confidence_level":0.95,"lower_bound":321428357.0,"upper_bound":347267267.0},"point_estimate":331140524.0,"standard_error":6669653.280227093},"median_abs_dev":{"confidence_interval":{"confidence_level":0.95,"lower_bound":825791.1354392767,"upper_bound":21764979.03509438},"point_estimate":14673975.41808486,"standard_error":5204269.019044446},"slope":null,"std_dev":{"confidence_interval":{"confidence_level":0.95,"lower_bound":7633405.241134471,"upper_bound":14727583.901449522},"point_estimate":12623900.180582272,"standard_error":1794636.1025885942}}