{"mean":{"confidence_interval":{"confidence_level":0.95,"lower_bound":266181211.575,"upper_bound":271430517.72},"point_estimate":268684653.1,"standard_error":1340880.3727045585},"median":{"confidence_interval":{"confidence_level":0.95,"lower_bound":265383562.5,"upper_bound":270712472.5},"point_estimate":269046596.5,"standard_error":1464207.514403645},"median_abs_dev":{"confidence_interval":{"confidence_level":0.95,"lower_bound":728090.762373805,"upper_bound":7458334.069088101},"point_estimate":3578586.3975673914,"standard_error":1654770.3824900736},"slope":null,"std_dev":{"confidence_interval":{"confidence_level":0.95,"lower_bound":2064973.3075926371,"upper_bound":6086330.535081858},"point_estimate":4468224.812853048,"standard_error":1081657.0512767062}}