{"mean":{"confidence_interval":{"confidence_level":0.95,"lower_bound":260304574.8725,"upper_bound":278642736.5125},"point_estimate":270520314.2,"standard_error":4759206.050285906},"median":{"confidence_interval":{"confidence_level":0.95,"lower_bound":261104729.5,"upper_bound":280012942.5},"point_estimate":275163933.5,"standard_error":3547833.977884797},"median_abs_dev":{"confidence_interval":{"confidence_level":0.95,"lower_bound":1144759.9176764488,"upper_bound":19482738.024312258},"point_estimate":3492482.9214960337,"standard_error":4995744.075089822},"slope":null,"std_dev":{"confidence_interval":{"confidence_level":0.95,"lower_bound":3714189.730670441,"upper_bound":21128989.28198962},"point_estimate":15818670.475672929,"standard_error":4687790.526601961}}