{"mean":{"confidence_interval":{"confidence_level":0.95,"lower_bound":259340249.9,"upper_bound":270611380.3},"point_estimate":264798832.0,"standard_error":2887894.473916012},"median":{"confidence_interval":{"confidence_level":0.95,"lower_bound":258780738.0,"upper_bound":271338667.0},"point_estimate":264287732.0,"standard_error":2819554.219697484},"median_abs_dev":{"confidence_interval":{"confidence_level":0.95,"lower_bound":523664.68890309334,"upper_bound":16609582.331120968},"point_estimate":6283944.390937686,"standard_error":4160453.166000645},"slope":null,"std_dev":{"confidence_interval":{"confidence_level":0.95,"lower_bound":4483392.394010256,"upper_bound":12661324.800879732},"point_estimate":9619258.907011865,"standard_error":2067215.2425329864}}