{"mean":{"confidence_interval":{"confidence_level":0.95,"lower_bound":256147666.44,"upper_bound":271171924.2025},"point_estimate":263498365.3,"standard_error":3831699.8906810386},"median":{"confidence_interval":{"confidence_level":0.95,"lower_bound":257944822.5,"upper_bound":272207823.5},"point_estimate":259492776.5,"standard_error":3891978.899465618},"median_abs_dev":{"confidence_interval":{"confidence_level":0.95,"lower_bound":465399.25123751163,"upper_bound":22577489.039969444},"point_estimate":4262902.654418349,"standard_error":6449002.2776491195},"slope":null,"std_dev":{"confidence_interval":{"confidence_level":0.95,"lower_bound":5552036.116073221,"upper_bound":16835528.549749263},"point_estimate":12752513.799611006,"standard_error":2794020.7353485604}}