{"mean":{"confidence_interval":{"confidence_level":0.95,"lower_bound":308590815.9,"upper_bound":318433752.2},"point_estimate":313760643.2,"standard_error":2514749.882762852},"median":{"confidence_interval":{"confidence_level":0.95,"lower_bound":307901268.0,"upper_bound":319906880.5},"point_estimate":313949041.5,"standard_error":2907105.327002889},"median_abs_dev":{"confidence_interval":{"confidence_level":0.95,"lower_bound":1017996.8786269426,"upper_bound":13998678.558173776},"point_estimate":8133160.944807529,"standard_error":3090103.0063311355},"slope":null,"std_dev":{"confidence_interval":{"confidence_level":0.95,"lower_bound":4057900.333066798,"upper_bound":11205542.749696065},"point_estimate":8352986.321168133,"standard_error":1905826.1493902712}}