{"mean":{"confidence_interval":{"confidence_level":0.95,"lower_bound":252060546.0675,"upper_bound":263861320.02749997},"point_estimate":257976932.7,"standard_error":3028028.0089548286},"median":{"confidence_interval":{"confidence_level":0.95,"lower_bound":249912267.0,"upper_bound":268470038.0},"point_estimate":255854118.0,"standard_error":5075918.69907353},"median_abs_dev":{"confidence_interval":{"confidence_level":0.95,"lower_bound":2776459.0403079987,"upper_bound":16285064.918482304},"point_estimate":12496726.948338747,"standard_error":3955774.558086424},"slope":null,"std_dev":{"confidence_interval":{"confidence_level":0.95,"lower_bound":6357027.19979726,"upper_bound":12159323.627323585},"point_estimate":10096135.194370512,"standard_error":1486599.5035904178}}