{"mean":{"confidence_interval":{"confidence_level":0.95,"lower_bound":-0.11856901377874592,"upper_bound":-0.05844311106057816},"point_estimate":-0.09119547950562945,"standard_error":0.015217718262459512},"median":{"confidence_interval":{"confidence_level":0.95,"lower_bound":-0.11699077969778293,"upper_bound":-0.09278772314005612},"point_estimate":-0.09773013525107277,"standard_error":0.0070021808171579275}}