{"mean":{"confidence_interval":{"confidence_level":0.95,"lower_bound":-0.04879008500469096,"upper_bound":-0.04260943511467913},"point_estimate":-0.04543785050007321,"standard_error":0.0015964828809058142},"median":{"confidence_interval":{"confidence_level":0.95,"lower_bound":-0.0496543454733267,"upper_bound":-0.04092351625218582},"point_estimate":-0.04344732648879013,"standard_error":0.0021701246886633285}}