{"mean":{"confidence_interval":{"confidence_level":0.95,"lower_bound":0.015771751680323933,"upper_bound":0.17834068888608562},"point_estimate":0.10043403198923273,"standard_error":0.04235136087677905},"median":{"confidence_interval":{"confidence_level":0.95,"lower_bound":-0.025788646942210502,"upper_bound":0.20513102221447665},"point_estimate":0.0661433859724645,"standard_error":0.08707646492479384}}