{"mean":{"confidence_interval":{"confidence_level":0.95,"lower_bound":-0.20596563425066805,"upper_bound":-0.18371353525440856},"point_estimate":-0.1948619465453716,"standard_error":0.0057078668577752135},"median":{"confidence_interval":{"confidence_level":0.95,"lower_bound":-0.21227791709960608,"upper_bound":-0.18020376800422844},"point_estimate":-0.19185540320453132,"standard_error":0.008892093258917981}}