{"mean":{"confidence_interval":{"confidence_level":0.95,"lower_bound":-0.004038133838564965,"upper_bound":0.01482862221220178},"point_estimate":0.005444478634169192,"standard_error":0.004813729513023591},"median":{"confidence_interval":{"confidence_level":0.95,"lower_bound":-0.009808183780280144,"upper_bound":0.019229116853200834},"point_estimate":0.007862576031781865,"standard_error":0.007985613767611787}}