{"mean":{"confidence_interval":{"confidence_level":0.95,"lower_bound":3095965676.3,"upper_bound":3131468619.2625},"point_estimate":3113715984.4,"standard_error":9071694.073691854},"median":{"confidence_interval":{"confidence_level":0.95,"lower_bound":3098911421.5,"upper_bound":3131181709.0},"point_estimate":3112405537.0,"standard_error":7785770.876336621},"median_abs_dev":{"confidence_interval":{"confidence_level":0.95,"lower_bound":2210255.5929601192,"upper_bound":52791013.61667216},"point_estimate":19516974.96420443,"standard_error":12257477.863833616},"slope":null,"std_dev":{"confidence_interval":{"confidence_level":0.95,"lower_bound":12134504.948277514,"upper_bound":41571716.7022969},"point_estimate":30332622.421902895,"standard_error":7325856.453071537}}