{"mean":{"confidence_interval":{"confidence_level":0.95,"lower_bound":2902913441.58,"upper_bound":2930013558.8},"point_estimate":2916564643.5,"standard_error":6948078.989403049},"median":{"confidence_interval":{"confidence_level":0.95,"lower_bound":2897384263.5,"upper_bound":2933572117.5},"point_estimate":2921398990.5,"standard_error":11365306.99003872},"median_abs_dev":{"confidence_interval":{"confidence_level":0.95,"lower_bound":2473890.778979659,"upper_bound":38737160.84177792},"point_estimate":28130531.65898323,"standard_error":9714950.189430239},"slope":null,"std_dev":{"confidence_interval":{"confidence_level":0.95,"lower_bound":13849181.968739627,"upper_bound":29282921.64075849},"point_estimate":23255624.493257344,"standard_error":4040716.7446843665}}