{"mean":{"confidence_interval":{"confidence_level":0.95,"lower_bound":14274.552006839958,"upper_bound":14316.31113176941},"point_estimate":14293.13104492536,"standard_error":10.787235876866278},"median":{"confidence_interval":{"confidence_level":0.95,"lower_bound":14263.633394044979,"upper_bound":14305.409405151566},"point_estimate":14293.887033444198,"standard_error":11.036480084394526},"median_abs_dev":{"confidence_interval":{"confidence_level":0.95,"lower_bound":2.078207235831755,"upper_bound":49.03724459504827},"point_estimate":31.33578726703374,"standard_error":12.745678934522248},"slope":{"confidence_interval":{"confidence_level":0.95,"lower_bound":14267.770198593305,"upper_bound":14304.502054337367},"point_estimate":14286.817607131545,"standard_error":9.85977545635741},"std_dev":{"confidence_interval":{"confidence_level":0.95,"lower_bound":14.653105531925876,"upper_bound":51.23568592023927},"point_estimate":36.13584229692167,"standard_error":11.059157193713654}}