{"mean":{"confidence_interval":{"confidence_level":0.95,"lower_bound":16478.866754418734,"upper_bound":16531.04906834609},"point_estimate":16503.87383243093,"standard_error":13.016808557781774},"median":{"confidence_interval":{"confidence_level":0.95,"lower_bound":16476.763119533527,"upper_bound":16534.463890913506},"point_estimate":16479.821597771763,"standard_error":16.494316152233967},"median_abs_dev":{"confidence_interval":{"confidence_level":0.95,"lower_bound":0.7594645637758309,"upper_bound":69.07075234517609},"point_estimate":5.592284047949321,"standard_error":17.56071936321287},"slope":{"confidence_interval":{"confidence_level":0.95,"lower_bound":16478.640023553813,"upper_bound":16546.26638929165},"point_estimate":16504.869869088638,"standard_error":17.69305438171922},"std_dev":{"confidence_interval":{"confidence_level":0.95,"lower_bound":2.4464936413368212,"upper_bound":52.98973813403617},"point_estimate":43.45564868629821,"standard_error":10.580305909157438}}