{"mean":{"confidence_interval":{"confidence_level":0.95,"lower_bound":3338499573.1,"upper_bound":3393115028.1725},"point_estimate":3366117682.2,"standard_error":13987486.842624897},"median":{"confidence_interval":{"confidence_level":0.95,"lower_bound":3328387859.0,"upper_bound":3407222130.5},"point_estimate":3365977590.0,"standard_error":25128338.94369639},"median_abs_dev":{"confidence_interval":{"confidence_level":0.95,"lower_bound":5972726.6413629055,"upper_bound":74613234.3541503},"point_estimate":52138138.857463,"standard_error":18064523.64237852},"slope":null,"std_dev":{"confidence_interval":{"confidence_level":0.95,"lower_bound":29925011.029177837,"upper_bound":55262325.727983356},"point_estimate":46210393.4804036,"standard_error":6591920.938155418}}