{"mean":{"confidence_interval":{"confidence_level":0.95,"lower_bound":2836773274.33,"upper_bound":2878901146.4},"point_estimate":2857694624.3,"standard_error":10737362.177314641},"median":{"confidence_interval":{"confidence_level":0.95,"lower_bound":2829630950.5,"upper_bound":2877226577.0},"point_estimate":2859324728.0,"standard_error":11782521.01154653},"median_abs_dev":{"confidence_interval":{"confidence_level":0.95,"lower_bound":7474036.285409331,"upper_bound":63137311.58748865},"point_estimate":27529544.933652878,"standard_error":14350084.07958687},"slope":null,"std_dev":{"confidence_interval":{"confidence_level":0.95,"lower_bound":16464528.208686786,"upper_bound":47261440.90711834},"point_estimate":35672737.47003979,"standard_error":7691852.707923615}}