{"mean":{"confidence_interval":{"confidence_level":0.95,"lower_bound":2572387716.84,"upper_bound":2611278831.3725},"point_estimate":2590729793.5,"standard_error":9947247.351181146},"median":{"confidence_interval":{"confidence_level":0.95,"lower_bound":2565372929.0,"upper_bound":2607439480.0},"point_estimate":2588682987.5,"standard_error":11152246.816132085},"median_abs_dev":{"confidence_interval":{"confidence_level":0.95,"lower_bound":5789157.784321904,"upper_bound":53182324.382025},"point_estimate":27689586.411711574,"standard_error":11293410.444256349},"slope":null,"std_dev":{"confidence_interval":{"confidence_level":0.95,"lower_bound":14803917.522990022,"upper_bound":45569753.191894084},"point_estimate":33178623.842892263,"standard_error":8397010.065869274}}