{"mean":{"confidence_interval":{"confidence_level":0.95,"lower_bound":7030636.07928125,"upper_bound":7088351.723656249},"point_estimate":7055652.52875,"standard_error":14847.101088135765},"median":{"confidence_interval":{"confidence_level":0.95,"lower_bound":7009436.25,"upper_bound":7020542.0},"point_estimate":7015244.0,"standard_error":2874.4637190566823},"median_abs_dev":{"confidence_interval":{"confidence_level":0.95,"lower_bound":15497.154212370515,"upper_bound":31430.28547950089},"point_estimate":22042.833096161485,"standard_error":4059.741580428616},"slope":null,"std_dev":{"confidence_interval":{"confidence_level":0.95,"lower_bound":66766.56209872328,"upper_bound":226540.059965167},"point_estimate":148799.9118094898,"standard_error":45770.795219635394}}