{"mean":{"confidence_interval":{"confidence_level":0.95,"lower_bound":8115221.624750003,"upper_bound":8406837.010178572},"point_estimate":8256274.64571429,"standard_error":74036.025054351},"median":{"confidence_interval":{"confidence_level":0.95,"lower_bound":7975651.142857143,"upper_bound":8231996.428571428},"point_estimate":8125052.642857143,"standard_error":66638.00910538544},"median_abs_dev":{"confidence_interval":{"confidence_level":0.95,"lower_bound":401792.5353667568,"upper_bound":780317.5703465939},"point_estimate":552026.2968995733,"standard_error":100651.90846537375},"slope":null,"std_dev":{"confidence_interval":{"confidence_level":0.95,"lower_bound":586201.2884067325,"upper_bound":902524.6209151837},"point_estimate":742998.7084284462,"standard_error":81926.80592637199}}