{"mean":{"confidence_interval":{"confidence_level":0.95,"lower_bound":7310349.133107145,"upper_bound":7366342.706892858},"point_estimate":7337062.527142856,"standard_error":14281.71644304542},"median":{"confidence_interval":{"confidence_level":0.95,"lower_bound":7289642.0,"upper_bound":7332192.214285715},"point_estimate":7310861.571428571,"standard_error":12137.496282906843},"median_abs_dev":{"confidence_interval":{"confidence_level":0.95,"lower_bound":85583.08348059516,"upper_bound":141723.8494838995},"point_estimate":113483.70878526183,"standard_error":14041.227089650965},"slope":null,"std_dev":{"confidence_interval":{"confidence_level":0.95,"lower_bound":104105.4393833955,"upper_bound":181569.1960333507},"point_estimate":143641.2008112904,"standard_error":19992.128550675698}}