{"mean":{"confidence_interval":{"confidence_level":0.95,"lower_bound":7075879.423781251,"upper_bound":7122641.64071875},"point_estimate":7099013.98125,"standard_error":11981.561361638083},"median":{"confidence_interval":{"confidence_level":0.95,"lower_bound":7073756.625,"upper_bound":7130451.9375},"point_estimate":7111418.625,"standard_error":16456.864993534356},"median_abs_dev":{"confidence_interval":{"confidence_level":0.95,"lower_bound":93496.46084010601,"upper_bound":163463.15663857386},"point_estimate":137367.42802374065,"standard_error":17582.73613054897},"slope":null,"std_dev":{"confidence_interval":{"confidence_level":0.95,"lower_bound":103301.8286919454,"upper_bound":136248.51123644973},"point_estimate":120275.16646148871,"standard_error":8431.304253548278}}