{"mean":{"confidence_interval":{"confidence_level":0.95,"lower_bound":3471504.6331833326,"upper_bound":3482376.9984},"point_estimate":3475836.308,"standard_error":2875.7438174274134},"median":{"confidence_interval":{"confidence_level":0.95,"lower_bound":3470547.8666666667,"upper_bound":3473047.2},"point_estimate":3471515.6333333333,"standard_error":582.7187765749044},"median_abs_dev":{"confidence_interval":{"confidence_level":0.95,"lower_bound":4254.073524475328,"upper_bound":8934.683648377868},"point_estimate":6521.759604215323,"standard_error":1212.3646023539704},"slope":null,"std_dev":{"confidence_interval":{"confidence_level":0.95,"lower_bound":6390.876063709419,"upper_bound":47167.78988521786},"point_estimate":28856.551196295928,"standard_error":12120.681270156165}}