{"mean":{"confidence_interval":{"confidence_level":0.95,"lower_bound":3571803.9022142845,"upper_bound":3577153.0068214284},"point_estimate":3574266.692142859,"standard_error":1370.7079729091372},"median":{"confidence_interval":{"confidence_level":0.95,"lower_bound":3570020.4285714286,"upper_bound":3574009.670535714},"point_estimate":3571623.4285714286,"standard_error":1136.5748098047147},"median_abs_dev":{"confidence_interval":{"confidence_level":0.95,"lower_bound":6824.301778844523,"upper_bound":11677.169192688609},"point_estimate":8590.290147492111,"standard_error":1187.869499286734},"slope":null,"std_dev":{"confidence_interval":{"confidence_level":0.95,"lower_bound":8513.490259274704,"upper_bound":19616.02074066262},"point_estimate":13783.856628547346,"standard_error":3227.5566548250354}}