{"mean":{"confidence_interval":{"confidence_level":0.95,"lower_bound":3488054.0033499994,"upper_bound":3491325.496416665},"point_estimate":3489678.712666665,"standard_error":834.1265204170289},"median":{"confidence_interval":{"confidence_level":0.95,"lower_bound":3487589.8,"upper_bound":3491805.3666666667},"point_estimate":3490239.1,"standard_error":958.0438880339127},"median_abs_dev":{"confidence_interval":{"confidence_level":0.95,"lower_bound":6482.618964910346,"upper_bound":11092.365752071244},"point_estimate":8527.519688606355,"standard_error":1226.8076162195512},"slope":null,"std_dev":{"confidence_interval":{"confidence_level":0.95,"lower_bound":7209.21894173418,"upper_bound":9515.328472173145},"point_estimate":8398.264650236733,"standard_error":588.3122215320036}}