{"mean":{"confidence_interval":{"confidence_level":0.95,"lower_bound":3421047.177116667,"upper_bound":3493406.346416667},"point_estimate":3454287.3753333325,"standard_error":18614.45542483015},"median":{"confidence_interval":{"confidence_level":0.95,"lower_bound":3389839.3333333335,"upper_bound":3399102.066666667},"point_estimate":3394096.8,"standard_error":2060.0533737450496},"median_abs_dev":{"confidence_interval":{"confidence_level":0.95,"lower_bound":14309.511325955345,"upper_bound":25715.647123456187},"point_estimate":19305.082517266066,"standard_error":2935.608098738038},"slope":null,"std_dev":{"confidence_interval":{"confidence_level":0.95,"lower_bound":114219.72206421148,"upper_bound":243188.76439350375},"point_estimate":186741.84081421146,"standard_error":32985.20697215415}}