{"mean":{"confidence_interval":{"confidence_level":0.95,"lower_bound":4004872.6345769214,"upper_bound":4081433.5229423074},"point_estimate":4042873.816153846,"standard_error":19538.09278880694},"median":{"confidence_interval":{"confidence_level":0.95,"lower_bound":3952214.5384615385,"upper_bound":4079963.769230769},"point_estimate":4003710.692307692,"standard_error":37616.807777084105},"median_abs_dev":{"confidence_interval":{"confidence_level":0.95,"lower_bound":159819.7352745556,"upper_bound":277182.9564867106},"point_estimate":205136.86611193832,"standard_error":32408.555931117095},"slope":null,"std_dev":{"confidence_interval":{"confidence_level":0.95,"lower_bound":174792.41162504145,"upper_bound":216055.20652345402},"point_estimate":197170.38075886862,"standard_error":10479.42347206146}}