{"mean":{"confidence_interval":{"confidence_level":0.95,"lower_bound":3465921.9506000006,"upper_bound":3483240.7112999987},"point_estimate":3474432.960666667,"standard_error":4415.816560671375},"median":{"confidence_interval":{"confidence_level":0.95,"lower_bound":3441761.533333333,"upper_bound":3503514.2666666666},"point_estimate":3490370.5,"standard_error":24154.94972113406},"median_abs_dev":{"confidence_interval":{"confidence_level":0.95,"lower_bound":22776.589120134347,"upper_bound":61904.82524096906},"point_estimate":57935.90511143217,"standard_error":11705.988875203262},"slope":null,"std_dev":{"confidence_interval":{"confidence_level":0.95,"lower_bound":38540.20842811358,"upper_bound":52344.13226769478},"point_estimate":44325.71563940273,"standard_error":3928.2996193127947}}