{"mean":{"confidence_interval":{"confidence_level":0.95,"lower_bound":3335065.5715333335,"upper_bound":3365938.475849998},"point_estimate":3347011.7666666675,"standard_error":8232.039559139646},"median":{"confidence_interval":{"confidence_level":0.95,"lower_bound":3332027.066666667,"upper_bound":3339715.8},"point_estimate":3335812.0,"standard_error":2059.5140547807005},"median_abs_dev":{"confidence_interval":{"confidence_level":0.95,"lower_bound":12420.333019494872,"upper_bound":19014.75237742091},"point_estimate":16079.785114526518,"standard_error":1659.6131263697748},"slope":null,"std_dev":{"confidence_interval":{"confidence_level":0.95,"lower_bound":16127.895507935951,"upper_bound":136888.82835823152},"point_estimate":82659.11754972879,"standard_error":37422.83970990276}}