{"mean":{"confidence_interval":{"confidence_level":0.95,"lower_bound":114303633.75,"upper_bound":121077747.1875},"point_estimate":117942296.5,"standard_error":1754209.2482990727},"median":{"confidence_interval":{"confidence_level":0.95,"lower_bound":113595113.5,"upper_bound":121197221.5},"point_estimate":119364638.5,"standard_error":1393338.0756780861},"median_abs_dev":{"confidence_interval":{"confidence_level":0.95,"lower_bound":256864.15193974972,"upper_bound":9117224.075236917},"point_estimate":1120332.6005101204,"standard_error":2422652.454984124},"slope":null,"std_dev":{"confidence_interval":{"confidence_level":0.95,"lower_bound":1646628.8503265763,"upper_bound":7568693.403886117},"point_estimate":5871847.812873393,"standard_error":1482982.234610824}}