{"mean":{"confidence_interval":{"confidence_level":0.95,"lower_bound":137367070.755,"upper_bound":145412220.5},"point_estimate":141460568.4,"standard_error":2062721.1544353866},"median":{"confidence_interval":{"confidence_level":0.95,"lower_bound":134565572.0,"upper_bound":148487449.5},"point_estimate":140609392.0,"standard_error":3649386.4640148645},"median_abs_dev":{"confidence_interval":{"confidence_level":0.95,"lower_bound":981086.0696822405,"upper_bound":11846904.121175408},"point_estimate":9897235.488688946,"standard_error":3184427.9145707316},"slope":null,"std_dev":{"confidence_interval":{"confidence_level":0.95,"lower_bound":4268003.155717561,"upper_bound":8133216.08372565},"point_estimate":6851268.617240771,"standard_error":978994.1903132938}}