{"mean":{"confidence_interval":{"confidence_level":0.95,"lower_bound":123934534.965,"upper_bound":129035459.6875},"point_estimate":126499211.1,"standard_error":1310986.0427998018},"median":{"confidence_interval":{"confidence_level":0.95,"lower_bound":122208527.5,"upper_bound":130201472.0},"point_estimate":127312398.5,"standard_error":1913611.6307749604},"median_abs_dev":{"confidence_interval":{"confidence_level":0.95,"lower_bound":460332.46582746506,"upper_bound":7701206.183776259},"point_estimate":5470133.404585719,"standard_error":1898244.6763252069},"slope":null,"std_dev":{"confidence_interval":{"confidence_level":0.95,"lower_bound":2615776.221619989,"upper_bound":5364649.103038388},"point_estimate":4366904.774478764,"standard_error":701897.1581200059}}