{"mean":{"confidence_interval":{"confidence_level":0.95,"lower_bound":15908.753427841679,"upper_bound":15932.514458645443},"point_estimate":15918.78110569781,"standard_error":6.182732888912336},"median":{"confidence_interval":{"confidence_level":0.95,"lower_bound":15903.377615440117,"upper_bound":15911.549019607843},"point_estimate":15906.722641379783,"standard_error":1.9588991332421184},"median_abs_dev":{"confidence_interval":{"confidence_level":0.95,"lower_bound":11.29702402846756,"upper_bound":20.476155971316828},"point_estimate":14.788351228530434,"standard_error":2.1961828129190617},"slope":{"confidence_interval":{"confidence_level":0.95,"lower_bound":15908.968052388998,"upper_bound":15953.839607397445},"point_estimate":15927.252850598492,"standard_error":11.918737704997383},"std_dev":{"confidence_interval":{"confidence_level":0.95,"lower_bound":16.667169162401922,"upper_bound":97.16279694755131},"point_estimate":62.36725562774669,"standard_error":21.818360349650263}}