{"mean":{"confidence_interval":{"confidence_level":0.95,"lower_bound":17721.19492057316,"upper_bound":17757.749160240422},"point_estimate":17739.07619754414,"standard_error":9.33421035333957},"median":{"confidence_interval":{"confidence_level":0.95,"lower_bound":17684.508302577648,"upper_bound":17791.301193925916},"point_estimate":17776.400799793602,"standard_error":34.0359646487012},"median_abs_dev":{"confidence_interval":{"confidence_level":0.95,"lower_bound":50.28979764876855,"upper_bound":140.15631858603325},"point_estimate":119.16843802468757,"standard_error":24.532482479284383},"slope":{"confidence_interval":{"confidence_level":0.95,"lower_bound":17705.784333733158,"upper_bound":17758.779587251192},"point_estimate":17730.640906722252,"standard_error":13.543918114450683},"std_dev":{"confidence_interval":{"confidence_level":0.95,"lower_bound":79.92938244164198,"upper_bound":110.05343024136286},"point_estimate":93.64877845810153,"standard_error":7.985251027172203}}