{"mean":{"confidence_interval":{"confidence_level":0.95,"lower_bound":18661.491711356393,"upper_bound":18724.674363642684},"point_estimate":18691.745876658348,"standard_error":16.169504104632203},"median":{"confidence_interval":{"confidence_level":0.95,"lower_bound":18583.257904245707,"upper_bound":18728.732839506174},"point_estimate":18718.442129629628,"standard_error":53.99537391800359},"median_abs_dev":{"confidence_interval":{"confidence_level":0.95,"lower_bound":64.67751323378631,"upper_bound":242.32675638118428},"point_estimate":232.05468191929677,"standard_error":60.42384961934169},"slope":{"confidence_interval":{"confidence_level":0.95,"lower_bound":18635.470633294673,"upper_bound":18711.18120014105},"point_estimate":18671.531173341216,"standard_error":19.369256146061634},"std_dev":{"confidence_interval":{"confidence_level":0.95,"lower_bound":123.51831975355978,"upper_bound":210.71467924970912},"point_estimate":162.63787967536334,"standard_error":25.148445745676874}}