{"mean":{"confidence_interval":{"confidence_level":0.95,"lower_bound":16195.931335876303,"upper_bound":16267.069695739361},"point_estimate":16226.382416639475,"standard_error":18.389239032412167},"median":{"confidence_interval":{"confidence_level":0.95,"lower_bound":16188.2170781893,"upper_bound":16204.268055555556},"point_estimate":16195.341482564436,"standard_error":4.073232004743592},"median_abs_dev":{"confidence_interval":{"confidence_level":0.95,"lower_bound":25.639382296518274,"upper_bound":52.91503773722356},"point_estimate":39.47312913326625,"standard_error":7.154078631439678},"slope":{"confidence_interval":{"confidence_level":0.95,"lower_bound":16177.728084364142,"upper_bound":16264.796194362278},"point_estimate":16212.679599089262,"standard_error":22.952003665165552},"std_dev":{"confidence_interval":{"confidence_level":0.95,"lower_bound":41.581298734705825,"upper_bound":277.61037483226005},"point_estimate":184.0918701632567,"standard_error":59.64587398779219}}