{"mean":{"confidence_interval":{"confidence_level":0.95,"lower_bound":260641789.06,"upper_bound":267607353.1},"point_estimate":264241055.6,"standard_error":1789292.4781035846},"median":{"confidence_interval":{"confidence_level":0.95,"lower_bound":258888323.0,"upper_bound":269006065.0},"point_estimate":266468383.0,"standard_error":2705910.7666795747},"median_abs_dev":{"confidence_interval":{"confidence_level":0.95,"lower_bound":961724.7966259718,"upper_bound":9744853.122094274},"point_estimate":4901551.125580072,"standard_error":2412300.7339319405},"slope":null,"std_dev":{"confidence_interval":{"confidence_level":0.95,"lower_bound":3101213.2387091294,"upper_bound":7207150.47566845},"point_estimate":5966183.491101051,"standard_error":1006082.6509119929}}