{"mean":{"confidence_interval":{"confidence_level":0.95,"lower_bound":251095748.425,"upper_bound":266492674.1},"point_estimate":258549654.2,"standard_error":3933067.660720688},"median":{"confidence_interval":{"confidence_level":0.95,"lower_bound":248145138.5,"upper_bound":271740474.0},"point_estimate":252041462.0,"standard_error":6855988.685254977},"median_abs_dev":{"confidence_interval":{"confidence_level":0.95,"lower_bound":639190.3614521027,"upper_bound":22360681.032818556},"point_estimate":11931022.39588201,"standard_error":5399473.431077682},"slope":null,"std_dev":{"confidence_interval":{"confidence_level":0.95,"lower_bound":7618819.541561953,"upper_bound":15431074.357534891},"point_estimate":13081215.344717866,"standard_error":1953821.1202178216}}