{"mean":{"confidence_interval":{"confidence_level":0.95,"lower_bound":303816133.8,"upper_bound":313592056.36},"point_estimate":308577556.0,"standard_error":2510583.980499558},"median":{"confidence_interval":{"confidence_level":0.95,"lower_bound":301771166.5,"upper_bound":315004003.0},"point_estimate":308696021.0,"standard_error":3183017.8766316026},"median_abs_dev":{"confidence_interval":{"confidence_level":0.95,"lower_bound":1389583.1339299679,"upper_bound":15136640.754970908},"point_estimate":7451432.566210628,"standard_error":3419436.616114621},"slope":null,"std_dev":{"confidence_interval":{"confidence_level":0.95,"lower_bound":4589969.071433763,"upper_bound":10570236.701209912},"point_estimate":8345456.011519736,"standard_error":1549582.7979813246}}