{"mean":{"confidence_interval":{"confidence_level":0.95,"lower_bound":302994651.3,"upper_bound":310027259.88750005},"point_estimate":306612477.6,"standard_error":1799596.8024837286},"median":{"confidence_interval":{"confidence_level":0.95,"lower_bound":301472680.0,"upper_bound":311468567.5},"point_estimate":306915208.5,"standard_error":2277947.8863101467},"median_abs_dev":{"confidence_interval":{"confidence_level":0.95,"lower_bound":798398.6183255911,"upper_bound":10224737.375074625},"point_estimate":6561429.284611344,"standard_error":2351689.486679562},"slope":null,"std_dev":{"confidence_interval":{"confidence_level":0.95,"lower_bound":3205386.215988409,"upper_bound":7641529.958179928},"point_estimate":5981528.38400607,"standard_error":1130076.9174504778}}