{"mean":{"confidence_interval":{"confidence_level":0.95,"lower_bound":254560212.0,"upper_bound":274034165.4},"point_estimate":264711964.3,"standard_error":4969497.303870455},"median":{"confidence_interval":{"confidence_level":0.95,"lower_bound":251526670.0,"upper_bound":276001252.5},"point_estimate":266543875.0,"standard_error":5170926.165703096},"median_abs_dev":{"confidence_interval":{"confidence_level":0.95,"lower_bound":1236864.9584412575,"upper_bound":27791988.850593567},"point_estimate":16595158.857277036,"standard_error":7540110.932653733},"slope":null,"std_dev":{"confidence_interval":{"confidence_level":0.95,"lower_bound":8020019.090828971,"upper_bound":21934409.83959083},"point_estimate":16555791.649872506,"standard_error":3626687.7054293985}}