{"mean":{"confidence_interval":{"confidence_level":0.95,"lower_bound":258432077.5825,"upper_bound":282650076.56},"point_estimate":271117688.5,"standard_error":6214254.867756377},"median":{"confidence_interval":{"confidence_level":0.95,"lower_bound":254403278.0,"upper_bound":285796278.0},"point_estimate":279519972.0,"standard_error":8656591.085389446},"median_abs_dev":{"confidence_interval":{"confidence_level":0.95,"lower_bound":1620130.3950369358,"upper_bound":33994215.29618204},"point_estimate":19213820.3345865,"standard_error":8361890.389398345},"slope":null,"std_dev":{"confidence_interval":{"confidence_level":0.95,"lower_bound":10291880.135541439,"upper_bound":25610250.3752152},"point_estimate":20648170.26537976,"standard_error":3845996.2868258054}}