{"mean":{"confidence_interval":{"confidence_level":0.95,"lower_bound":257737667.5,"upper_bound":272251690.31},"point_estimate":265530321.6,"standard_error":3750473.9833840593},"median":{"confidence_interval":{"confidence_level":0.95,"lower_bound":256714515.5,"upper_bound":273696794.0},"point_estimate":269066801.0,"standard_error":4296537.615268752},"median_abs_dev":{"confidence_interval":{"confidence_level":0.95,"lower_bound":1121015.3377979994,"upper_bound":19906814.990383387},"point_estimate":7316249.100610614,"standard_error":4878361.332613595},"slope":null,"std_dev":{"confidence_interval":{"confidence_level":0.95,"lower_bound":4902007.492273568,"upper_bound":16395908.765098257},"point_estimate":12551310.80840388,"standard_error":2969726.7171360906}}