{"mean":{"confidence_interval":{"confidence_level":0.95,"lower_bound":256387873.0,"upper_bound":264298963.6225},"point_estimate":260227090.3,"standard_error":2035601.4068816726},"median":{"confidence_interval":{"confidence_level":0.95,"lower_bound":253989854.0,"upper_bound":266423397.0},"point_estimate":258853880.5,"standard_error":3220562.5178326336},"median_abs_dev":{"confidence_interval":{"confidence_level":0.95,"lower_bound":1450607.6901465654,"upper_bound":11889482.909819484},"point_estimate":7992193.115410209,"standard_error":2581992.7086232626},"slope":null,"std_dev":{"confidence_interval":{"confidence_level":0.95,"lower_bound":3936498.948308566,"upper_bound":8130619.372742373},"point_estimate":6788368.035521302,"standard_error":1055352.922021782}}